date,year,month,month_name,day_of_week,age,age_group,gender,race,threat_level,flee,armed,armed_status,manner_of_death,signs_of_mental_illness,body_camera,state,city
2015-01-02,2015,1,January,Friday,53.0,46-55,M,A,attack,Not fleeing,gun,Armed,shot,True,False,WA,Shelton
2015-01-02,2015,1,January,Friday,47.0,46-55,M,W,attack,Not fleeing,gun,Armed,shot,False,False,OR,Aloha
2015-01-03,2015,1,January,Saturday,23.0,18-25,M,H,other,Not fleeing,unarmed,Unarmed/Unknown,shot and Tasered,False,False,KS,Wichita
2015-01-04,2015,1,January,Sunday,32.0,26-35,M,W,attack,Not fleeing,toy weapon,Armed,shot,True,False,CA,San Francisco
2015-01-04,2015,1,January,Sunday,39.0,36-45,M,H,attack,Not fleeing,nail gun,Armed,shot,False,False,CO,Evans
2015-01-04,2015,1,January,Sunday,18.0,18-25,M,W,attack,Not fleeing,gun,Armed,shot,False,False,OK,Guthrie
2015-01-05,2015,1,January,Monday,22.0,18-25,M,H,attack,Car,gun,Armed,shot,False,False,AZ,Chandler
2015-01-06,2015,1,January,Tuesday,35.0,26-35,M,W,attack,Not fleeing,gun,Armed,shot,False,False,KS,Assaria
2015-01-06,2015,1,January,Tuesday,34.0,26-35,F,W,other,Not fleeing,unarmed,Unarmed/Unknown,shot,False,True,IA,Burlington
2015-01-06,2015,1,January,Tuesday,47.0,46-55,M,B,attack,Not fleeing,toy weapon,Armed,shot,False,False,PA,Knoxville
2015-01-06,2015,1,January,Tuesday,25.0,18-25,M,W,attack,Not fleeing,knife,Armed,shot and Tasered,False,False,CA,Stockton
2015-01-07,2015,1,January,Wednesday,31.0,26-35,M,B,attack,Not fleeing,gun,Armed,shot,False,False,TX,Freeport
2015-01-07,2015,1,January,Wednesday,41.0,36-45,M,B,other,Not fleeing,knife,Armed,shot,True,False,OH,Columbus
2015-01-07,2015,1,January,Wednesday,30.0,26-35,M,W,attack,Car,gun,Armed,shot,False,False,IA,Des Moines
2015-01-07,2015,1,January,Wednesday,37.0,36-45,M,B,attack,Foot,gun,Armed,shot,False,True,LA,New Orleans
2015-01-08,2015,1,January,Thursday,28.0,26-35,M,W,undetermined,Not fleeing,vehicle,Armed,shot,False,False,MT,Huntley
2015-01-08,2015,1,January,Thursday,42.0,36-45,M,W,attack,Not fleeing,shovel,Armed,shot,False,True,UT,Salt Lake City
2015-01-08,2015,1,January,Thursday,36.0,36-45,M,B,attack,Not fleeing,unarmed,Unarmed/Unknown,shot,False,False,AR,Strong
2015-01-08,2015,1,January,Thursday,49.0,46-55,M,W,attack,Not fleeing,gun,Armed,shot,False,True,UT,Syracuse
2015-01-09,2015,1,January,Friday,71.0,66+,M,W,attack,Not fleeing,gun,Armed,shot,False,False,AR,England
2015-01-09,2015,1,January,Friday,33.0,26-35,M,H,attack,Not fleeing,gun,Armed,shot,False,False,TX,El Paso
2015-01-11,2015,1,January,Sunday,39.0,36-45,M,W,attack,Not fleeing,gun,Armed,shot,True,False,IL,Arcola
2015-01-11,2015,1,January,Sunday,23.0,18-25,M,H,attack,Not fleeing,gun,Armed,shot,False,False,CA,South Gate
2015-01-11,2015,1,January,Sunday,29.0,26-35,M,H,attack,Foot,gun,Armed,shot and Tasered,False,False,NV,North Las Vegas
2015-01-13,2015,1,January,Tuesday,34.0,26-35,M,W,attack,Foot,gun,Armed,shot,False,True,NM,Albuquerque
2015-01-13,2015,1,January,Tuesday,43.0,36-45,M,W,other,Not fleeing,knife,Armed,shot,True,False,TX,Jourdanton
2015-01-14,2015,1,January,Wednesday,24.0,18-25,M,B,attack,Not fleeing,vehicle,Armed,shot,False,False,MN,St. Paul
2015-01-14,2015,1,January,Wednesday,29.0,26-35,M,W,attack,Not fleeing,vehicle,Armed,shot,False,False,MO,Franklin County
2015-01-14,2015,1,January,Wednesday,34.0,26-35,M,B,attack,Not fleeing,gun,Armed,shot,True,False,VA,Chesapeake
2015-01-14,2015,1,January,Wednesday,75.0,66+,M,W,attack,Not fleeing,knife,Armed,shot,False,False,NJ,Old Bridge
2015-01-14,2015,1,January,Wednesday,68.0,66+,M,W,attack,Not fleeing,gun,Armed,shot,False,False,TX,Lake Jackson
2015-01-14,2015,1,January,Wednesday,34.0,26-35,M,W,attack,Not fleeing,knife,Armed,shot,False,True,UT,Draper
2015-01-15,2015,1,January,Thursday,27.0,26-35,M,B,attack,Foot,gun,Armed,shot,False,False,IN,Indianapolis
2015-01-15,2015,1,January,Thursday,39.0,36-45,M,B,attack,Not fleeing,gun,Armed,shot,False,False,CO,Aurora
2015-01-15,2015,1,January,Thursday,24.0,18-25,M,W,attack,Not fleeing,gun,Armed,shot,True,False,MN,Bloomington
2015-01-15,2015,1,January,Thursday,36.0,36-45,M,H,other,Not fleeing,knife,Armed,shot,True,False,CA,Fairfield
2015-01-15,2015,1,January,Thursday,33.0,26-35,M,W,attack,Not fleeing,gun,Armed,shot,False,False,LA,Evangeline Parish
2015-01-16,2015,1,January,Friday,41.0,36-45,M,W,attack,Car,gun,Armed,shot,False,False,TX,Mabank
2015-01-16,2015,1,January,Friday,48.0,46-55,M,O,other,Not fleeing,knife,Armed,shot and Tasered,False,False,CA,Fremont
2015-01-17,2015,1,January,Saturday,21.0,18-25,M,B,attack,Foot,gun,Armed,shot,False,True,OK,Muskogee
2015-01-17,2015,1,January,Saturday,24.0,18-25,M,H,attack,Not fleeing,gun,Armed,shot,False,False,CA,Los Angeles
2015-01-17,2015,1,January,Saturday,27.0,26-35,M,H,attack,Not fleeing,knife,Armed,shot,False,False,TX,Fort Worth
2015-01-18,2015,1,January,Sunday,32.0,26-35,M,W,attack,Not fleeing,gun,Armed,shot,True,False,AZ,Maricopa
2015-01-18,2015,1,January,Sunday,67.0,66+,M,W,attack,Not fleeing,gun,Armed,shot and Tasered,True,False,KY,Gunlock
2015-01-19,2015,1,January,Monday,49.0,46-55,M,W,attack,Not fleeing,knife,Armed,shot,False,False,MA,Weymouth
2015-01-20,2015,1,January,Tuesday,42.0,36-45,M,B,other,Car,vehicle,Armed,shot,False,False,AZ,Scottsdale
2015-01-21,2015,1,January,Wednesday,36.0,36-45,M,W,attack,Not fleeing,gun,Armed,shot,False,False,CA,Hemet
2015-01-21,2015,1,January,Wednesday,36.0,36-45,M,H,attack,Foot,gun,Armed,shot,False,False,TX,Chapeno
2015-01-21,2015,1,January,Wednesday,19.0,18-25,M,B,attack,Not fleeing,gun,Armed,shot,False,False,MO,St. Louis
2015-01-21,2015,1,January,Wednesday,54.0,46-55,M,W,attack,Not fleeing,gun,Armed,shot,True,False,NH,Derry
2015-01-22,2015,1,January,Thursday,25.0,18-25,M,B,attack,Car,toy weapon,Armed,shot,False,False,TX,Sierra Blanca
2015-01-22,2015,1,January,Thursday,17.0,<18,F,W,other,Not fleeing,knife,Armed,shot and Tasered,True,False,TX,Longview
2015-01-23,2015,1,January,Friday,61.0,56-65,M,W,attack,Not fleeing,gun,Armed,shot,True,False,TX,Austin
2015-01-23,2015,1,January,Friday,29.0,26-35,M,B,other,Not fleeing,vehicle,Armed,shot,False,False,FL,Fort Lauderdale
2015-01-23,2015,1,January,Friday,56.0,56-65,M,H,other,Not fleeing,knife,Armed,shot,False,False,TX,Levelland
2015-01-24,2015,1,January,Saturday,40.0,36-45,M,W,attack,Not fleeing,gun,Armed,shot,False,False,TX,Fort Worth
2015-01-24,2015,1,January,Saturday,45.0,36-45,M,W,attack,Not fleeing,gun,Armed,shot,False,False,ID,Rexburg
2015-01-24,2015,1,January,Saturday,26.0,26-35,M,B,other,Not fleeing,knife,Armed,shot,True,False,MD,Baltimore
2015-01-25,2015,1,January,Sunday,26.0,26-35,M,H,attack,Car,gun,Armed,shot,False,False,CO,Pueblo
2015-01-25,2015,1,January,Sunday,59.0,56-65,M,,attack,Not fleeing,gun,Armed,shot,False,False,NJ,Winslow
2015-01-26,2015,1,January,Monday,17.0,<18,F,H,other,Not fleeing,vehicle,Armed,shot,False,False,CO,Denver
2015-01-26,2015,1,January,Monday,68.0,66+,M,W,attack,Not fleeing,gun,Armed,shot,True,False,MN,New Hope
2015-01-26,2015,1,January,Monday,24.0,18-25,M,H,other,Car,unarmed,Unarmed/Unknown,shot,False,False,TX,Tahoka
2015-01-26,2015,1,January,Monday,34.0,26-35,M,H,other,Not fleeing,knife,Armed,shot,True,False,CA,Wasco
2015-01-27,2015,1,January,Tuesday,26.0,26-35,M,N,other,Not fleeing,vehicle,Armed,shot,False,False,AZ,Phoenix
2015-01-27,2015,1,January,Tuesday,29.0,26-35,M,W,attack,Not fleeing,gun,Armed,shot,False,False,AZ,Morenci
2015-01-27,2015,1,January,Tuesday,33.0,26-35,M,B,attack,Not fleeing,gun,Armed,shot,False,False,OH,Columbus
2015-01-27,2015,1,January,Tuesday,39.0,36-45,F,W,attack,Not fleeing,knife,Armed,shot,True,False,NE,Omaha
2015-01-28,2015,1,January,Wednesday,45.0,36-45,M,W,attack,Not fleeing,gun,Armed,shot,False,False,TX,Sunset
2015-01-28,2015,1,January,Wednesday,35.0,26-35,M,A,attack,Not fleeing,hammer,Armed,shot and Tasered,True,False,CA,Stockton
2015-01-28,2015,1,January,Wednesday,26.0,26-35,M,W,attack,Not fleeing,gun,Armed,shot,False,False,TX,Rosenberg
2015-01-29,2015,1,January,Thursday,42.0,36-45,M,W,other,Foot,unarmed,Unarmed/Unknown,shot,False,False,OK,Stillwater
2015-01-29,2015,1,January,Thursday,31.0,26-35,M,W,attack,Not fleeing,gun,Armed,shot,True,False,MI,Wyoming
2015-01-30,2015,1,January,Friday,48.0,46-55,M,W,attack,Foot,gun,Armed,shot,False,False,MT,Billings
2015-01-31,2015,1,January,Saturday,31.0,26-35,M,H,attack,Not fleeing,gun,Armed,shot,False,False,TX,Houston
2015-01-31,2015,1,January,Saturday,54.0,46-55,M,B,other,Not fleeing,knife,Armed,shot and Tasered,True,False,MD,Randallstown
2015-02-02,2015,2,February,Monday,17.0,<18,M,W,attack,Not fleeing,gun,Armed,shot,False,False,MI,Bay City
2015-02-02,2015,2,February,Monday,59.0,56-65,M,W,other,Foot,unarmed,Unarmed/Unknown,shot,False,False,PA,Hummelstown
2015-02-02,2015,2,February,Monday,42.0,36-45,M,W,attack,Not fleeing,gun,Armed,shot,True,False,CA,Apple Valley
2015-02-03,2015,2,February,Tuesday,23.0,18-25,M,B,attack,Foot,gun,Armed,shot,False,False,MO,St. Louis
2015-02-03,2015,2,February,Tuesday,38.0,36-45,F,B,attack,Car,gun,Armed,shot,False,False,CA,Emeryville
2015-02-03,2015,2,February,Tuesday,29.0,26-35,M,B,other,Not fleeing,knife,Armed,shot,True,False,CA,Antioch
2015-02-03,2015,2,February,Tuesday,45.0,36-45,M,W,attack,Not fleeing,gun,Armed,shot,True,False,GA,Douglas
2015-02-04,2015,2,February,Wednesday,28.0,26-35,M,B,attack,Not fleeing,unarmed,Unarmed/Unknown,shot,False,False,FL,Tallahassee
2015-02-04,2015,2,February,Wednesday,37.0,36-45,M,H,attack,Not fleeing,gun,Armed,shot,False,False,FL,Orlando
2015-02-04,2015,2,February,Wednesday,28.0,26-35,M,H,attack,Car,gun,Armed,shot,False,False,AZ,Tempe
2015-02-04,2015,2,February,Wednesday,28.0,26-35,M,H,other,Not fleeing,unarmed,Unarmed/Unknown,shot,False,False,AZ,Tempe
2015-02-04,2015,2,February,Wednesday,51.0,46-55,M,B,attack,Car,gun,Armed,shot,False,False,TX,Lorena
2015-02-04,2015,2,February,Wednesday,36.0,36-45,M,B,other,Not fleeing,knife,Armed,shot,False,False,TN,Memphis
2015-02-05,2015,2,February,Thursday,59.0,56-65,M,W,other,Car,gun,Armed,shot,False,False,CA,Chino
2015-02-06,2015,2,February,Friday,25.0,18-25,M,B,attack,Not fleeing,gun,Armed,shot,False,False,OK,Oklahoma City
2015-02-07,2015,2,February,Saturday,26.0,26-35,M,W,attack,Not fleeing,toy weapon,Armed,shot,False,False,CA,Calimesa
2015-02-07,2015,2,February,Saturday,74.0,66+,M,B,attack,Not fleeing,gun,Armed,shot,False,False,NC,Gastonia
2015-02-08,2015,2,February,Sunday,33.0,26-35,M,W,attack,Car,gun,Armed,shot,False,False,AK,Anchorage
2015-02-08,2015,2,February,Sunday,27.0,26-35,M,W,attack,Not fleeing,gun,Armed,shot,False,False,TX,Austin
2015-02-08,2015,2,February,Sunday,57.0,56-65,M,W,attack,Not fleeing,gun,Armed,shot,True,False,NY,New City
2015-02-08,2015,2,February,Sunday,46.0,46-55,M,W,attack,Not fleeing,gun,Armed,shot,False,False,FL,Orange County
2015-02-08,2015,2,February,Sunday,41.0,36-45,M,W,attack,Not fleeing,gun,Armed,shot,False,False,TX,Nocona
2015-02-09,2015,2,February,Monday,61.0,56-65,M,W,undetermined,Not fleeing,gun,Armed,shot,True,False,ME,Smyrna
2015-02-09,2015,2,February,Monday,45.0,36-45,M,B,attack,Not fleeing,gun,Armed,shot,False,False,TX,Dallas
2015-02-10,2015,2,February,Tuesday,35.0,26-35,M,H,other,Foot,unarmed,Unarmed/Unknown,shot and Tasered,True,False,WA,Pasco
2015-02-10,2015,2,February,Tuesday,49.0,46-55,M,B,attack,Not fleeing,gun,Armed,shot,False,False,TN,Whitehaven
2015-02-10,2015,2,February,Tuesday,45.0,36-45,M,W,attack,Car,gun,Armed,shot,True,False,CO,New Castle
2015-02-11,2015,2,February,Wednesday,23.0,18-25,M,B,other,Not fleeing,knife,Armed,shot,True,False,CA,San Jose
2015-02-11,2015,2,February,Wednesday,46.0,46-55,M,W,attack,Foot,toy weapon,Armed,shot,True,True,AL,Dadeville
2015-02-13,2015,2,February,Friday,23.0,18-25,M,W,attack,Car,vehicle,Armed,shot,False,False,CA,San Bernardino
2015-02-13,2015,2,February,Friday,21.0,18-25,M,H,attack,Car,gun,Armed,shot,False,False,KS,Kansas City
2015-02-13,2015,2,February,Friday,35.0,26-35,M,H,other,Not fleeing,unarmed,Unarmed/Unknown,shot,False,False,PA,Reading
2015-02-13,2015,2,February,Friday,27.0,26-35,M,W,attack,Not fleeing,gun,Armed,shot,False,False,TN,McLemoresville
2015-02-13,2015,2,February,Friday,37.0,36-45,M,H,other,Not fleeing,knife,Armed,shot,True,False,AZ,San Manuel
2015-02-14,2015,2,February,Saturday,16.0,<18,M,W,attack,Car,gun,Armed,shot,True,False,MD,Essex
2015-02-14,2015,2,February,Saturday,51.0,46-55,M,W,attack,Not fleeing,gun,Armed,shot,False,False,TX,Laredo
2015-02-15,2015,2,February,Sunday,25.0,18-25,M,B,other,Not fleeing,unarmed,Unarmed/Unknown,shot and Tasered,True,False,FL,Miami Gardens
2015-02-15,2015,2,February,Sunday,34.0,26-35,M,W,attack,Foot,gun,Armed,shot,False,False,MS,Iuka
2015-02-15,2015,2,February,Sunday,34.0,26-35,M,W,other,Not fleeing,hatchet,Armed,shot,True,False,OR,Colton
2015-02-16,2015,2,February,Monday,56.0,56-65,M,W,attack,Not fleeing,gun,Armed,shot,False,False,AZ,Marana
2015-02-16,2015,2,February,Monday,26.0,26-35,M,W,attack,Not fleeing,gun,Armed,shot,False,False,ID,Boise
2015-02-16,2015,2,February,Monday,24.0,18-25,M,W,attack,Not fleeing,toy weapon,Armed,shot,True,False,UT,Provo
2015-02-17,2015,2,February,Tuesday,43.0,36-45,F,W,attack,Not fleeing,gun,Armed,shot,False,False,NC,Gaston County
2015-02-17,2015,2,February,Tuesday,31.0,26-35,M,W,other,Foot,unarmed,Unarmed/Unknown,shot,False,False,MO,Springfield
2015-02-17,2015,2,February,Tuesday,32.0,26-35,M,W,attack,Not fleeing,gun,Armed,shot,False,False,MI,Eaton Rapids Township
2015-02-17,2015,2,February,Tuesday,30.0,26-35,M,W,attack,Foot,toy weapon,Armed,shot,False,False,MA,Tewksbury
2015-02-17,2015,2,February,Tuesday,50.0,46-55,M,H,other,Not fleeing,vehicle,Armed,shot,False,False,TX,Del Rio
2015-02-18,2015,2,February,Wednesday,20.0,18-25,F,B,other,Not fleeing,undetermined,Unarmed/Unknown,shot,True,False,NC,Charlotte
2015-02-20,2015,2,February,Friday,,,M,H,attack,Car,gun,Armed,shot,False,False,TX,Houston
2015-02-20,2015,2,February,Friday,31.0,26-35,M,H,other,Not fleeing,unarmed,Unarmed/Unknown,shot,False,False,TX,Euless
2015-02-20,2015,2,February,Friday,38.0,36-45,M,B,attack,Not fleeing,gun,Armed,shot,False,False,AL,Homewood
2015-02-20,2015,2,February,Friday,77.0,66+,M,B,attack,Not fleeing,gun,Armed,shot,True,False,AL,Birmingham
2015-02-21,2015,2,February,Saturday,41.0,36-45,M,W,attack,Not fleeing,gun,Armed,shot,False,False,NM,Ruidoso
2015-02-21,2015,2,February,Saturday,51.0,46-55,M,W,attack,Not fleeing,knife,Armed,shot,False,False,IN,Indianapolis
2015-02-22,2015,2,February,Sunday,50.0,46-55,M,W,attack,Not fleeing,gun,Armed,shot,False,False,FL,Palm Bay
2015-02-23,2015,2,February,Monday,42.0,36-45,M,W,attack,Car,knife,Armed,shot and Tasered,False,False,PA,Allentown
2015-02-23,2015,2,February,Monday,39.0,36-45,M,W,other,Not fleeing,unarmed,Unarmed/Unknown,shot and Tasered,False,False,NE,Omaha
2015-02-23,2015,2,February,Monday,47.0,46-55,M,W,attack,Not fleeing,gun,Armed,shot,True,False,LA,Denham Springs
2015-02-23,2015,2,February,Monday,37.0,36-45,M,W,other,Not fleeing,knife,Armed,shot,False,False,GA,Powder Springs
2015-02-23,2015,2,February,Monday,41.0,36-45,M,W,attack,Foot,gun,Armed,shot,False,False,GA,Clarkesville
2015-02-23,2015,2,February,Monday,16.0,<18,M,B,attack,Not fleeing,gun,Armed,shot,False,False,AL,Millbrook
2015-02-24,2015,2,February,Tuesday,30.0,26-35,M,W,attack,Not fleeing,knife,Armed,shot and Tasered,True,False,WI,Green Bay
2015-02-25,2015,2,February,Wednesday,27.0,26-35,M,B,other,Car,vehicle,Armed,shot,False,False,OK,Oklahoma City
2015-02-25,2015,2,February,Wednesday,43.0,36-45,M,W,attack,Not fleeing,gun,Armed,shot,True,False,NV,Las Vegas
2015-02-26,2015,2,February,Thursday,31.0,26-35,M,W,other,Not fleeing,unarmed,Unarmed/Unknown,shot and Tasered,False,False,IN,Terre Haute
2015-02-26,2015,2,February,Thursday,42.0,36-45,M,H,attack,Foot,gun,Armed,shot,False,False,FL,Lakeland
2015-02-26,2015,2,February,Thursday,21.0,18-25,M,H,other,Not fleeing,knife,Armed,shot,False,False,CA,San Francisco
2015-02-26,2015,2,February,Thursday,49.0,46-55,M,W,other,Not fleeing,unarmed,Unarmed/Unknown,shot,False,False,MS,Gulfport
2015-02-26,2015,2,February,Thursday,34.0,26-35,F,W,attack,Car,gun,Armed,shot,False,False,GA,Sylvester
2015-02-27,2015,2,February,Friday,27.0,26-35,M,H,undetermined,Not fleeing,unarmed,Unarmed/Unknown,shot,False,False,CA,Santa Ana
2015-02-28,2015,2,February,Saturday,24.0,18-25,M,W,attack,Not fleeing,gun,Armed,shot,False,False,SC,Pelzer
2015-02-28,2015,2,February,Saturday,17.0,<18,M,W,attack,Not fleeing,unarmed,Unarmed/Unknown,shot and Tasered,False,True,MI,Roxand Township
2015-02-28,2015,2,February,Saturday,34.0,26-35,M,B,other,Car,unarmed,Unarmed/Unknown,shot,False,False,MO,St Louis
2015-02-28,2015,2,February,Saturday,28.0,26-35,F,H,other,Not fleeing,knife,Armed,shot,False,False,AZ,Tucson
2015-02-28,2015,2,February,Saturday,28.0,26-35,M,B,attack,Car,gun,Armed,shot,False,False,MO,Columbia
2015-02-28,2015,2,February,Saturday,40.0,36-45,M,B,attack,Car,gun,Armed,shot,True,False,NC,Tarboro
2015-02-28,2015,2,February,Saturday,37.0,36-45,F,W,attack,Car,gun,Armed,shot,False,False,AZ,La Paz County
2015-03-01,2015,3,March,Sunday,49.0,46-55,M,W,attack,Not fleeing,gun,Armed,shot,False,False,MS,Barton
2015-03-01,2015,3,March,Sunday,43.0,36-45,M,B,attack,Not fleeing,unarmed,Unarmed/Unknown,shot and Tasered,True,True,CA,Los Angeles
2015-03-01,2015,3,March,Sunday,35.0,26-35,M,A,attack,Not fleeing,gun,Armed,shot,False,False,TX,Houston
2015-03-02,2015,3,March,Monday,20.0,18-25,M,B,other,Foot,gun,Armed,shot,False,False,IL,Joilet
2015-03-03,2015,3,March,Tuesday,25.0,18-25,M,B,attack,Not fleeing,gun,Armed,shot,False,False,MD,Salisbury
2015-03-03,2015,3,March,Tuesday,25.0,18-25,M,W,attack,Not fleeing,knife,Armed,shot,False,False,AZ,Tempe
2015-03-04,2015,3,March,Wednesday,26.0,26-35,M,W,other,Not fleeing,unarmed,Unarmed/Unknown,shot,False,False,FL,Deltona
2015-03-04,2015,3,March,Wednesday,28.0,26-35,M,A,attack,Not fleeing,gun,Armed,shot,False,False,CA,Stockton
2015-03-05,2015,3,March,Thursday,45.0,36-45,M,B,other,Not fleeing,knife,Armed,shot,True,False,WI,Milwaukee
2015-03-05,2015,3,March,Thursday,36.0,36-45,M,H,other,Car,unarmed,Unarmed/Unknown,shot,False,False,CA,Burbank
2015-03-05,2015,3,March,Thursday,34.0,26-35,M,W,attack,Not fleeing,gun,Armed,shot,False,False,NE,Lincoln
2015-03-06,2015,3,March,Friday,37.0,36-45,M,B,undetermined,Foot,unarmed,Unarmed/Unknown,shot,False,False,CO,Aurora
2015-03-06,2015,3,March,Friday,48.0,46-55,M,B,other,Not fleeing,vehicle,Armed,shot,False,False,FL,Putnam Hall
2015-03-06,2015,3,March,Friday,19.0,18-25,M,B,attack,Foot,unarmed,Unarmed/Unknown,shot,False,False,WI,Madison
2015-03-07,2015,3,March,Saturday,29.0,26-35,M,W,attack,Not fleeing,gun,Armed,shot,False,False,AZ,Phoenix
2015-03-08,2015,3,March,Sunday,40.0,36-45,M,H,attack,Not fleeing,gun,Armed,shot,False,False,OK,Oklahoma City
2015-03-08,2015,3,March,Sunday,35.0,26-35,M,W,attack,Car,vehicle,Armed,shot,False,False,DE,Claymont
2015-03-08,2015,3,March,Sunday,43.0,36-45,F,B,other,Not fleeing,knife,Armed,shot,True,True,CA,Anaheim
2015-03-09,2015,3,March,Monday,58.0,56-65,M,W,attack,Not fleeing,gun,Armed,shot,False,False,NC,Brevard
2015-03-09,2015,3,March,Monday,46.0,46-55,M,W,attack,Not fleeing,gun,Armed,shot,False,False,CO,Dinosaur
2015-03-09,2015,3,March,Monday,30.0,26-35,M,B,attack,Not fleeing,gun,Armed,shot,False,False,FL,Cocoa
2015-03-09,2015,3,March,Monday,27.0,26-35,M,B,other,Not fleeing,unarmed,Unarmed/Unknown,shot,True,False,GA,Atlanta
2015-03-10,2015,3,March,Tuesday,31.0,26-35,M,B,attack,Not fleeing,gun,Armed,shot,False,False,LA,Baton Rouge
2015-03-10,2015,3,March,Tuesday,23.0,18-25,M,W,attack,Not fleeing,knife,Armed,shot,False,True,GA,Port Wentworth
2015-03-10,2015,3,March,Tuesday,37.0,36-45,M,H,other,Car,sword,Armed,shot,True,False,CA,Ontario
2015-03-10,2015,3,March,Tuesday,64.0,56-65,M,B,attack,Not fleeing,gun,Armed,shot,False,True,OH,Cleveland
2015-03-11,2015,3,March,Wednesday,31.0,26-35,M,W,attack,Not fleeing,gun,Armed,shot,True,False,TN,Memphis
2015-03-11,2015,3,March,Wednesday,39.0,36-45,M,H,attack,Not fleeing,gun,Armed,shot,False,False,CA,Santa Ana
2015-03-11,2015,3,March,Wednesday,31.0,26-35,M,W,attack,Not fleeing,toy weapon,Armed,shot,True,False,AZ,Kingman
2015-03-11,2015,3,March,Wednesday,25.0,18-25,M,H,other,Not fleeing,vehicle,Armed,shot,False,False,CA,Los Angeles
2015-03-11,2015,3,March,Wednesday,54.0,46-55,M,W,attack,Not fleeing,gun,Armed,shot,False,False,AL,Bay Minette
2015-03-11,2015,3,March,Wednesday,53.0,46-55,M,W,attack,Not fleeing,gun,Armed,shot,True,False,AL,Hoover
2015-03-11,2015,3,March,Wednesday,37.0,36-45,M,B,other,Not fleeing,vehicle,Armed,shot,False,False,MD,Elkton
2015-03-12,2015,3,March,Thursday,35.0,26-35,M,B,other,Not fleeing,unarmed,Unarmed/Unknown,shot,True,False,DC,Washington
2015-03-13,2015,3,March,Friday,59.0,56-65,M,W,attack,Not fleeing,gun,Armed,shot,False,False,MO,Kansas City
2015-03-13,2015,3,March,Friday,36.0,36-45,M,W,attack,Not fleeing,knife,Armed,shot,False,False,CA,Fontana
2015-03-13,2015,3,March,Friday,32.0,26-35,M,H,other,Foot,unarmed,Unarmed/Unknown,shot,False,False,CA,Walnut Creek
2015-03-13,2015,3,March,Friday,41.0,36-45,M,H,other,Other,gun,Armed,shot,False,False,CA,Napa
2015-03-14,2015,3,March,Saturday,29.0,26-35,M,H,attack,Not fleeing,gun,Armed,shot,True,False,TX,San Antonio
2015-03-14,2015,3,March,Saturday,53.0,46-55,M,W,other,Not fleeing,knife,Armed,shot,False,False,WV,Follansbee
2015-03-14,2015,3,March,Saturday,26.0,26-35,M,W,attack,Car,gun,Armed,shot,False,False,WI,Kenosha
2015-03-15,2015,3,March,Sunday,27.0,26-35,M,W,other,Not fleeing,machete,Armed,shot,False,False,MS,Ruth
2015-03-16,2015,3,March,Monday,28.0,26-35,M,W,attack,Not fleeing,gun,Armed,shot,True,False,MN,St. Paul
2015-03-16,2015,3,March,Monday,52.0,46-55,M,W,attack,Not fleeing,gun,Armed,shot,True,False,NC,Gastonia
2015-03-17,2015,3,March,Tuesday,20.0,18-25,M,W,attack,Not fleeing,gun,Armed,shot,True,False,TX,Onalaska
2015-03-17,2015,3,March,Tuesday,22.0,18-25,M,H,undetermined,Car,unarmed,Unarmed/Unknown,shot,False,False,CA,Sacramento
2015-03-17,2015,3,March,Tuesday,49.0,46-55,M,W,attack,Not fleeing,gun,Armed,shot,True,False,OR,Medford
2015-03-17,2015,3,March,Tuesday,24.0,18-25,M,W,attack,Foot,gun,Armed,shot,False,False,NC,Dublin
2015-03-17,2015,3,March,Tuesday,24.0,18-25,F,W,other,Not fleeing,vehicle,Armed,shot,True,False,CA,San Francisco
2015-03-18,2015,3,March,Wednesday,47.0,46-55,M,W,other,Not fleeing,knife,Armed,shot,False,False,CA,Bakersfield
2015-03-18,2015,3,March,Wednesday,49.0,46-55,F,W,attack,Not fleeing,gun,Armed,shot,False,False,AZ,Glendale
2015-03-18,2015,3,March,Wednesday,64.0,56-65,M,W,attack,Not fleeing,gun,Armed,shot,False,False,FL,Tallahassee
2015-03-19,2015,3,March,Thursday,16.0,<18,M,B,attack,Car,gun,Armed,shot,False,False,FL,Jacksonville
2015-03-19,2015,3,March,Thursday,20.0,18-25,M,W,attack,Not fleeing,unarmed,Unarmed/Unknown,shot,True,False,WA,Sumas
2015-03-19,2015,3,March,Thursday,36.0,36-45,M,W,attack,Not fleeing,gun,Armed,shot,False,False,CA,Bakersfield
2015-03-19,2015,3,March,Thursday,39.0,36-45,M,W,other,Not fleeing,box cutter,Armed,shot,True,True,AL,Lawrence County
2015-03-19,2015,3,March,Thursday,18.0,18-25,M,B,attack,Not fleeing,unarmed,Unarmed/Unknown,shot,False,False,OH,Cleveland
2015-03-19,2015,3,March,Thursday,31.0,26-35,M,W,attack,Not fleeing,gun,Armed,shot,False,True,ID,Middleton
2015-03-20,2015,3,March,Friday,24.0,18-25,M,N,attack,Car,gun,Armed,shot,False,False,AZ,Red Valley
2015-03-20,2015,3,March,Friday,63.0,56-65,M,B,attack,Not fleeing,machete,Armed,shot,True,False,LA,New Orleans
2015-03-20,2015,3,March,Friday,34.0,26-35,M,W,attack,Not fleeing,gun,Armed,shot,False,False,OK,Coal County
2015-03-21,2015,3,March,Saturday,44.0,36-45,M,W,attack,Car,gun,Armed,shot,False,False,NY,Clarendon
2015-03-21,2015,3,March,Saturday,60.0,56-65,M,W,attack,Not fleeing,gun,Armed,shot,True,False,IN,Harmony
2015-03-21,2015,3,March,Saturday,42.0,36-45,M,W,attack,Not fleeing,gun,Armed,shot,False,False,OH,Columbus
2015-03-21,2015,3,March,Saturday,21.0,18-25,M,W,attack,Not fleeing,gun,Armed,shot,False,False,AZ,Cottonwood
2015-03-22,2015,3,March,Sunday,37.0,36-45,M,W,other,Not fleeing,knife,Armed,shot,True,False,CA,Vallejo
2015-03-22,2015,3,March,Sunday,36.0,36-45,M,W,other,Foot,knife,Armed,shot and Tasered,True,False,OR,Portland
2015-03-22,2015,3,March,Sunday,21.0,18-25,M,B,attack,Car,undetermined,Unarmed/Unknown,shot and Tasered,False,False,NY,Islip
2015-03-23,2015,3,March,Monday,24.0,18-25,M,B,attack,Not fleeing,gun,Armed,shot,False,False,CA,Santa Clara
2015-03-24,2015,3,March,Tuesday,38.0,36-45,M,W,attack,Not fleeing,gun,Armed,shot,False,False,WI,Fond du Lac
2015-03-24,2015,3,March,Tuesday,29.0,26-35,M,B,attack,Car,gun,Armed,shot,True,False,VA,Portsmouth
2015-03-24,2015,3,March,Tuesday,57.0,56-65,M,W,attack,Not fleeing,gun,Armed,shot,True,False,CA,San Jose
2015-03-25,2015,3,March,Wednesday,23.0,18-25,M,B,other,Car,undetermined,Unarmed/Unknown,shot,False,True,GA,Smyrna
2015-03-25,2015,3,March,Wednesday,27.0,26-35,M,B,attack,Foot,gun,Armed,shot,False,False,SC,Johnsonville
2015-03-25,2015,3,March,Wednesday,28.0,26-35,M,H,attack,Foot,gun,Armed,shot,False,False,CA,South Los Angeles
2015-03-25,2015,3,March,Wednesday,63.0,56-65,M,W,other,Not fleeing,gun,Armed,shot and Tasered,True,False,AZ,Glendale
2015-03-26,2015,3,March,Thursday,53.0,46-55,F,W,attack,Not fleeing,gun,Armed,shot,False,False,KS,Gardner
2015-03-26,2015,3,March,Thursday,35.0,26-35,M,H,other,Not fleeing,knife,Armed,shot,True,False,CA,Wilmington
2015-03-27,2015,3,March,Friday,56.0,56-65,M,W,attack,Not fleeing,gun,Armed,shot,True,False,CA,Encinitas
2015-03-27,2015,3,March,Friday,39.0,36-45,M,B,other,Not fleeing,knife,Armed,shot,False,False,FL,Fort Pierce
2015-03-27,2015,3,March,Friday,23.0,18-25,M,H,attack,Car,toy weapon,Armed,shot,False,False,CA,Bakersfield
2015-03-27,2015,3,March,Friday,40.0,36-45,M,W,attack,Foot,gun,Armed,shot,False,False,MA,Webster
2015-03-27,2015,3,March,Friday,26.0,26-35,F,B,other,Not fleeing,knife,Armed,shot,False,False,CA,Oxnard
2015-03-27,2015,3,March,Friday,42.0,36-45,M,W,attack,Car,gun,Armed,shot,False,False,WV,Fort Ashby
2015-03-27,2015,3,March,Friday,41.0,36-45,M,B,attack,Not fleeing,gun,Armed,shot,False,False,MA,Boston
2015-03-29,2015,3,March,Sunday,26.0,26-35,M,W,attack,Car,vehicle,Armed,shot,False,False,OH,Jasper
2015-03-29,2015,3,March,Sunday,29.0,26-35,M,B,attack,Not fleeing,gun,Armed,shot,False,False,KY,Elizabethtown
2015-03-30,2015,3,March,Monday,49.0,46-55,M,W,attack,Not fleeing,gun,Armed,shot,True,False,OR,Eugene
2015-03-30,2015,3,March,Monday,54.0,46-55,M,,attack,Not fleeing,gun,Armed,shot,False,False,NV,Boulder City
2015-03-31,2015,3,March,Tuesday,36.0,36-45,M,W,attack,Not fleeing,gun,Armed,shot,False,False,FL,Carollwood
2015-03-31,2015,3,March,Tuesday,21.0,18-25,M,H,attack,Not fleeing,toy weapon,Armed,shot,False,False,TX,Baytown
2015-03-31,2015,3,March,Tuesday,27.0,26-35,F,B,other,Car,vehicle,Armed,shot,False,False,MD,Fort Meade
2015-04-01,2015,4,April,Wednesday,37.0,36-45,M,B,attack,Not fleeing,gun,Armed,shot,False,False,CA,Hawthorne
2015-04-01,2015,4,April,Wednesday,36.0,36-45,M,W,attack,Not fleeing,knife,Armed,shot,False,False,NJ,Hamilton
2015-04-02,2015,4,April,Thursday,32.0,26-35,M,B,attack,Foot,gun,Armed,shot,False,False,IL,Rock Island
2015-04-02,2015,4,April,Thursday,63.0,56-65,M,W,attack,Not fleeing,gun,Armed,shot and Tasered,True,False,IL,Metropolis
2015-04-02,2015,4,April,Thursday,44.0,36-45,M,B,other,Not fleeing,unarmed,Unarmed/Unknown,shot,False,False,OK,Tulsa
2015-04-02,2015,4,April,Thursday,27.0,26-35,M,W,attack,Not fleeing,gun,Armed,shot,True,False,LA,Pineville
2015-04-03,2015,4,April,Friday,38.0,36-45,M,W,other,Not fleeing,knife,Armed,shot,False,True,VA,Winchester
2015-04-04,2015,4,April,Saturday,17.0,<18,M,B,attack,Foot,gun,Armed,shot,False,False,IL,Zion
2015-04-04,2015,4,April,Saturday,50.0,46-55,M,B,other,Foot,unarmed,Unarmed/Unknown,shot and Tasered,False,False,SC,North Charleston
2015-04-04,2015,4,April,Saturday,31.0,26-35,M,B,attack,Not fleeing,gun,Armed,shot,False,True,CA,Orange
2015-04-04,2015,4,April,Saturday,34.0,26-35,M,W,attack,Car,gun,Armed,shot,True,False,NM,Edgewood
2015-04-05,2015,4,April,Sunday,51.0,46-55,M,W,other,Not fleeing,knife,Armed,shot,True,False,AZ,Phoenix
2015-04-05,2015,4,April,Sunday,56.0,56-65,M,W,attack,Not fleeing,gun,Armed,shot,False,False,CA,Tehachapi
2015-04-06,2015,4,April,Monday,23.0,18-25,M,W,attack,Not fleeing,gun,Armed,shot,True,False,IN,Indianapolis
2015-04-06,2015,4,April,Monday,25.0,18-25,M,B,attack,Foot,gun,Armed,shot,False,False,LA,Harvey
2015-04-06,2015,4,April,Monday,31.0,26-35,M,W,attack,Car,gun,Armed,shot,False,False,ID,Jefferson County
2015-04-07,2015,4,April,Tuesday,32.0,26-35,M,W,attack,Car,gun,Armed,shot,False,False,OK,Pottawatomie County
2015-04-08,2015,4,April,Wednesday,60.0,56-65,M,W,attack,Car,gun,Armed,shot,False,False,TX,San Antonio
2015-04-08,2015,4,April,Wednesday,42.0,36-45,M,B,attack,Car,vehicle,Armed,shot,False,False,GA,Valdosta
2015-04-08,2015,4,April,Wednesday,39.0,36-45,M,H,attack,Foot,gun,Armed,shot,False,False,CA,Los Angeles
2015-04-08,2015,4,April,Wednesday,28.0,26-35,M,A,other,Not fleeing,knife,Armed,shot,True,False,CA,Sunnyvale
2015-04-09,2015,4,April,Thursday,54.0,46-55,M,,attack,Other,vehicle,Armed,shot and Tasered,False,False,OK,Kellyville
2015-04-09,2015,4,April,Thursday,22.0,18-25,M,W,attack,Not fleeing,sword,Armed,shot,False,False,FL,Navarre
2015-04-09,2015,4,April,Thursday,29.0,26-35,M,B,attack,Car,gun,Armed,shot,False,False,IN,Monon
2015-04-09,2015,4,April,Thursday,31.0,26-35,M,W,attack,Not fleeing,gun,Armed,shot,True,False,PA,Straban Township
2015-04-09,2015,4,April,Thursday,28.0,26-35,M,W,attack,Not fleeing,gun,Armed,shot,False,False,SC,Boiling Springs
2015-04-10,2015,4,April,Friday,21.0,18-25,M,H,attack,Not fleeing,knife,Armed,shot,False,False,CA,Corning
2015-04-10,2015,4,April,Friday,38.0,36-45,M,W,attack,Car,gun,Armed,shot,False,False,KS,Topeka
2015-04-11,2015,4,April,Saturday,66.0,66+,M,W,attack,Not fleeing,gun,Armed,shot,True,True,OK,Sand Springs
2015-04-12,2015,4,April,Sunday,36.0,36-45,M,B,attack,Foot,gun,Armed,shot,False,True,IN,Indianapolis
2015-04-12,2015,4,April,Sunday,83.0,66+,M,W,other,Not fleeing,machete,Armed,shot,True,False,OK,Oklahoma City
2015-04-12,2015,4,April,Sunday,32.0,26-35,M,W,attack,Car,gun,Armed,shot,True,False,NC,Salemburg
2015-04-13,2015,4,April,Monday,27.0,26-35,M,H,attack,Not fleeing,gun,Armed,shot,False,False,IL,Alton
2015-04-14,2015,4,April,Tuesday,26.0,26-35,M,B,undetermined,Foot,undetermined,Unarmed/Unknown,shot,False,False,TX,DeSoto
2015-04-14,2015,4,April,Tuesday,31.0,26-35,M,W,attack,Not fleeing,machete,Armed,shot,True,False,AR,Jonesboro
2015-04-15,2015,4,April,Wednesday,22.0,18-25,M,B,undetermined,Foot,gun,Armed,shot,False,False,FL,Miami
2015-04-15,2015,4,April,Wednesday,41.0,36-45,M,B,attack,Not fleeing,knife,Armed,shot,False,False,SC,Spartanburg
2015-04-15,2015,4,April,Wednesday,41.0,36-45,M,B,other,Car,unarmed,Unarmed/Unknown,shot,False,False,TX,Houston
2015-04-15,2015,4,April,Wednesday,51.0,46-55,M,W,attack,Car,toy weapon,Armed,shot,False,True,MO,Columbia
2015-04-15,2015,4,April,Wednesday,72.0,66+,M,W,attack,Not fleeing,gun,Armed,shot,True,False,CO,Ca–on City
2015-04-15,2015,4,April,Wednesday,52.0,46-55,M,H,attack,Not fleeing,toy weapon,Armed,shot,True,False,CA,Montclair
2015-04-16,2015,4,April,Thursday,47.0,46-55,M,H,other,Not fleeing,knife,Armed,shot,False,False,CA,Shafter
2015-04-17,2015,4,April,Friday,18.0,18-25,M,B,attack,Foot,gun,Armed,shot,False,False,IL,Chicago
2015-04-17,2015,4,April,Friday,29.0,26-35,M,H,attack,Not fleeing,gun,Armed,shot,False,False,CA,Hemet
2015-04-17,2015,4,April,Friday,23.0,18-25,M,B,other,Not fleeing,knife,Armed,shot,True,True,MO,Jennings
2015-04-18,2015,4,April,Saturday,43.0,36-45,M,H,attack,Not fleeing,gun,Armed,shot,True,False,AZ,Phoenix
2015-04-18,2015,4,April,Saturday,45.0,36-45,M,W,attack,Not fleeing,gun,Armed,shot,False,False,FL,Panama City
2015-04-19,2015,4,April,Sunday,40.0,36-45,M,W,attack,Not fleeing,gun,Armed,shot,True,False,KY,Wilmore
2015-04-19,2015,4,April,Sunday,44.0,36-45,M,W,attack,Not fleeing,knife,Armed,shot,False,False,NE,Sidney
2015-04-20,2015,4,April,Monday,25.0,18-25,M,H,other,Not fleeing,gun,Armed,shot,False,False,TX,Mission
2015-04-21,2015,4,April,Tuesday,35.0,26-35,M,B,attack,Not fleeing,vehicle,Armed,shot,False,False,NJ,Trenton
2015-04-21,2015,4,April,Tuesday,37.0,36-45,M,N,other,Foot,unarmed,Unarmed/Unknown,shot,True,False,WA,Lakewood
2015-04-21,2015,4,April,Tuesday,59.0,56-65,M,W,other,Not fleeing,knife,Armed,shot,True,False,SC,Irmo
2015-04-21,2015,4,April,Tuesday,35.0,26-35,M,H,other,Not fleeing,knife,Armed,shot,True,False,CA,Los Angeles
2015-04-22,2015,4,April,Wednesday,18.0,18-25,M,B,undetermined,Not fleeing,unarmed,Unarmed/Unknown,shot,False,False,VA,Portsmouth
2015-04-22,2015,4,April,Wednesday,51.0,46-55,M,H,other,Not fleeing,knife,Armed,shot,False,False,AZ,Bisbee
2015-04-22,2015,4,April,Wednesday,30.0,26-35,M,W,attack,Foot,gun,Armed,shot,True,False,NY,Queens
2015-04-22,2015,4,April,Wednesday,31.0,26-35,M,B,attack,Foot,gun,Armed,shot,False,False,TX,Fort Worth
2015-04-22,2015,4,April,Wednesday,39.0,36-45,M,A,attack,Not fleeing,gun,Armed,shot,False,False,CO,Eldorado Springs
2015-04-23,2015,4,April,Thursday,26.0,26-35,M,W,attack,Not fleeing,gun,Armed,shot,True,False,CA,Sylmar
2015-04-23,2015,4,April,Thursday,51.0,46-55,M,W,attack,Not fleeing,gun,Armed,shot,False,False,OK,Rufe
2015-04-23,2015,4,April,Thursday,19.0,18-25,M,H,other,Not fleeing,unarmed,Unarmed/Unknown,shot,False,False,CA,Long Beach
2015-04-24,2015,4,April,Friday,46.0,46-55,F,W,attack,Car,vehicle,Armed,shot,False,False,CA,Windsor
2015-04-24,2015,4,April,Friday,49.0,46-55,M,W,attack,Not fleeing,gun,Armed,shot,False,False,OR,Eugene
2015-04-24,2015,4,April,Friday,63.0,56-65,M,W,attack,Car,gun,Armed,shot,False,False,OK,Miami
2015-04-24,2015,4,April,Friday,20.0,18-25,M,B,attack,Foot,gun,Armed,shot,False,True,CO,Trinidad
2015-04-25,2015,4,April,Saturday,25.0,18-25,M,W,other,Not fleeing,machete,Armed,shot,True,True,TX,Victoria
2015-04-25,2015,4,April,Saturday,24.0,18-25,M,B,attack,Foot,unarmed,Unarmed/Unknown,shot,True,False,NY,New York
2015-04-25,2015,4,April,Saturday,58.0,56-65,M,W,other,Not fleeing,knife,Armed,shot,True,False,FL,Clermont
2015-04-26,2015,4,April,Sunday,29.0,26-35,M,W,attack,Not fleeing,unarmed,Unarmed/Unknown,shot,False,False,OK,Bunch
2015-04-26,2015,4,April,Sunday,76.0,66+,M,W,attack,Not fleeing,gun,Armed,shot,False,False,CA,Kings County
2015-04-26,2015,4,April,Sunday,45.0,36-45,M,W,attack,Not fleeing,gun,Armed,shot,False,False,CA,Fountain Valley
2015-04-27,2015,4,April,Monday,20.0,18-25,M,B,other,Not fleeing,hammer,Armed,shot,False,False,MI,Detroit
2015-04-28,2015,4,April,Tuesday,58.0,56-65,M,W,attack,Not fleeing,gun,Armed,shot,False,False,OH,Mansfield
2015-04-28,2015,4,April,Tuesday,21.0,18-25,M,B,attack,Not fleeing,gun,Armed,shot,False,True,LA,New Orleans
2015-04-28,2015,4,April,Tuesday,27.0,26-35,M,W,attack,Not fleeing,gun,Armed,shot,True,False,IL,Marion
2015-04-29,2015,4,April,Wednesday,26.0,26-35,M,W,other,Foot,knife,Armed,shot,False,False,OK,Chickasha
2015-04-29,2015,4,April,Wednesday,33.0,26-35,M,H,attack,Not fleeing,gun,Armed,shot,True,False,AZ,Mesa
2015-04-29,2015,4,April,Wednesday,27.0,26-35,M,H,attack,Not fleeing,gun,Armed,shot,False,False,CA,Elk Grove
2015-04-29,2015,4,April,Wednesday,25.0,18-25,F,B,attack,Not fleeing,gun,Armed,shot,False,False,GA,Atlanta
2015-04-29,2015,4,April,Wednesday,53.0,46-55,M,B,attack,Not fleeing,gun,Armed,shot,True,False,VA,Emporia
2015-04-29,2015,4,April,Wednesday,53.0,46-55,M,W,attack,Not fleeing,gun,Armed,shot,True,False,TN,Nashville
2015-04-30,2015,4,April,Thursday,42.0,36-45,M,O,other,Not fleeing,unarmed,Unarmed/Unknown,shot,True,True,CA,San Diego
2015-04-30,2015,4,April,Thursday,22.0,18-25,M,H,other,Not fleeing,metal object,Armed,shot and Tasered,False,False,TX,El Paso
2015-05-02,2015,5,May,Saturday,52.0,46-55,M,W,attack,Not fleeing,gun,Armed,shot,False,True,DE,Smyrna
2015-05-03,2015,5,May,Sunday,36.0,36-45,M,W,attack,Not fleeing,gun,Armed,shot,True,True,UT,Roosevelt
2015-05-03,2015,5,May,Sunday,30.0,26-35,M,B,attack,Not fleeing,gun,Armed,shot,False,False,TX,Garland
2015-05-03,2015,5,May,Sunday,34.0,26-35,M,O,attack,Not fleeing,gun,Armed,shot,False,False,TX,Garland
2015-05-03,2015,5,May,Sunday,44.0,36-45,M,H,attack,Not fleeing,gun,Armed,shot,False,False,NM,Albuquerque
2015-05-03,2015,5,May,Sunday,53.0,46-55,M,W,attack,Not fleeing,gun,Armed,shot,False,False,KY,Chavies
2015-05-04,2015,5,May,Monday,36.0,36-45,M,W,attack,Not fleeing,toy weapon,Armed,shot,True,False,WA,Kennewick
2015-05-05,2015,5,May,Tuesday,29.0,26-35,M,B,attack,Not fleeing,unarmed,Unarmed/Unknown,shot,False,True,CA,Venice
2015-05-05,2015,5,May,Tuesday,32.0,26-35,M,A,attack,Not fleeing,knife,Armed,shot,False,False,CA,South El Monte
2015-05-05,2015,5,May,Tuesday,46.0,46-55,M,W,attack,Not fleeing,gun,Armed,shot,True,False,VA,Pulaski
2015-05-06,2015,5,May,Wednesday,18.0,18-25,M,W,attack,Car,gun,Armed,shot,False,False,NC,Wake Forest
2015-05-07,2015,5,May,Thursday,72.0,66+,M,,other,Not fleeing,knife,Armed,shot,True,False,GA,Lawrenceville
2015-05-07,2015,5,May,Thursday,38.0,36-45,M,W,other,Car,knife,Armed,shot,False,False,NY,Beacon
2015-05-07,2015,5,May,Thursday,21.0,18-25,M,B,attack,Car,vehicle,Armed,shot,False,False,CA,Cerritos
2015-05-08,2015,5,May,Friday,35.0,26-35,M,W,attack,Not fleeing,sword,Armed,shot,False,False,AZ,Kearny
2015-05-08,2015,5,May,Friday,58.0,56-65,M,W,attack,Not fleeing,gun,Armed,shot,True,False,NY,Constantia
2015-05-08,2015,5,May,Friday,48.0,46-55,M,B,attack,Not fleeing,gun,Armed,shot,False,False,LA,Harvey
2015-05-08,2015,5,May,Friday,31.0,26-35,M,B,attack,Car,vehicle,Armed,shot,False,False,MN,Fridley
2015-05-10,2015,5,May,Sunday,47.0,46-55,M,W,attack,Not fleeing,gun,Armed,shot,False,False,WA,Tacoma
2015-05-10,2015,5,May,Sunday,34.0,26-35,M,B,other,Car,vehicle,Armed,shot,False,False,MD,Landover
2015-05-11,2015,5,May,Monday,30.0,26-35,M,B,attack,Car,vehicle,Armed,shot,False,False,TX,Fort Worth
2015-05-11,2015,5,May,Monday,28.0,26-35,M,W,other,Not fleeing,machete,Armed,shot,True,False,FL,St. Augustine
2015-05-12,2015,5,May,Tuesday,28.0,26-35,M,B,other,Foot,gun,Armed,shot,False,False,FL,Jacksonville
2015-05-12,2015,5,May,Tuesday,46.0,46-55,M,O,attack,Not fleeing,gun,Armed,shot and Tasered,False,False,HI,Honolulu
2015-05-12,2015,5,May,Tuesday,40.0,36-45,M,W,other,Not fleeing,undetermined,Unarmed/Unknown,shot,True,False,CA,Rancho Santa Margarita
2015-05-14,2015,5,May,Thursday,37.0,36-45,M,W,attack,Car,gun,Armed,shot,True,False,MI,Portage
2015-05-14,2015,5,May,Thursday,53.0,46-55,M,W,attack,Not fleeing,gun,Armed,shot,True,False,FL,St. Augustine
2015-05-15,2015,5,May,Friday,41.0,36-45,M,W,attack,Not fleeing,gun,Armed,shot,True,False,IL,Rockford
2015-05-15,2015,5,May,Friday,42.0,36-45,M,W,attack,Not fleeing,toy weapon,Armed,shot,True,False,CA,Sacramento
2015-05-16,2015,5,May,Saturday,45.0,36-45,M,B,attack,Foot,gun,Armed,shot,False,False,IL,Harvey
2015-05-17,2015,5,May,Sunday,34.0,26-35,M,W,attack,Foot,gun,Armed,shot,True,True,CA,San Diego
2015-05-17,2015,5,May,Sunday,18.0,18-25,M,W,attack,Not fleeing,gun,Armed,shot,True,False,FL,St. Petersburg
2015-05-17,2015,5,May,Sunday,27.0,26-35,M,W,other,Not fleeing,sword,Armed,shot,False,False,NM,Ruidoso
2015-05-19,2015,5,May,Tuesday,54.0,46-55,M,H,attack,Not fleeing,unarmed,Unarmed/Unknown,shot,False,False,VA,Arlington
2015-05-19,2015,5,May,Tuesday,35.0,26-35,M,W,attack,Not fleeing,gun,Armed,shot,False,False,AR,Cabot
2015-05-19,2015,5,May,Tuesday,17.0,<18,M,W,attack,Other,gun,Armed,shot,False,False,CO,Grand Junction
2015-05-20,2015,5,May,Wednesday,29.0,26-35,M,B,attack,Not fleeing,gun,Armed,shot,False,False,PA,Lancaster
2015-05-20,2015,5,May,Wednesday,52.0,46-55,M,W,other,Not fleeing,knife,Armed,shot and Tasered,False,False,OH,Green
2015-05-20,2015,5,May,Wednesday,38.0,36-45,M,B,attack,Not fleeing,gun,Armed,shot,False,False,KY,Owensboro
2015-05-20,2015,5,May,Wednesday,39.0,36-45,F,W,other,Car,knife,Armed,shot and Tasered,False,False,WY,Gillette
2015-05-20,2015,5,May,Wednesday,26.0,26-35,M,B,attack,Not fleeing,gun,Armed,shot,False,False,NE,Omaha
2015-05-21,2015,5,May,Thursday,22.0,18-25,M,H,undetermined,Not fleeing,gun,Armed,shot,True,False,TX,El Paso
2015-05-21,2015,5,May,Thursday,29.0,26-35,M,B,attack,Not fleeing,knife,Armed,shot,False,False,FL,Ft. Lauderdale
2015-05-21,2015,5,May,Thursday,43.0,36-45,M,W,attack,Not fleeing,knife,Armed,shot,False,False,SC,North Charleston
2015-05-21,2015,5,May,Thursday,24.0,18-25,M,H,other,Not fleeing,knife,Armed,shot,True,False,NJ,Hackensack
2015-05-21,2015,5,May,Thursday,32.0,26-35,M,B,attack,Not fleeing,gun,Armed,shot,False,False,SC,Charleston
2015-05-22,2015,5,May,Friday,40.0,36-45,M,W,attack,Not fleeing,toy weapon,Armed,shot,False,False,PA,Somerset
2015-05-23,2015,5,May,Saturday,25.0,18-25,M,B,attack,Not fleeing,gun,Armed,shot,False,False,MI,Detroit
2015-05-23,2015,5,May,Saturday,47.0,46-55,M,W,attack,Not fleeing,gun,Armed,shot,False,False,MO,Sedalia
2015-05-23,2015,5,May,Saturday,40.0,36-45,M,W,attack,Car,gun,Armed,shot,False,False,AZ,Eagar
2015-05-25,2015,5,May,Monday,31.0,26-35,F,W,attack,Not fleeing,gun,Armed,shot,True,False,TX,Austin
2015-05-25,2015,5,May,Monday,36.0,36-45,M,B,attack,Not fleeing,knife,Armed,shot,True,False,AL,Huntsville
2015-05-26,2015,5,May,Tuesday,62.0,56-65,M,W,attack,Not fleeing,gun,Armed,shot,True,False,WA,Snohomish
2015-05-26,2015,5,May,Tuesday,51.0,46-55,M,B,attack,Not fleeing,gun,Armed,shot,False,False,NY,Queens
2015-05-26,2015,5,May,Tuesday,24.0,18-25,M,W,attack,Not fleeing,undetermined,Unarmed/Unknown,shot,False,False,LA,Bossier City
2015-05-27,2015,5,May,Wednesday,39.0,36-45,M,W,attack,Not fleeing,knife,Armed,shot,False,False,NJ,Ideal Beach
2015-05-27,2015,5,May,Wednesday,24.0,18-25,M,W,attack,Not fleeing,toy weapon,Armed,shot,True,False,OK,Edmond
2015-05-27,2015,5,May,Wednesday,57.0,56-65,M,W,attack,Not fleeing,knife,Armed,shot,True,False,GA,Rockville
2015-05-27,2015,5,May,Wednesday,20.0,18-25,M,O,other,Not fleeing,unarmed,Unarmed/Unknown,shot and Tasered,False,False,CA,Long Beach
2015-05-27,2015,5,May,Wednesday,33.0,26-35,M,W,other,Not fleeing,screwdriver,Armed,shot and Tasered,True,False,CA,Alpine
2015-05-28,2015,5,May,Thursday,60.0,56-65,M,W,attack,Not fleeing,gun,Armed,shot,False,False,SC,Lancaster
2015-05-28,2015,5,May,Thursday,32.0,26-35,M,B,attack,Not fleeing,gun,Armed,shot,False,False,CO,Northglenn
2015-05-28,2015,5,May,Thursday,40.0,36-45,M,B,attack,Not fleeing,gun,Armed,shot,False,False,GA,Carrollton
2015-05-28,2015,5,May,Thursday,18.0,18-25,M,W,attack,Not fleeing,lawn mower blade,Armed,shot and Tasered,False,False,MI,Trenton
2015-05-29,2015,5,May,Friday,36.0,36-45,M,B,other,Not fleeing,knife,Armed,shot,False,False,NJ,Lyndhurst
2015-05-29,2015,5,May,Friday,35.0,26-35,M,W,attack,Not fleeing,gun,Armed,shot,False,False,OK,Okmulgee County
2015-05-29,2015,5,May,Friday,55.0,46-55,M,W,attack,Not fleeing,gun,Armed,shot,False,False,OR,Wilderville
2015-05-30,2015,5,May,Saturday,19.0,18-25,M,W,attack,Foot,unarmed,Unarmed/Unknown,shot,False,False,AZ,Cottonwood
2015-05-30,2015,5,May,Saturday,39.0,36-45,M,H,attack,Not fleeing,toy weapon,Armed,shot,False,False,TN,Nashville
2015-05-31,2015,5,May,Sunday,40.0,36-45,M,,attack,Not fleeing,gun,Armed,shot,True,False,OR,Medford
2015-05-31,2015,5,May,Sunday,47.0,46-55,M,W,attack,Not fleeing,toy weapon,Armed,shot,False,True,TX,Palestine
2015-06-01,2015,6,June,Monday,23.0,18-25,M,W,attack,Other,gun,Armed,shot,True,False,NY,Greece
2015-06-02,2015,6,June,Tuesday,26.0,26-35,M,B,other,Not fleeing,knife,Armed,shot,False,False,MA,Roslindale
2015-06-02,2015,6,June,Tuesday,26.0,26-35,M,W,attack,Not fleeing,knife,Armed,shot,True,False,TX,Azle
2015-06-03,2015,6,June,Wednesday,46.0,46-55,M,H,attack,Car,gun,Armed,shot,False,False,CA,Delano
2015-06-03,2015,6,June,Wednesday,36.0,36-45,M,H,attack,Not fleeing,unarmed,Unarmed/Unknown,shot and Tasered,False,False,NM,Los Lunas
2015-06-03,2015,6,June,Wednesday,18.0,18-25,M,H,attack,Car,gun,Armed,shot,True,False,TX,Ellis County
2015-06-03,2015,6,June,Wednesday,33.0,26-35,M,H,other,Car,knife,Armed,shot,False,False,TX,Fuqua
2015-06-03,2015,6,June,Wednesday,56.0,56-65,M,W,attack,Not fleeing,gun,Armed,shot,True,False,NJ,Byram
2015-06-05,2015,6,June,Friday,50.0,46-55,M,H,attack,Not fleeing,gun,Armed,shot,False,False,CA,Santa Maria
2015-06-05,2015,6,June,Friday,45.0,36-45,F,W,other,Car,vehicle,Armed,shot,False,False,WV,Morgantown
2015-06-06,2015,6,June,Saturday,30.0,26-35,M,B,attack,Not fleeing,gun,Armed,shot and Tasered,False,True,CA,Oakland
2015-06-06,2015,6,June,Saturday,53.0,46-55,M,W,attack,Not fleeing,gun,Armed,shot,False,False,FL,North Port
2015-06-06,2015,6,June,Saturday,45.0,36-45,M,H,attack,Foot,gun,Armed,shot,False,False,CA,Watsonsville
2015-06-06,2015,6,June,Saturday,42.0,36-45,M,W,other,Not fleeing,box cutter,Armed,shot,True,False,TX,Midland
2015-06-06,2015,6,June,Saturday,27.0,26-35,M,H,attack,Car,gun,Armed,shot,False,False,CO,Strasburg
2015-06-07,2015,6,June,Sunday,36.0,36-45,M,W,attack,Not fleeing,gun,Armed,shot,False,False,FL,Melbourne
2015-06-07,2015,6,June,Sunday,58.0,56-65,M,W,attack,Not fleeing,gun,Armed,shot,True,False,WA,Woodland
2015-06-08,2015,6,June,Monday,54.0,46-55,M,,attack,Not fleeing,gun,Armed,shot,True,False,IN,Beech Grove
2015-06-08,2015,6,June,Monday,30.0,26-35,M,H,other,Not fleeing,knife,Armed,shot,True,True,CA,Anaheim
2015-06-08,2015,6,June,Monday,69.0,66+,M,W,attack,Not fleeing,gun,Armed,shot,True,False,AZ,Sun City
2015-06-09,2015,6,June,Tuesday,30.0,26-35,M,W,attack,Not fleeing,unarmed,Unarmed/Unknown,shot,False,False,OH,Findlay
2015-06-09,2015,6,June,Tuesday,45.0,36-45,M,W,attack,Car,gun,Armed,shot,False,False,TX,Tomball
2015-06-09,2015,6,June,Tuesday,22.0,18-25,M,B,attack,Not fleeing,gun,Armed,shot,False,False,OH,Cincinnati
2015-06-09,2015,6,June,Tuesday,28.0,26-35,M,W,other,Car,unarmed,Unarmed/Unknown,shot,False,False,IA,Des Moines
2015-06-10,2015,6,June,Wednesday,19.0,18-25,M,B,attack,Not fleeing,gun,Armed,shot,False,False,NY,Bronx
2015-06-11,2015,6,June,Thursday,40.0,36-45,M,B,attack,Not fleeing,gun,Armed,shot,False,False,FL,Pompano Beach
2015-06-11,2015,6,June,Thursday,86.0,66+,M,,attack,Not fleeing,gun,Armed,shot,True,False,TN,Columbia
2015-06-11,2015,6,June,Thursday,46.0,46-55,M,B,other,Not fleeing,undetermined,Unarmed/Unknown,shot,False,False,FL,Miami
2015-06-11,2015,6,June,Thursday,28.0,26-35,M,H,attack,Not fleeing,gun,Armed,shot,True,False,TX,Bexar County
2015-06-11,2015,6,June,Thursday,22.0,18-25,M,H,other,Not fleeing,knife,Armed,shot,True,False,NJ,Hackensack
2015-06-12,2015,6,June,Friday,17.0,<18,F,W,attack,Not fleeing,toy weapon,Armed,shot,True,False,IN,Kokomo
2015-06-13,2015,6,June,Saturday,46.0,46-55,M,W,attack,Not fleeing,gun,Armed,shot,False,False,IN,Fort Wayne
2015-06-13,2015,6,June,Saturday,35.0,26-35,M,B,other,Not fleeing,flagpole,Armed,shot,False,False,KY,Louisville
2015-06-13,2015,6,June,Saturday,35.0,26-35,M,W,attack,Not fleeing,guns and explosives,Armed,shot,True,False,TX,Hutchins
2015-06-14,2015,6,June,Sunday,28.0,26-35,M,H,attack,Car,vehicle,Armed,shot,False,False,CA,Stockton
2015-06-14,2015,6,June,Sunday,15.0,<18,M,W,attack,Not fleeing,gun,Armed,shot,True,False,FL,Cocoa
2015-06-15,2015,6,June,Monday,22.0,18-25,M,B,other,Foot,unarmed,Unarmed/Unknown,shot,False,False,CA,South Lake Tahoe
2015-06-16,2015,6,June,Tuesday,28.0,26-35,M,H,attack,Not fleeing,gun,Armed,shot,False,False,CA,Visalia
2015-06-16,2015,6,June,Tuesday,31.0,26-35,M,N,attack,Not fleeing,gun,Armed,shot,False,False,ND,Wood Lake
2015-06-17,2015,6,June,Wednesday,40.0,36-45,F,W,attack,Car,gun,Armed,shot,False,False,AL,Clanton
2015-06-17,2015,6,June,Wednesday,48.0,46-55,M,W,attack,Not fleeing,gun,Armed,shot,True,False,NM,Hobbs
2015-06-18,2015,6,June,Thursday,58.0,56-65,M,W,attack,Foot,knife,Armed,shot,False,False,NY,Coney Island
2015-06-19,2015,6,June,Friday,44.0,36-45,M,H,other,Foot,knife,Armed,shot,True,False,MA,Boston
2015-06-19,2015,6,June,Friday,21.0,18-25,M,B,attack,Not fleeing,gun,Armed,shot,True,False,OH,Cincinnati
2015-06-19,2015,6,June,Friday,50.0,46-55,M,H,attack,Not fleeing,gun,Armed,shot,False,False,CO,Greeley
2015-06-20,2015,6,June,Saturday,23.0,18-25,M,B,attack,Foot,gun,Armed,shot,False,False,IL,Chicago
2015-06-21,2015,6,June,Sunday,24.0,18-25,M,H,other,Not fleeing,unarmed,Unarmed/Unknown,shot,True,False,CA,Azusa
2015-06-21,2015,6,June,Sunday,49.0,46-55,M,W,other,Not fleeing,cordless drill,Armed,shot,True,False,TX,Houston
2015-06-22,2015,6,June,Monday,60.0,56-65,M,W,attack,Foot,gun,Armed,shot,False,False,NC,Ronda
2015-06-22,2015,6,June,Monday,35.0,26-35,M,H,attack,Not fleeing,gun,Armed,shot,False,False,CA,Citrus Heights
2015-06-22,2015,6,June,Monday,29.0,26-35,M,W,attack,Not fleeing,gun,Armed,shot,True,False,GA,Augusta
2015-06-22,2015,6,June,Monday,20.0,18-25,M,B,attack,Car,gun,Armed,shot,False,False,PA,Pittsburgh
2015-06-23,2015,6,June,Tuesday,34.0,26-35,M,W,other,Car,unarmed,Unarmed/Unknown,shot,False,False,IN,Indianapolis
2015-06-23,2015,6,June,Tuesday,22.0,18-25,M,W,attack,Not fleeing,knife,Armed,shot,False,False,KS,Hutchinson
2015-06-23,2015,6,June,Tuesday,49.0,46-55,M,W,other,Foot,knife,Armed,shot,True,False,TX,Weatherford
2015-06-23,2015,6,June,Tuesday,32.0,26-35,M,W,attack,Not fleeing,gun,Armed,shot,False,False,NE,Omaha
2015-06-24,2015,6,June,Wednesday,26.0,26-35,M,B,attack,Not fleeing,gun,Armed,shot,False,True,VA,York County
2015-06-25,2015,6,June,Thursday,41.0,36-45,M,B,other,Not fleeing,unarmed,Unarmed/Unknown,shot,True,False,MD,Owings Mills
2015-06-25,2015,6,June,Thursday,61.0,56-65,M,W,attack,Not fleeing,gun,Armed,shot,False,False,CA,Fresno
2015-06-26,2015,6,June,Friday,49.0,46-55,M,W,attack,Other,gun,Armed,shot,False,False,NY,Malone
2015-06-26,2015,6,June,Friday,28.0,26-35,M,H,other,Foot,gun,Armed,shot,False,False,TX,San Antonio
2015-06-27,2015,6,June,Saturday,35.0,26-35,M,W,attack,Not fleeing,gun,Armed,shot,False,True,OK,Tahlequah
2015-06-28,2015,6,June,Sunday,29.0,26-35,M,W,attack,Not fleeing,toy weapon,Armed,shot,False,False,OR,Portland
2015-06-29,2015,6,June,Monday,51.0,46-55,M,W,attack,Not fleeing,gun,Armed,shot,True,False,NY,Edinburg
2015-06-30,2015,6,June,Tuesday,52.0,46-55,M,W,attack,Not fleeing,gun,Armed,shot,False,False,NC,Franklin
2015-07-01,2015,7,July,Wednesday,24.0,18-25,M,B,attack,Foot,vehicle,Armed,shot,False,False,OR,McMinnville
2015-07-01,2015,7,July,Wednesday,32.0,26-35,M,W,attack,Car,gun,Armed,shot,False,False,OR,Josephine County
2015-07-02,2015,7,July,Thursday,45.0,36-45,M,W,attack,Not fleeing,toy weapon,Armed,shot,True,False,MA,Brockton
2015-07-02,2015,7,July,Thursday,60.0,56-65,M,A,other,Not fleeing,knife,Armed,shot,False,False,CA,San Diego
2015-07-02,2015,7,July,Thursday,23.0,18-25,M,B,attack,Foot,unarmed,Unarmed/Unknown,shot,False,False,FL,Jacksonville
2015-07-02,2015,7,July,Thursday,59.0,56-65,M,,attack,Not fleeing,crossbow,Armed,shot,True,False,WV,Meadow Bridge
2015-07-03,2015,7,July,Friday,27.0,26-35,M,H,attack,Not fleeing,knife,Armed,shot and Tasered,False,False,CA,West Covina
2015-07-03,2015,7,July,Friday,46.0,46-55,M,H,attack,Not fleeing,gun,Armed,shot,False,False,CA,Lancaster
2015-07-03,2015,7,July,Friday,33.0,26-35,M,H,attack,Not fleeing,gun,Armed,shot,True,False,NJ,Camden
2015-07-03,2015,7,July,Friday,40.0,36-45,M,W,attack,Not fleeing,gun,Armed,shot,False,False,FL,Miami Beach
2015-07-04,2015,7,July,Saturday,42.0,36-45,M,B,attack,Foot,gun,Armed,shot,False,False,OK,Oklahoma City
2015-07-04,2015,7,July,Saturday,37.0,36-45,M,W,attack,Not fleeing,gun,Armed,shot,False,False,TN,Morristown
2015-07-04,2015,7,July,Saturday,23.0,18-25,M,B,attack,Foot,gun,Armed,shot,False,False,VA,Newport News
2015-07-04,2015,7,July,Saturday,36.0,36-45,M,W,attack,Not fleeing,gun,Armed,shot,False,False,NV,Henderson
2015-07-05,2015,7,July,Sunday,19.0,18-25,M,W,attack,Foot,unarmed,Unarmed/Unknown,shot,False,False,CA,Pleasanton
2015-07-05,2015,7,July,Sunday,35.0,26-35,M,W,attack,Foot,gun,Armed,shot,False,False,TX,Austin
2015-07-05,2015,7,July,Sunday,25.0,18-25,M,W,attack,Not fleeing,toy weapon,Armed,shot and Tasered,True,False,TX,Austin
2015-07-05,2015,7,July,Sunday,43.0,36-45,M,W,other,Not fleeing,unarmed,Unarmed/Unknown,shot,False,False,CA,Hawaiian Gardens
2015-07-06,2015,7,July,Monday,20.0,18-25,M,W,attack,Not fleeing,gun,Armed,shot,False,False,OK,Oklahoma City
2015-07-06,2015,7,July,Monday,42.0,36-45,M,W,other,Not fleeing,knife,Armed,shot,True,True,NH,Bath
2015-07-06,2015,7,July,Monday,42.0,36-45,M,H,attack,Car,knife,Armed,shot and Tasered,False,False,CA,Atwater
2015-07-06,2015,7,July,Monday,31.0,26-35,M,W,attack,Other,vehicle,Armed,shot and Tasered,True,False,CA,Lakewood
2015-07-06,2015,7,July,Monday,29.0,26-35,M,B,attack,Not fleeing,knife,Armed,shot,False,False,CA,Los Angeles
2015-07-07,2015,7,July,Tuesday,18.0,18-25,M,B,attack,Not fleeing,gun,Armed,shot,False,False,TX,Houston
2015-07-07,2015,7,July,Tuesday,33.0,26-35,M,W,other,Not fleeing,metal pole,Armed,shot,False,False,AZ,Mesa
2015-07-07,2015,7,July,Tuesday,59.0,56-65,M,W,attack,Not fleeing,gun,Armed,shot,False,False,TX,Dallas
2015-07-07,2015,7,July,Tuesday,47.0,46-55,M,H,attack,Not fleeing,gun,Armed,shot,False,False,CA,Bakersfield
2015-07-07,2015,7,July,Tuesday,39.0,36-45,M,H,attack,Not fleeing,gun,Armed,shot,True,False,TX,Edinburg
2015-07-07,2015,7,July,Tuesday,37.0,36-45,M,B,attack,Foot,knife,Armed,shot,False,False,NJ,Atlantic City
2015-07-07,2015,7,July,Tuesday,35.0,26-35,M,W,attack,Car,gun,Armed,shot,False,False,MO,Sugar Creek
2015-07-07,2015,7,July,Tuesday,28.0,26-35,M,W,other,Not fleeing,knife,Armed,shot,False,False,KY,Elizabethtown
2015-07-08,2015,7,July,Wednesday,59.0,56-65,M,W,attack,Not fleeing,gun,Armed,shot,False,False,OR,Beaverton
2015-07-08,2015,7,July,Wednesday,62.0,56-65,M,W,attack,Car,vehicle,Armed,shot,False,True,NC,Ashe County
2015-07-09,2015,7,July,Thursday,50.0,46-55,M,W,attack,Not fleeing,gun,Armed,shot,False,False,UT,Parowan
2015-07-09,2015,7,July,Thursday,68.0,66+,M,W,attack,Foot,gun,Armed,shot,False,False,AZ,Phoenix
2015-07-09,2015,7,July,Thursday,27.0,26-35,M,B,attack,Foot,gun,Armed,shot,False,False,IL,Chicago
2015-07-09,2015,7,July,Thursday,17.0,<18,M,W,attack,Not fleeing,gun,Armed,shot,True,False,CA,Boulder Creek
2015-07-09,2015,7,July,Thursday,38.0,36-45,M,W,attack,Other,Taser,Armed,shot and Tasered,False,False,CA,Los Angeles
2015-07-09,2015,7,July,Thursday,21.0,18-25,M,B,other,Not fleeing,sword,Armed,shot,False,False,MO,Kansas City
2015-07-10,2015,7,July,Friday,54.0,46-55,M,W,attack,Not fleeing,gun,Armed,shot,True,True,NV,Las Vegas
2015-07-10,2015,7,July,Friday,20.0,18-25,M,B,attack,Not fleeing,gun,Armed,shot,False,False,GA,Covington
2015-07-10,2015,7,July,Friday,25.0,18-25,M,B,attack,Not fleeing,gun,Armed,shot,False,False,IL,Chicago
2015-07-11,2015,7,July,Saturday,31.0,26-35,M,W,attack,Not fleeing,gun,Armed,shot,False,False,CA,Olivehurst
2015-07-12,2015,7,July,Sunday,35.0,26-35,M,N,other,Foot,knife,Armed,shot,True,False,CO,Denver
2015-07-12,2015,7,July,Sunday,36.0,36-45,M,B,attack,Not fleeing,unarmed,Unarmed/Unknown,shot and Tasered,False,False,FL,Plantation
2015-07-12,2015,7,July,Sunday,60.0,56-65,M,W,attack,Foot,gun,Armed,shot,False,False,TX,Austin
2015-07-12,2015,7,July,Sunday,24.0,18-25,M,W,attack,Not fleeing,gun,Armed,shot,False,False,IL,River Forest
2015-07-12,2015,7,July,Sunday,27.0,26-35,M,W,attack,Not fleeing,gun,Armed,shot,False,False,WY,Casper
2015-07-13,2015,7,July,Monday,20.0,18-25,M,B,attack,Not fleeing,gun,Armed,shot,False,False,GA,Stone Mountain
2015-07-13,2015,7,July,Monday,24.0,18-25,M,W,attack,Car,gun,Armed,shot,False,False,CA,Dunsmuir
2015-07-13,2015,7,July,Monday,23.0,18-25,M,H,attack,Not fleeing,vehicle,Armed,shot,False,False,MA,Lynn
2015-07-13,2015,7,July,Monday,41.0,36-45,M,W,other,Not fleeing,box cutter,Armed,shot and Tasered,False,False,CA,Los Angeles
2015-07-14,2015,7,July,Tuesday,20.0,18-25,M,B,attack,Not fleeing,gun,Armed,shot,False,False,FL,Mascotte
2015-07-14,2015,7,July,Tuesday,76.0,66+,M,,attack,Not fleeing,gun,Armed,shot,False,False,OH,Southington
2015-07-15,2015,7,July,Wednesday,43.0,36-45,M,W,other,Not fleeing,metal pipe,Armed,shot and Tasered,True,False,MI,Marion
2015-07-16,2015,7,July,Thursday,25.0,18-25,M,B,other,Not fleeing,metal hand tool,Armed,shot and Tasered,True,False,CA,Moreno Valley
2015-07-16,2015,7,July,Thursday,29.0,26-35,M,H,other,Not fleeing,sword,Armed,shot,True,False,WI,Wauwatosa
2015-07-16,2015,7,July,Thursday,35.0,26-35,M,B,attack,Not fleeing,gun,Armed,shot,False,False,FL,Homestead
2015-07-16,2015,7,July,Thursday,30.0,26-35,M,W,attack,Other,gun,Armed,shot,False,False,KS,Kansas City
2015-07-16,2015,7,July,Thursday,24.0,18-25,M,O,attack,Not fleeing,gun,Armed,shot,True,False,TN,Chattanooga
2015-07-16,2015,7,July,Thursday,23.0,18-25,M,N,attack,Not fleeing,gun,Armed,shot,False,False,WY,Cheyenne
2015-07-16,2015,7,July,Thursday,29.0,26-35,M,W,attack,Foot,gun,Armed,shot,False,False,AL,Opp
2015-07-17,2015,7,July,Friday,27.0,26-35,M,W,other,Foot,knife,Armed,shot,False,False,WA,Seattle
2015-07-17,2015,7,July,Friday,23.0,18-25,M,B,attack,Foot,unarmed,Unarmed/Unknown,shot and Tasered,False,False,FL,Orlando
2015-07-17,2015,7,July,Friday,50.0,46-55,M,W,attack,Not fleeing,gun,Armed,shot,True,False,CA,Needles
2015-07-17,2015,7,July,Friday,19.0,18-25,M,B,attack,Foot,unarmed,Unarmed/Unknown,shot,False,False,TN,Memphis
2015-07-17,2015,7,July,Friday,24.0,18-25,M,H,other,Other,undetermined,Unarmed/Unknown,shot,False,False,TX,Brownsville
2015-07-18,2015,7,July,Saturday,22.0,18-25,M,W,attack,Not fleeing,knife,Armed,shot,True,False,CO,Fort Collins
2015-07-18,2015,7,July,Saturday,46.0,46-55,M,W,attack,Not fleeing,gun,Armed,shot,False,False,AZ,Phoenix
2015-07-18,2015,7,July,Saturday,65.0,56-65,M,W,attack,Not fleeing,gun,Armed,shot,False,False,KS,Colby
2015-07-19,2015,7,July,Sunday,43.0,36-45,M,B,other,Car,unarmed,Unarmed/Unknown,shot,False,True,OH,Mt. Auburn
2015-07-20,2015,7,July,Monday,35.0,26-35,M,W,attack,Other,gun,Armed,shot,False,False,TX,Winnie
2015-07-20,2015,7,July,Monday,54.0,46-55,M,,other,Not fleeing,knife,Armed,shot,False,False,CA,Fremont
2015-07-21,2015,7,July,Tuesday,47.0,46-55,M,W,other,Not fleeing,unarmed,Unarmed/Unknown,shot,False,False,GA,White
2015-07-21,2015,7,July,Tuesday,24.0,18-25,M,W,other,Car,gun,Armed,shot,False,False,FL,Oakland Park
2015-07-21,2015,7,July,Tuesday,35.0,26-35,M,W,attack,Not fleeing,gun,Armed,shot,False,False,GA,Jesup
2015-07-22,2015,7,July,Wednesday,25.0,18-25,M,H,attack,Not fleeing,gun,Armed,shot,False,False,WI,Monroe
2015-07-22,2015,7,July,Wednesday,26.0,26-35,M,B,other,Other,knife,Armed,shot and Tasered,False,False,OK,Oklahoma City
2015-07-22,2015,7,July,Wednesday,27.0,26-35,M,B,attack,Not fleeing,gun,Armed,shot,False,False,PA,Philadelphia
2015-07-23,2015,7,July,Thursday,34.0,26-35,M,B,attack,Not fleeing,gun,Armed,shot,False,False,OH,Dayton
2015-07-23,2015,7,July,Thursday,31.0,26-35,M,W,attack,Not fleeing,unarmed,Unarmed/Unknown,shot and Tasered,True,False,MN,Plymouth
2015-07-23,2015,7,July,Thursday,32.0,26-35,M,W,attack,Not fleeing,gun,Armed,shot,False,False,SC,Myrtle Beach
2015-07-23,2015,7,July,Thursday,47.0,46-55,M,W,attack,Not fleeing,toy weapon,Armed,shot,False,False,WY,Douglas
2015-07-23,2015,7,July,Thursday,44.0,36-45,F,W,attack,Not fleeing,gun,Armed,shot,True,False,CA,Meadow Vista
2015-07-24,2015,7,July,Friday,44.0,36-45,M,W,attack,Not fleeing,gun,Armed,shot,False,False,CA,Studio City
2015-07-24,2015,7,July,Friday,30.0,26-35,M,W,other,Not fleeing,knife,Armed,shot and Tasered,False,False,NC,Pinnacle
2015-07-25,2015,7,July,Saturday,60.0,56-65,M,W,attack,Car,blunt object,Armed,shot,True,False,LA,New Orleans
2015-07-25,2015,7,July,Saturday,50.0,46-55,M,W,attack,Not fleeing,gun,Armed,shot,True,False,GA,Decatur
2015-07-25,2015,7,July,Saturday,36.0,36-45,M,B,attack,Not fleeing,toy weapon,Armed,shot,False,False,NV,Las Vegas
2015-07-25,2015,7,July,Saturday,59.0,56-65,M,B,attack,Not fleeing,gun,Armed,shot,False,False,FL,Micanopy
2015-07-26,2015,7,July,Sunday,33.0,26-35,M,B,attack,Not fleeing,gun,Armed,shot,False,False,LA,Shreveport
2015-07-26,2015,7,July,Sunday,19.0,18-25,M,W,other,Other,vehicle,Armed,shot,False,False,SC,Seneca
2015-07-27,2015,7,July,Monday,56.0,56-65,M,W,attack,Not fleeing,knife,Armed,shot,False,False,SC,Irmo
2015-07-27,2015,7,July,Monday,45.0,36-45,M,W,attack,Car,toy weapon,Armed,shot,True,False,LA,Houma
2015-07-27,2015,7,July,Monday,22.0,18-25,M,W,other,Not fleeing,knife,Armed,shot and Tasered,False,False,CO,Boulder
2015-07-28,2015,7,July,Tuesday,41.0,36-45,M,,other,Not fleeing,knife,Armed,shot,False,False,AR,Manila
2015-07-29,2015,7,July,Wednesday,34.0,26-35,M,H,undetermined,Foot,gun,Armed,shot,False,False,NM,Las Cruces
2015-07-29,2015,7,July,Wednesday,53.0,46-55,M,W,attack,Not fleeing,gun,Armed,shot,True,False,UT,Logan
2015-07-30,2015,7,July,Thursday,48.0,46-55,M,W,attack,Not fleeing,gun,Armed,shot,False,False,NV,Gardnerville Ranchos
2015-07-30,2015,7,July,Thursday,25.0,18-25,M,W,attack,Car,gun,Armed,shot,False,False,CA,Dunsmuir
2015-07-30,2015,7,July,Thursday,30.0,26-35,M,H,attack,Not fleeing,gun,Armed,shot,False,False,TX,Fort Worth
2015-07-30,2015,7,July,Thursday,47.0,46-55,M,H,attack,Not fleeing,metal stick,Armed,shot and Tasered,False,False,CA,Whittier
2015-07-31,2015,7,July,Friday,33.0,26-35,M,H,attack,Not fleeing,gun,Armed,shot,False,True,NM,Albuquerque
2015-07-31,2015,7,July,Friday,34.0,26-35,M,W,attack,Not fleeing,gun,Armed,shot,False,False,NM,Roswell
2015-08-01,2015,8,August,Saturday,52.0,46-55,M,,attack,Not fleeing,gun,Armed,shot,False,False,WV,Nitro
2015-08-01,2015,8,August,Saturday,29.0,26-35,M,H,attack,Not fleeing,gun,Armed,shot,False,False,AZ,Tucson
2015-08-02,2015,8,August,Sunday,63.0,56-65,M,W,other,Not fleeing,vehicle,Armed,shot,True,False,TX,Houston
2015-08-03,2015,8,August,Monday,49.0,46-55,M,B,attack,Not fleeing,gun,Armed,shot,False,False,CA,Oakland
2015-08-03,2015,8,August,Monday,18.0,18-25,M,W,attack,Foot,gun,Armed,shot,False,False,PA,Campbelltown
2015-08-03,2015,8,August,Monday,71.0,66+,M,W,attack,Not fleeing,gun,Armed,shot,False,False,VA,Powhatan County
2015-08-03,2015,8,August,Monday,35.0,26-35,M,W,attack,Not fleeing,toy weapon,Armed,shot,True,False,IN,Muncie
2015-08-04,2015,8,August,Tuesday,55.0,46-55,M,H,other,Not fleeing,undetermined,Unarmed/Unknown,shot,True,False,CA,San Diego County
2015-08-04,2015,8,August,Tuesday,31.0,26-35,M,B,undetermined,Not fleeing,gun,Armed,shot,True,True,IL,Rantoul
2015-08-05,2015,8,August,Wednesday,18.0,18-25,M,W,attack,Not fleeing,knife,Armed,shot,False,False,KY,Louisville
2015-08-05,2015,8,August,Wednesday,51.0,46-55,M,W,other,Not fleeing,knife,Armed,shot,True,False,WI,Greenfield
2015-08-05,2015,8,August,Wednesday,39.0,36-45,M,B,attack,Not fleeing,gun,Armed,shot,False,False,HI,Maui
2015-08-05,2015,8,August,Wednesday,20.0,18-25,M,B,attack,Foot,gun,Armed,shot,False,False,VA,Richmond
2015-08-05,2015,8,August,Wednesday,29.0,26-35,M,W,attack,Not fleeing,hatchet,Armed,shot,True,False,TN,Antioch
2015-08-05,2015,8,August,Wednesday,40.0,36-45,M,W,attack,Not fleeing,gun,Armed,shot,False,False,WA,Tacoma
2015-08-06,2015,8,August,Thursday,42.0,36-45,M,H,attack,Not fleeing,knife,Armed,shot,False,False,KY,Elsmere
2015-08-06,2015,8,August,Thursday,22.0,18-25,M,B,attack,Car,gun,Armed,shot,False,False,TX,El Paso
2015-08-07,2015,8,August,Friday,19.0,18-25,M,B,other,Not fleeing,unarmed,Unarmed/Unknown,shot,False,False,TX,Arlington
2015-08-07,2015,8,August,Friday,24.0,18-25,M,H,other,Not fleeing,sharp object,Armed,shot,True,True,NV,Las Vegas
2015-08-07,2015,8,August,Friday,30.0,26-35,M,W,attack,Not fleeing,toy weapon,Armed,shot,True,False,CA,Fresno
2015-08-07,2015,8,August,Friday,53.0,46-55,M,W,other,Car,vehicle,Armed,shot,False,False,MT,Superior
2015-08-07,2015,8,August,Friday,25.0,18-25,M,B,attack,Not fleeing,gun,Armed,shot,False,False,NC,Greenville
2015-08-07,2015,8,August,Friday,28.0,26-35,M,B,attack,Not fleeing,knife,Armed,shot,False,False,CA,Long Beach
2015-08-08,2015,8,August,Saturday,33.0,26-35,M,,attack,Not fleeing,gun,Armed,shot,False,False,TX,Brookshire
2015-08-08,2015,8,August,Saturday,24.0,18-25,M,B,attack,Car,gun,Armed,shot,False,False,SC,Summerville
2015-08-08,2015,8,August,Saturday,59.0,56-65,M,W,attack,Not fleeing,gun,Armed,shot,False,False,NC,Gastonia
2015-08-08,2015,8,August,Saturday,46.0,46-55,M,W,attack,Not fleeing,gun,Armed,shot,False,False,WA,Spokane
2015-08-09,2015,8,August,Sunday,15.0,<18,M,B,attack,Not fleeing,vehicle,Armed,shot,False,False,IN,Indianapolis
2015-08-09,2015,8,August,Sunday,41.0,36-45,M,W,attack,Not fleeing,gun,Armed,shot,True,False,OK,Ardmore
2015-08-09,2015,8,August,Sunday,77.0,66+,M,,attack,Not fleeing,toy weapon,Armed,shot,True,False,PA,Pittston
2015-08-09,2015,8,August,Sunday,22.0,18-25,M,H,attack,Foot,meat cleaver,Armed,shot,False,False,CA,San Jose
2015-08-10,2015,8,August,Monday,24.0,18-25,M,W,other,Not fleeing,vehicle,Armed,shot,False,False,AZ,Gilbert
2015-08-11,2015,8,August,Tuesday,34.0,26-35,M,W,attack,Not fleeing,gun,Armed,shot,False,False,ID,Sandpoint
2015-08-11,2015,8,August,Tuesday,48.0,46-55,M,W,other,Not fleeing,knife,Armed,shot and Tasered,False,False,TX,Waco
2015-08-12,2015,8,August,Wednesday,24.0,18-25,M,W,attack,Not fleeing,gun,Armed,shot,False,False,TX,Odessa
2015-08-12,2015,8,August,Wednesday,27.0,26-35,M,B,attack,Car,gun,Armed,shot,False,True,CA,Oakland
2015-08-12,2015,8,August,Wednesday,30.0,26-35,F,B,other,Not fleeing,knife,Armed,shot and Tasered,False,False,CA,Los Angeles
2015-08-12,2015,8,August,Wednesday,27.0,26-35,M,H,attack,Car,gun,Armed,shot,False,False,CA,Hemet
2015-08-12,2015,8,August,Wednesday,27.0,26-35,M,B,attack,Car,gun,Armed,shot,False,False,OH,Toledo
2015-08-12,2015,8,August,Wednesday,49.0,46-55,M,W,undetermined,Car,gun,Armed,shot,False,False,NM,Hobbs
2015-08-14,2015,8,August,Friday,38.0,36-45,M,B,attack,Not fleeing,gun,Armed,shot,False,False,NY,Staten Island
2015-08-14,2015,8,August,Friday,26.0,26-35,M,H,attack,Not fleeing,gun,Armed,shot,False,False,TX,Boerne
2015-08-14,2015,8,August,Friday,30.0,26-35,M,B,attack,Foot,unarmed,Unarmed/Unknown,shot,True,False,MD,District Heights
2015-08-14,2015,8,August,Friday,53.0,46-55,M,W,attack,Car,box cutter,Armed,shot and Tasered,False,False,CT,Bolton
2015-08-15,2015,8,August,Saturday,43.0,36-45,M,W,attack,Not fleeing,unarmed,Unarmed/Unknown,shot and Tasered,False,False,IN,Hanover
2015-08-15,2015,8,August,Saturday,23.0,18-25,M,B,attack,Not fleeing,gun,Armed,shot,False,False,CA,Sunnyvale
2015-08-15,2015,8,August,Saturday,34.0,26-35,M,B,attack,Not fleeing,,Unknown,shot,False,False,CA,Inyokern
2015-08-15,2015,8,August,Saturday,30.0,26-35,M,W,attack,Not fleeing,gun,Armed,shot,False,False,NV,Carson City
2015-08-16,2015,8,August,Sunday,29.0,26-35,M,H,other,Not fleeing,gun,Armed,shot,False,False,CA,San Jose
2015-08-16,2015,8,August,Sunday,47.0,46-55,M,W,attack,Not fleeing,gun,Armed,shot,False,False,TX,Kerrville
2015-08-17,2015,8,August,Monday,35.0,26-35,M,B,attack,Not fleeing,gun,Armed,shot,False,False,TX,Houston
2015-08-17,2015,8,August,Monday,40.0,36-45,M,H,other,Foot,unarmed,Unarmed/Unknown,shot,False,False,CA,San Jose
2015-08-19,2015,8,August,Wednesday,18.0,18-25,M,B,attack,Foot,gun,Armed,shot,False,False,MO,St. Louis
2015-08-19,2015,8,August,Wednesday,24.0,18-25,M,B,attack,Car,gun,Armed,shot,False,False,MI,Bloomfield Township
2015-08-19,2015,8,August,Wednesday,29.0,26-35,M,W,attack,Foot,gun,Armed,shot,True,False,WA,Hunters
2015-08-19,2015,8,August,Wednesday,44.0,36-45,M,W,attack,Not fleeing,gun,Armed,shot,True,False,NC,Canton
2015-08-20,2015,8,August,Thursday,19.0,18-25,M,W,attack,Not fleeing,gun,Armed,shot,True,False,OH,Beverly
2015-08-20,2015,8,August,Thursday,50.0,46-55,M,W,attack,Not fleeing,unarmed,Unarmed/Unknown,shot and Tasered,True,False,AL,Tuscaloosa
2015-08-20,2015,8,August,Thursday,17.0,<18,M,H,attack,Not fleeing,gun,Armed,shot,True,False,CA,Ontario
2015-08-21,2015,8,August,Friday,57.0,56-65,M,W,attack,Not fleeing,gun,Armed,shot,True,False,WA,Grapeview
2015-08-21,2015,8,August,Friday,30.0,26-35,M,W,attack,Car,vehicle,Armed,shot,False,False,MD,North East
2015-08-21,2015,8,August,Friday,38.0,36-45,M,W,other,Not fleeing,knife,Armed,shot,False,False,NC,Wake Forest
2015-08-22,2015,8,August,Saturday,31.0,26-35,M,W,attack,Not fleeing,gun,Armed,shot,False,False,MN,Cohasset
2015-08-22,2015,8,August,Saturday,39.0,36-45,M,B,attack,Foot,gun,Armed,shot and Tasered,False,False,NY,Troy
2015-08-22,2015,8,August,Saturday,29.0,26-35,M,W,undetermined,Not fleeing,carjack,Armed,shot,False,False,CA,Bakersfield
2015-08-22,2015,8,August,Saturday,26.0,26-35,M,W,attack,Car,vehicle,Armed,shot,False,False,KS,Wichita
2015-08-22,2015,8,August,Saturday,64.0,56-65,M,W,other,Not fleeing,knife,Armed,shot,False,False,VA,King George
2015-08-23,2015,8,August,Sunday,36.0,36-45,M,W,attack,Not fleeing,gun,Armed,shot,True,False,FL,Jacksonville
2015-08-23,2015,8,August,Sunday,36.0,36-45,M,W,attack,Car,gun,Armed,shot,False,False,AL,Arab
2015-08-23,2015,8,August,Sunday,21.0,18-25,M,W,attack,Not fleeing,toy weapon,Armed,shot,False,False,NJ,Brick Township
2015-08-23,2015,8,August,Sunday,53.0,46-55,M,B,attack,Not fleeing,gun,Armed,shot,False,False,NC,Archdale
2015-08-23,2015,8,August,Sunday,57.0,56-65,M,W,attack,Not fleeing,gun,Armed,shot,False,False,NV,Las Vegas
2015-08-25,2015,8,August,Tuesday,30.0,26-35,M,H,attack,Foot,gun,Armed,shot,False,False,NM,Santa Fe
2015-08-25,2015,8,August,Tuesday,34.0,26-35,M,B,attack,Not fleeing,knife,Armed,shot,False,False,PA,West Chester
2015-08-25,2015,8,August,Tuesday,53.0,46-55,M,W,attack,Not fleeing,gun,Armed,shot,False,False,FL,Thonotosassa
2015-08-25,2015,8,August,Tuesday,45.0,36-45,M,W,attack,Not fleeing,gun,Armed,shot,False,False,AZ,Phoenix
2015-08-25,2015,8,August,Tuesday,22.0,18-25,M,H,attack,Not fleeing,gun,Armed,shot,False,False,FL,Miami
2015-08-26,2015,8,August,Wednesday,22.0,18-25,M,W,attack,Not fleeing,toy weapon,Armed,shot,True,False,TN,Hendersonville
2015-08-26,2015,8,August,Wednesday,46.0,46-55,M,W,attack,Car,gun,Armed,shot,False,False,TN,Chattanooga
2015-08-26,2015,8,August,Wednesday,27.0,26-35,M,W,attack,Not fleeing,gun,Armed,shot,True,False,UT,West Jordan
2015-08-27,2015,8,August,Thursday,42.0,36-45,M,B,attack,Not fleeing,box cutter,Armed,shot and Tasered,False,False,TX,Dallas
2015-08-27,2015,8,August,Thursday,30.0,26-35,M,B,attack,Not fleeing,chain,Armed,shot,False,True,CA,Oakland
2015-08-27,2015,8,August,Thursday,54.0,46-55,M,W,other,Not fleeing,box cutter,Armed,shot,False,True,CA,San Diego
2015-08-27,2015,8,August,Thursday,29.0,26-35,M,H,attack,Not fleeing,contractor's level,Armed,shot,False,False,CA,Los Angeles
2015-08-28,2015,8,August,Friday,41.0,36-45,M,H,undetermined,Not fleeing,undetermined,Unarmed/Unknown,shot,True,False,TX,San Antonio
2015-08-28,2015,8,August,Friday,28.0,26-35,M,W,attack,Not fleeing,gun,Armed,shot,True,True,UT,Spanish Fork
2015-08-28,2015,8,August,Friday,61.0,56-65,M,B,other,Not fleeing,unarmed,Unarmed/Unknown,shot,False,False,NY,Mount Vernon
2015-08-28,2015,8,August,Friday,23.0,18-25,M,W,attack,Not fleeing,gun,Armed,shot,False,False,TX,Longview
2015-08-29,2015,8,August,Saturday,25.0,18-25,M,B,attack,Foot,gun,Armed,shot,False,False,NV,North Las Vegas
2015-08-29,2015,8,August,Saturday,,,M,W,other,Not fleeing,knife,Armed,shot,False,False,TX,San Antonio
2015-08-29,2015,8,August,Saturday,29.0,26-35,M,H,undetermined,Car,unarmed,Unarmed/Unknown,shot,False,False,IL,Chicago
2015-08-30,2015,8,August,Sunday,20.0,18-25,M,W,attack,Not fleeing,gun,Armed,shot,False,False,OK,Cushing
2015-08-30,2015,8,August,Sunday,40.0,36-45,M,H,attack,Not fleeing,gun,Armed,shot,False,False,AZ,Tucson
2015-08-31,2015,8,August,Monday,45.0,36-45,M,W,attack,Foot,knife,Armed,shot,False,False,CO,Loveland
2015-09-01,2015,9,September,Tuesday,33.0,26-35,M,B,attack,Foot,guns and explosives,Armed,shot,False,False,WV,Bluefield
2015-09-01,2015,9,September,Tuesday,76.0,66+,M,W,attack,Not fleeing,gun,Armed,shot,False,False,OH,Twinsburg
2015-09-01,2015,9,September,Tuesday,47.0,46-55,M,W,attack,Not fleeing,gun,Armed,shot,False,False,NM,Artesia
2015-09-02,2015,9,September,Wednesday,45.0,36-45,M,W,attack,Not fleeing,gun,Armed,shot,True,True,AZ,Prescott
2015-09-03,2015,9,September,Thursday,40.0,36-45,M,H,attack,Not fleeing,unarmed,Unarmed/Unknown,shot,True,True,CA,Fresno
2015-09-04,2015,9,September,Friday,37.0,36-45,M,W,attack,Not fleeing,gun,Armed,shot,True,False,SD,Mitchell
2015-09-04,2015,9,September,Friday,49.0,46-55,M,H,attack,Not fleeing,metal pipe,Armed,shot and Tasered,False,False,IN,French Lick
2015-09-04,2015,9,September,Friday,27.0,26-35,M,W,attack,Car,gun,Armed,shot,False,False,CA,Weitchpec
2015-09-04,2015,9,September,Friday,36.0,36-45,M,W,attack,Not fleeing,gun,Armed,shot,False,False,TX,Springtown
2015-09-04,2015,9,September,Friday,23.0,18-25,M,W,other,Not fleeing,knife,Armed,shot,True,False,NH,Merrimack
2015-09-05,2015,9,September,Saturday,21.0,18-25,M,B,attack,Not fleeing,toy weapon,Armed,shot,True,False,NC,Durham
2015-09-05,2015,9,September,Saturday,32.0,26-35,M,H,other,Not fleeing,metal pipe,Armed,shot,True,True,CA,Ontario
2015-09-05,2015,9,September,Saturday,35.0,26-35,M,B,attack,Not fleeing,gun,Armed,shot,False,False,VA,Virginia Beach
2015-09-05,2015,9,September,Saturday,28.0,26-35,F,B,undetermined,Not fleeing,unarmed,Unarmed/Unknown,shot,False,False,VA,Virginia Beach
2015-09-06,2015,9,September,Sunday,59.0,56-65,M,H,attack,Car,gun,Armed,shot,False,False,FL,Little Havana
2015-09-06,2015,9,September,Sunday,28.0,26-35,M,B,attack,Car,gun,Armed,shot,True,False,LA,Shreveport
2015-09-06,2015,9,September,Sunday,45.0,36-45,M,W,attack,Not fleeing,gun,Armed,shot,False,False,NM,Hobbs
2015-09-07,2015,9,September,Monday,45.0,36-45,M,H,other,Foot,metal pipe,Armed,shot,False,True,CA,Fresno
2015-09-08,2015,9,September,Tuesday,19.0,18-25,M,N,attack,Not fleeing,gun,Armed,shot,False,False,AK,Fairbanks
2015-09-09,2015,9,September,Wednesday,25.0,18-25,M,W,attack,Not fleeing,gun,Armed,shot,False,False,WI,Ashwaubenon
2015-09-09,2015,9,September,Wednesday,37.0,36-45,M,B,other,Not fleeing,guns and explosives,Armed,shot,True,False,MO,Kansas City
2015-09-09,2015,9,September,Wednesday,33.0,26-35,M,N,attack,Car,gun,Armed,shot,False,False,AK,Fairbanks
2015-09-09,2015,9,September,Wednesday,59.0,56-65,M,A,attack,Not fleeing,knife,Armed,shot,False,False,CA,El Monte
2015-09-10,2015,9,September,Thursday,31.0,26-35,M,A,attack,Not fleeing,knife,Armed,shot,False,False,NY,Potsdam
2015-09-10,2015,9,September,Thursday,35.0,26-35,M,,other,Not fleeing,knife,Armed,shot,True,False,CA,Fontana
2015-09-10,2015,9,September,Thursday,29.0,26-35,M,B,attack,Not fleeing,gun,Armed,shot,False,False,IN,Indianapolis
2015-09-10,2015,9,September,Thursday,32.0,26-35,M,W,attack,Foot,gun,Armed,shot,False,False,CA,Lodi
2015-09-10,2015,9,September,Thursday,41.0,36-45,M,H,attack,Car,gun,Armed,shot,False,False,CA,Downey
2015-09-11,2015,9,September,Friday,31.0,26-35,M,W,attack,Not fleeing,gun,Armed,shot,False,False,PA,Chester
2015-09-11,2015,9,September,Friday,44.0,36-45,M,W,attack,Car,gun,Armed,shot,False,False,CO,Broomfield
2015-09-12,2015,9,September,Saturday,23.0,18-25,M,W,undetermined,Other,undetermined,Unarmed/Unknown,shot,False,False,AL,Sylacauga
2015-09-12,2015,9,September,Saturday,45.0,36-45,M,W,attack,Not fleeing,gun,Armed,shot,False,False,TN,West Knox
2015-09-13,2015,9,September,Sunday,39.0,36-45,M,W,attack,Not fleeing,gun,Armed,shot,True,False,IA,Wellman
2015-09-13,2015,9,September,Sunday,67.0,66+,M,B,attack,Not fleeing,gun,Armed,shot,True,False,OK,McAlester
2015-09-13,2015,9,September,Sunday,29.0,26-35,M,W,attack,Car,gun,Armed,shot,False,False,TX,Clute
2015-09-14,2015,9,September,Monday,25.0,18-25,M,B,attack,Car,gun,Armed,shot,False,False,KY,Princeton
2015-09-14,2015,9,September,Monday,28.0,26-35,M,W,attack,Not fleeing,unarmed,Unarmed/Unknown,shot,True,False,CA,Barstow
2015-09-15,2015,9,September,Tuesday,21.0,18-25,M,B,attack,Not fleeing,unknown weapon,Armed,shot,False,False,LA,Chalmette
2015-09-15,2015,9,September,Tuesday,32.0,26-35,M,H,attack,Not fleeing,gun,Armed,shot,False,True,CA,Panorama City
2015-09-15,2015,9,September,Tuesday,51.0,46-55,M,H,undetermined,Car,gun,Armed,shot,True,False,FL,Miami
2015-09-15,2015,9,September,Tuesday,39.0,36-45,M,H,attack,Not fleeing,gun,Armed,shot,False,False,CA,Los Angeles
2015-09-15,2015,9,September,Tuesday,27.0,26-35,M,B,other,Not fleeing,gun,Armed,shot,False,False,LA,Alexandria
2015-09-16,2015,9,September,Wednesday,31.0,26-35,M,W,attack,Foot,gun,Armed,shot,True,False,SD,Lead
2015-09-17,2015,9,September,Thursday,50.0,46-55,M,W,attack,Not fleeing,gun,Armed,shot,False,False,MI,Beaverton
2015-09-17,2015,9,September,Thursday,,,M,W,attack,Not fleeing,gun,Armed,shot,False,False,KY,Brodhead
2015-09-18,2015,9,September,Friday,32.0,26-35,M,W,undetermined,Car,vehicle,Armed,shot,False,False,CA,San Bernardino
2015-09-18,2015,9,September,Friday,47.0,46-55,M,W,undetermined,Not fleeing,undetermined,Unarmed/Unknown,shot,False,False,TN,Dickson
2015-09-19,2015,9,September,Saturday,46.0,46-55,M,W,attack,Car,gun,Armed,shot,False,False,LA,Slidell
2015-09-19,2015,9,September,Saturday,57.0,56-65,M,W,attack,Not fleeing,gun,Armed,shot,True,True,AL,Washington County
2015-09-20,2015,9,September,Sunday,23.0,18-25,M,W,attack,Not fleeing,gun,Armed,shot,False,True,VA,Harrisonburg
2015-09-20,2015,9,September,Sunday,56.0,56-65,M,W,attack,Not fleeing,gun,Armed,shot,False,False,IN,Shelbyville
2015-09-21,2015,9,September,Monday,24.0,18-25,M,H,attack,Not fleeing,gun,Armed,shot,True,False,TX,Dallas
2015-09-21,2015,9,September,Monday,27.0,26-35,M,W,attack,Not fleeing,gun,Armed,shot,False,False,CA,Sand City
2015-09-21,2015,9,September,Monday,23.0,18-25,F,W,attack,Not fleeing,gun,Armed,shot,False,False,CA,Sand City
2015-09-21,2015,9,September,Monday,21.0,18-25,M,W,attack,Not fleeing,unarmed,Unarmed/Unknown,shot and Tasered,False,False,TX,Paris
2015-09-21,2015,9,September,Monday,26.0,26-35,M,W,attack,Not fleeing,gun,Armed,shot,False,False,FL,Barberville
2015-09-21,2015,9,September,Monday,34.0,26-35,M,H,other,Foot,stapler,Armed,shot,False,False,FL,Auburndale
2015-09-22,2015,9,September,Tuesday,32.0,26-35,M,B,attack,Car,gun,Armed,shot,False,False,CA,Oakland
2015-09-22,2015,9,September,Tuesday,33.0,26-35,M,W,attack,Not fleeing,gun,Armed,shot,True,False,FL,Niceville
2015-09-22,2015,9,September,Tuesday,55.0,46-55,M,W,attack,Not fleeing,gun,Armed,shot,True,False,CA,Happy Valley
2015-09-22,2015,9,September,Tuesday,26.0,26-35,M,,attack,Not fleeing,gun,Armed,shot,False,False,NV,North Las Vegas
2015-09-23,2015,9,September,Wednesday,48.0,46-55,M,O,attack,Not fleeing,knife,Armed,shot,False,False,UT,Salt Lake City
2015-09-23,2015,9,September,Wednesday,35.0,26-35,M,W,attack,Not fleeing,gun,Armed,shot,False,False,TX,McKinney
2015-09-23,2015,9,September,Wednesday,19.0,18-25,M,B,other,Foot,unarmed,Unarmed/Unknown,shot,False,False,MD,Reisterstown
2015-09-23,2015,9,September,Wednesday,45.0,36-45,M,W,attack,Not fleeing,gun,Armed,shot,False,False,VA,Grayson County
2015-09-23,2015,9,September,Wednesday,28.0,26-35,M,B,undetermined,Not fleeing,gun,Armed,shot,True,False,DE,Wilmington
2015-09-24,2015,9,September,Thursday,42.0,36-45,M,H,attack,Not fleeing,knife,Armed,shot,False,False,FL,Miami
2015-09-24,2015,9,September,Thursday,17.0,<18,M,W,attack,Not fleeing,gun,Armed,shot,False,False,CO,Fountain
2015-09-24,2015,9,September,Thursday,30.0,26-35,M,O,other,Not fleeing,screwdriver,Armed,shot,True,False,MN,St. Paul
2015-09-25,2015,9,September,Friday,21.0,18-25,M,W,undetermined,Other,unarmed,Unarmed/Unknown,shot,False,False,OH,Akron
2015-09-25,2015,9,September,Friday,33.0,26-35,M,B,other,Not fleeing,box cutter,Armed,shot and Tasered,False,False,IL,Chicago
2015-09-25,2015,9,September,Friday,45.0,36-45,M,W,attack,Not fleeing,gun,Armed,shot,False,False,AZ,Wilhoit
2015-09-26,2015,9,September,Saturday,46.0,46-55,M,B,attack,Not fleeing,knife,Armed,shot,False,False,LA,Baton Rouge
2015-09-26,2015,9,September,Saturday,23.0,18-25,M,H,attack,Not fleeing,gun,Armed,shot,False,False,NM,Lovington
2015-09-27,2015,9,September,Sunday,37.0,36-45,F,H,other,Not fleeing,knife,Armed,shot,True,True,CA,Los Angeles
2015-09-27,2015,9,September,Sunday,43.0,36-45,M,W,attack,Not fleeing,gun,Armed,shot,False,False,GA,Rossville
2015-09-27,2015,9,September,Sunday,40.0,36-45,M,H,attack,Not fleeing,gun,Armed,shot,False,False,TX,Ponder
2015-09-28,2015,9,September,Monday,31.0,26-35,M,B,attack,Foot,unarmed,Unarmed/Unknown,shot and Tasered,False,False,FL,Miami
2015-09-28,2015,9,September,Monday,59.0,56-65,M,H,attack,Not fleeing,toy weapon,Armed,shot,False,True,CA,San Ysidro
2015-09-29,2015,9,September,Tuesday,46.0,46-55,M,N,attack,Not fleeing,blunt object,Armed,shot,False,False,SD,Rapid City
2015-09-29,2015,9,September,Tuesday,37.0,36-45,M,W,attack,Not fleeing,unarmed,Unarmed/Unknown,shot,False,False,MN,Mora
2015-09-30,2015,9,September,Wednesday,28.0,26-35,M,B,attack,Car,gun,Armed,shot,False,False,WV,Beckley
2015-10-02,2015,10,October,Friday,28.0,26-35,M,H,attack,Car,gun,Armed,shot,False,False,AZ,Sierra Vista
2015-10-02,2015,10,October,Friday,26.0,26-35,M,H,attack,Not fleeing,knife,Armed,shot and Tasered,False,False,CA,Rialto
2015-10-02,2015,10,October,Friday,55.0,46-55,F,W,other,Not fleeing,knife,Armed,shot,True,False,OR,Aloha
2015-10-02,2015,10,October,Friday,29.0,26-35,M,W,undetermined,Not fleeing,unarmed,Unarmed/Unknown,shot,False,False,TX,Amarillo
2015-10-04,2015,10,October,Sunday,45.0,36-45,M,,undetermined,Not fleeing,beer bottle,Armed,shot,False,False,CA,Van Nuys
2015-10-04,2015,10,October,Sunday,27.0,26-35,M,W,attack,Foot,gun,Armed,shot,True,False,AL,Muscle Shoals
2015-10-04,2015,10,October,Sunday,31.0,26-35,M,B,attack,Not fleeing,gun,Armed,shot,False,False,IL,Chicago
2015-10-05,2015,10,October,Monday,51.0,46-55,M,W,attack,Foot,gun,Armed,shot,False,False,TX,Hurst
2015-10-05,2015,10,October,Monday,50.0,46-55,M,W,attack,Not fleeing,gun,Armed,shot,False,False,NJ,Woodbridge
2015-10-05,2015,10,October,Monday,27.0,26-35,M,O,other,Not fleeing,unarmed,Unarmed/Unknown,shot,False,False,OH,Akron
2015-10-05,2015,10,October,Monday,18.0,18-25,M,B,attack,Not fleeing,gun,Armed,shot,False,False,OK,Midwest City
2015-10-06,2015,10,October,Tuesday,39.0,36-45,M,,attack,Not fleeing,gun,Armed,shot,True,False,CA,Monterey
2015-10-07,2015,10,October,Wednesday,46.0,46-55,M,H,attack,Not fleeing,machete,Armed,shot,False,False,FL,West Palm Beach
2015-10-09,2015,10,October,Friday,19.0,18-25,M,B,other,Not fleeing,knife,Armed,shot,False,False,MD,Columbia
2015-10-09,2015,10,October,Friday,62.0,56-65,F,,attack,Not fleeing,gun,Armed,shot,False,False,CA,Aguanga
2015-10-10,2015,10,October,Saturday,49.0,46-55,M,W,attack,Not fleeing,vehicle,Armed,shot,True,False,MA,Beverly
2015-10-10,2015,10,October,Saturday,31.0,26-35,M,W,attack,Not fleeing,gun,Armed,shot,False,False,CT,Old Saybrook
2015-10-10,2015,10,October,Saturday,38.0,36-45,M,W,other,Car,vehicle,Armed,shot,True,False,CA,Pinion Hills
2015-10-10,2015,10,October,Saturday,40.0,36-45,M,W,attack,Not fleeing,crossbow,Armed,shot,False,False,MI,Cato Township
2015-10-10,2015,10,October,Saturday,35.0,26-35,M,H,undetermined,Not fleeing,unknown weapon,Armed,shot and Tasered,False,False,IL,Lisle
2015-10-11,2015,10,October,Sunday,34.0,26-35,M,H,undetermined,Other,undetermined,Unarmed/Unknown,shot,False,False,CA,San Bernardino
2015-10-11,2015,10,October,Sunday,44.0,36-45,M,A,attack,Not fleeing,gun,Armed,shot,False,False,LA,Lakes Charles
2015-10-11,2015,10,October,Sunday,23.0,18-25,M,B,attack,Not fleeing,gun,Armed,shot,False,False,SC,Taylors
2015-10-11,2015,10,October,Sunday,43.0,36-45,M,H,other,Car,machete,Armed,shot,False,False,TX,West Odessa
2015-10-12,2015,10,October,Monday,,,M,B,attack,Not fleeing,gun,Armed,shot,False,False,OK,Lawton
2015-10-12,2015,10,October,Monday,31.0,26-35,M,W,attack,Not fleeing,gun,Armed,shot,False,False,MS,Brookhaven
2015-10-14,2015,10,October,Wednesday,27.0,26-35,M,W,attack,Not fleeing,gun,Armed,shot,False,False,GA,Cartersville
2015-10-14,2015,10,October,Wednesday,46.0,46-55,F,W,attack,Car,gun,Armed,shot,True,False,FL,Naples
2015-10-14,2015,10,October,Wednesday,18.0,18-25,M,H,other,Car,vehicle,Armed,shot,False,False,CA,Indio
2015-10-14,2015,10,October,Wednesday,59.0,56-65,M,,attack,Not fleeing,gun,Armed,shot,False,False,CA,Seaside
2015-10-14,2015,10,October,Wednesday,57.0,56-65,M,B,attack,Not fleeing,gun,Armed,shot,False,False,AL,Monroeville
2015-10-15,2015,10,October,Thursday,15.0,<18,M,H,attack,Car,gun,Armed,shot,False,False,FL,Miami
2015-10-15,2015,10,October,Thursday,25.0,18-25,M,B,attack,Not fleeing,gun,Armed,shot,False,False,OH,Columbus
2015-10-15,2015,10,October,Thursday,50.0,46-55,F,W,attack,Car,gun,Armed,shot,True,False,NV,Las Vegas
2015-10-15,2015,10,October,Thursday,31.0,26-35,M,W,attack,Car,toy weapon,Armed,shot,False,False,OH,Parma
2015-10-15,2015,10,October,Thursday,35.0,26-35,M,W,attack,Foot,gun,Armed,shot,False,False,WA,Kirkland
2015-10-15,2015,10,October,Thursday,27.0,26-35,M,H,attack,Not fleeing,gun,Armed,shot,False,False,CA,San Francisco
2015-10-15,2015,10,October,Thursday,20.0,18-25,M,B,attack,Not fleeing,gun,Armed,shot,False,False,TX,Houston
2015-10-16,2015,10,October,Friday,27.0,26-35,M,H,attack,Not fleeing,unarmed,Unarmed/Unknown,shot,False,False,CA,Valinda
2015-10-16,2015,10,October,Friday,45.0,36-45,M,,attack,Not fleeing,gun,Armed,shot,False,False,GA,Barrow County
2015-10-16,2015,10,October,Friday,33.0,26-35,M,B,undetermined,Foot,undetermined,Unarmed/Unknown,shot,False,False,MS,Columbus
2015-10-17,2015,10,October,Saturday,22.0,18-25,M,H,attack,Not fleeing,toy weapon,Armed,shot,False,False,CA,Modesto
2015-10-17,2015,10,October,Saturday,28.0,26-35,M,B,other,Not fleeing,knife,Armed,shot and Tasered,True,False,PA,York
2015-10-18,2015,10,October,Sunday,31.0,26-35,M,B,undetermined,Not fleeing,gun,Armed,shot,False,False,FL,Palm Beach Gardens
2015-10-18,2015,10,October,Sunday,28.0,26-35,M,W,attack,Not fleeing,knife,Armed,shot,True,False,CA,Fresno
2015-10-19,2015,10,October,Monday,53.0,46-55,M,B,attack,Not fleeing,vehicle,Armed,shot,False,False,CA,Los Angeles
2015-10-20,2015,10,October,Tuesday,30.0,26-35,M,W,attack,Not fleeing,toy weapon,Armed,shot,False,False,KY,Louisville
2015-10-20,2015,10,October,Tuesday,39.0,36-45,M,B,attack,Not fleeing,toy weapon,Armed,shot,False,False,CA,San Diego
2015-10-20,2015,10,October,Tuesday,40.0,36-45,M,H,attack,Not fleeing,gun,Armed,shot,False,False,NM,Truth or Consequences
2015-10-20,2015,10,October,Tuesday,30.0,26-35,M,W,attack,Not fleeing,knife,Armed,shot,False,False,LA,Mandeville
2015-10-20,2015,10,October,Tuesday,21.0,18-25,M,W,attack,Foot,gun,Armed,shot,False,False,IA,Cedar Rapids
2015-10-21,2015,10,October,Wednesday,35.0,26-35,M,H,other,Other,knife,Armed,shot,False,False,CA,Calexico
2015-10-21,2015,10,October,Wednesday,21.0,18-25,M,H,attack,Not fleeing,unarmed,Unarmed/Unknown,shot,True,False,CA,West Goshen
2015-10-21,2015,10,October,Wednesday,47.0,46-55,M,W,attack,Not fleeing,gun,Armed,shot,True,False,MI,Kentwood
2015-10-22,2015,10,October,Thursday,38.0,36-45,M,B,attack,Not fleeing,knife,Armed,shot,False,False,LA,Shreveport
2015-10-22,2015,10,October,Thursday,36.0,36-45,M,B,attack,Car,gun,Armed,shot,False,False,CA,Carmichael
2015-10-22,2015,10,October,Thursday,53.0,46-55,M,W,other,Not fleeing,undetermined,Unarmed/Unknown,shot,False,False,KY,Pine Top
2015-10-24,2015,10,October,Saturday,,,M,,attack,Not fleeing,gun,Armed,shot,False,False,NY,New Paltz
2015-10-24,2015,10,October,Saturday,34.0,26-35,M,H,attack,Not fleeing,gun,Armed,shot,False,False,CA,Highgrove
2015-10-24,2015,10,October,Saturday,34.0,26-35,M,B,attack,Not fleeing,gun,Armed,shot,False,True,FL,Cape Coral
2015-10-24,2015,10,October,Saturday,30.0,26-35,M,B,undetermined,Not fleeing,undetermined,Unarmed/Unknown,shot,False,False,CA,Cathedral City
2015-10-24,2015,10,October,Saturday,28.0,26-35,M,W,attack,Not fleeing,gun,Armed,shot,True,False,OH,Zanesville
2015-10-24,2015,10,October,Saturday,47.0,46-55,M,W,attack,Not fleeing,gun,Armed,shot,False,False,WI,Paddock Lake
2015-10-24,2015,10,October,Saturday,49.0,46-55,M,W,attack,Not fleeing,undetermined,Unarmed/Unknown,shot,False,False,AK,Kenai Peninsula
2015-10-25,2015,10,October,Sunday,36.0,36-45,M,W,attack,Not fleeing,gun,Armed,shot,False,False,GA,Talking Rock
2015-10-26,2015,10,October,Monday,45.0,36-45,M,B,other,Not fleeing,vehicle,Armed,shot,False,False,MD,Frederick
2015-10-26,2015,10,October,Monday,21.0,18-25,F,B,attack,Not fleeing,gun,Armed,shot,False,False,DC,Washington
2015-10-26,2015,10,October,Monday,18.0,18-25,M,O,attack,Foot,unarmed,Unarmed/Unknown,shot,False,False,FL,Tampa
2015-10-27,2015,10,October,Tuesday,25.0,18-25,M,B,attack,Not fleeing,gun,Armed,shot,False,True,GA,Savannah
2015-10-28,2015,10,October,Wednesday,29.0,26-35,M,B,attack,Not fleeing,unarmed,Unarmed/Unknown,shot,False,False,CA,Point Loma
2015-10-28,2015,10,October,Wednesday,57.0,56-65,M,W,attack,Not fleeing,gun,Armed,shot,False,False,MS,Smithville
2015-10-28,2015,10,October,Wednesday,34.0,26-35,M,B,attack,Not fleeing,gun,Armed,shot,False,False,FL,Jacksonville
2015-10-28,2015,10,October,Wednesday,35.0,26-35,M,W,attack,Car,gun,Armed,shot,False,False,OR,Salem
2015-10-29,2015,10,October,Thursday,,,M,B,other,Not fleeing,gun,Armed,shot,False,False,OH,Columbus
2015-10-29,2015,10,October,Thursday,18.0,18-25,M,W,attack,Not fleeing,gun,Armed,shot,False,False,TN,Hohenwald
2015-10-30,2015,10,October,Friday,62.0,56-65,M,W,attack,Other,gun,Armed,shot,False,False,KY,Burkesville
2015-10-30,2015,10,October,Friday,29.0,26-35,M,H,attack,Car,gun,Armed,shot,False,False,TX,Mesquite
2015-10-30,2015,10,October,Friday,25.0,18-25,M,B,other,Foot,gun,Armed,shot,False,False,TX,Houston
2015-10-30,2015,10,October,Friday,30.0,26-35,M,W,attack,Foot,knife,Armed,shot and Tasered,False,False,OK,Norwood
2015-10-31,2015,10,October,Saturday,33.0,26-35,M,W,attack,Not fleeing,gun,Armed,shot,False,False,CO,Colorado Springs
2015-10-31,2015,10,October,Saturday,56.0,56-65,M,B,other,Car,unarmed,Unarmed/Unknown,shot,False,False,AL,Opelika
2015-11-01,2015,11,November,Sunday,49.0,46-55,M,W,attack,Not fleeing,gun,Armed,shot,False,False,MN,Hutchinson
2015-11-01,2015,11,November,Sunday,20.0,18-25,M,W,attack,Not fleeing,gun,Armed,shot,False,False,CA,Eureka
2015-11-01,2015,11,November,Sunday,62.0,56-65,M,W,undetermined,Not fleeing,gun,Armed,shot,False,True,ID,Council
2015-11-02,2015,11,November,Monday,62.0,56-65,M,B,attack,Car,gun,Armed,shot,False,False,DC,Washington
2015-11-03,2015,11,November,Tuesday,6.0,<18,M,W,other,Car,unarmed,Unarmed/Unknown,shot,False,True,LA,Marksville
2015-11-04,2015,11,November,Wednesday,30.0,26-35,M,W,attack,Foot,gun,Armed,shot,False,False,MO,Springfield
2015-11-04,2015,11,November,Wednesday,57.0,56-65,M,B,attack,Car,gun,Armed,shot,False,False,TX,Houston
2015-11-04,2015,11,November,Wednesday,18.0,18-25,M,O,attack,Foot,knife,Armed,shot,False,False,CA,Merced
2015-11-04,2015,11,November,Wednesday,47.0,46-55,M,W,other,Foot,unarmed,Unarmed/Unknown,shot,False,True,CA,Pacific Beach
2015-11-05,2015,11,November,Thursday,48.0,46-55,M,W,attack,Not fleeing,gun,Armed,shot,False,False,WV,Morgantown
2015-11-05,2015,11,November,Thursday,20.0,18-25,M,W,attack,Car,gun,Armed,shot,True,False,OK,Hominy
2015-11-05,2015,11,November,Thursday,30.0,26-35,M,W,attack,Not fleeing,hammer,Armed,shot,False,False,MO,Lakeshire
2015-11-05,2015,11,November,Thursday,36.0,36-45,F,W,attack,Not fleeing,gun,Armed,shot,True,False,SC,Goose Creek
2015-11-06,2015,11,November,Friday,51.0,46-55,M,W,attack,Not fleeing,gun,Armed,shot,True,False,OR,Portland
2015-11-06,2015,11,November,Friday,55.0,46-55,M,W,other,Car,vehicle,Armed,shot,False,False,NV,Las Vegas
2015-11-06,2015,11,November,Friday,48.0,46-55,M,W,undetermined,Not fleeing,undetermined,Unarmed/Unknown,shot,False,False,NC,Wadesboro
2015-11-09,2015,11,November,Monday,20.0,18-25,M,B,attack,Car,vehicle,Armed,shot,False,False,SC,Spartanburg
2015-11-09,2015,11,November,Monday,25.0,18-25,M,H,attack,Not fleeing,gun,Armed,shot,True,False,TX,North Laredo
2015-11-09,2015,11,November,Monday,26.0,26-35,M,W,attack,Not fleeing,gun,Armed,shot,False,False,WV,Braxton County
2015-11-09,2015,11,November,Monday,45.0,36-45,M,H,attack,Not fleeing,gun,Armed,shot,False,False,CA,San Jose
2015-11-09,2015,11,November,Monday,35.0,26-35,M,H,other,Not fleeing,bean-bag gun,Armed,shot and Tasered,False,False,CA,Los Angeles
2015-11-10,2015,11,November,Tuesday,63.0,56-65,M,W,attack,Not fleeing,toy weapon,Armed,shot,True,False,CO,Colorado Springs
2015-11-10,2015,11,November,Tuesday,34.0,26-35,M,H,attack,Not fleeing,gun,Armed,shot,False,False,CA,Chico
2015-11-10,2015,11,November,Tuesday,36.0,36-45,M,H,other,Car,vehicle,Armed,shot,False,False,CO,Brighton
2015-11-10,2015,11,November,Tuesday,22.0,18-25,M,W,attack,Not fleeing,gun,Armed,shot,False,False,MT,Dillon
2015-11-11,2015,11,November,Wednesday,31.0,26-35,M,H,other,Car,vehicle,Armed,shot,False,False,NM,Albuquerque
2015-11-11,2015,11,November,Wednesday,25.0,18-25,M,H,attack,Not fleeing,gun,Armed,shot,False,False,CA,San Francisco
2015-11-11,2015,11,November,Wednesday,57.0,56-65,M,W,attack,Not fleeing,gun,Armed,shot,False,False,SC,Aiken
2015-11-11,2015,11,November,Wednesday,32.0,26-35,M,B,attack,Not fleeing,gun,Armed,shot,False,False,MD,Baltimore
2015-11-12,2015,11,November,Thursday,42.0,36-45,M,B,other,Not fleeing,knife,Armed,shot,False,False,CA,Sunnyvale
2015-11-13,2015,11,November,Friday,52.0,46-55,M,W,attack,Not fleeing,toy weapon,Armed,shot,False,False,TN,Gibson County
2015-11-13,2015,11,November,Friday,25.0,18-25,M,H,undetermined,,undetermined,Unarmed/Unknown,shot,False,False,CA,Jurupa Valley
2015-11-13,2015,11,November,Friday,25.0,18-25,M,W,attack,Foot,gun,Armed,shot,False,False,GA,Eden
2015-11-14,2015,11,November,Saturday,31.0,26-35,M,H,other,Not fleeing,hammer,Armed,shot,False,False,CA,Jurupa Valley
2015-11-15,2015,11,November,Sunday,39.0,36-45,M,B,attack,Not fleeing,toy weapon,Armed,shot,False,False,CA,Oakland
2015-11-15,2015,11,November,Sunday,32.0,26-35,M,W,attack,Not fleeing,Taser,Armed,shot and Tasered,False,False,NC,Spring Lake
2015-11-15,2015,11,November,Sunday,16.0,<18,M,B,attack,Not fleeing,unknown weapon,Armed,shot,False,False,PA,Germantown
2015-11-15,2015,11,November,Sunday,24.0,18-25,M,B,undetermined,Not fleeing,unarmed,Unarmed/Unknown,shot,False,False,MN,Minneapolis
2015-11-16,2015,11,November,Monday,28.0,26-35,M,W,undetermined,Car,vehicle,Armed,shot,False,False,TX,Leon County
2015-11-16,2015,11,November,Monday,25.0,18-25,M,W,other,Car,vehicle,Armed,shot,False,False,GA,Whitfield County
2015-11-17,2015,11,November,Tuesday,41.0,36-45,M,W,undetermined,Car,gun,Armed,shot,False,False,TX,Weatherford
2015-11-17,2015,11,November,Tuesday,28.0,26-35,M,B,attack,Foot,gun,Armed,shot,True,False,FL,Miami
2015-11-17,2015,11,November,Tuesday,21.0,18-25,M,B,attack,Not fleeing,gun,Armed,shot,False,False,SC,Cayce
2015-11-17,2015,11,November,Tuesday,30.0,26-35,M,B,other,Car,vehicle,Armed,shot,False,False,TX,Weatherford
2015-11-17,2015,11,November,Tuesday,58.0,56-65,M,W,other,Not fleeing,unarmed,Unarmed/Unknown,shot,False,False,GA,Arlington
2015-11-17,2015,11,November,Tuesday,47.0,46-55,M,W,attack,Not fleeing,gun,Armed,shot,True,False,NJ,Little Egg Harbor
2015-11-18,2015,11,November,Wednesday,25.0,18-25,M,B,other,Not fleeing,unknown weapon,Armed,shot,False,False,FL,Opa-Locka
2015-11-18,2015,11,November,Wednesday,44.0,36-45,M,B,attack,Not fleeing,gun,Armed,shot,False,False,MI,Berrien County
2015-11-19,2015,11,November,Thursday,34.0,26-35,M,B,attack,,gun,Armed,shot,False,False,FL,Manatee
2015-11-19,2015,11,November,Thursday,27.0,26-35,M,B,attack,Not fleeing,knife,Armed,shot,False,False,FL,Fort Pierce
2015-11-19,2015,11,November,Thursday,34.0,26-35,M,B,other,Not fleeing,knife,Armed,shot,False,False,DC,Washington
2015-11-20,2015,11,November,Friday,39.0,36-45,M,W,attack,Not fleeing,gun,Armed,shot,True,False,GA,Paulding County
2015-11-20,2015,11,November,Friday,29.0,26-35,M,B,attack,Not fleeing,unarmed,Unarmed/Unknown,shot,True,False,CA,Barstow
2015-11-21,2015,11,November,Saturday,24.0,18-25,M,W,attack,Foot,unarmed,Unarmed/Unknown,shot,False,False,OK,Colbert
2015-11-22,2015,11,November,Sunday,47.0,46-55,M,W,attack,Not fleeing,knife,Armed,shot,True,False,CA,Fontana
2015-11-22,2015,11,November,Sunday,45.0,36-45,M,W,attack,Not fleeing,gun,Armed,shot,False,False,NV,Reno
2015-11-22,2015,11,November,Sunday,28.0,26-35,M,H,attack,Not fleeing,gun,Armed,shot,False,False,CO,Denver
2015-11-23,2015,11,November,Monday,49.0,46-55,M,H,other,Not fleeing,knife,Armed,shot and Tasered,False,True,TX,Corpus Christi
2015-11-23,2015,11,November,Monday,50.0,46-55,M,W,attack,Not fleeing,gun,Armed,shot,False,False,OH,Columbus
2015-11-24,2015,11,November,Tuesday,45.0,36-45,M,W,other,Not fleeing,toy weapon,Armed,shot,False,False,MN,Columbia Heights
2015-11-24,2015,11,November,Tuesday,32.0,26-35,M,W,attack,Foot,toy weapon,Armed,shot and Tasered,True,True,NV,Las Vegas
2015-11-24,2015,11,November,Tuesday,24.0,18-25,M,B,attack,Not fleeing,gun,Armed,shot,False,False,NJ,Camden
2015-11-25,2015,11,November,Wednesday,23.0,18-25,M,W,attack,Not fleeing,knife,Armed,shot,False,False,MO,Springfield
2015-11-25,2015,11,November,Wednesday,52.0,46-55,M,W,attack,Not fleeing,gun,Armed,shot,False,False,AZ,Eagar
2015-11-25,2015,11,November,Wednesday,37.0,36-45,F,W,attack,Not fleeing,gun,Armed,shot,False,False,MO,Ozark
2015-11-26,2015,11,November,Thursday,26.0,26-35,M,W,other,Car,unarmed,Unarmed/Unknown,shot,False,True,CA,Chico
2015-11-27,2015,11,November,Friday,58.0,56-65,M,W,attack,Not fleeing,gun,Armed,shot,False,False,MO,Lampe
2015-11-28,2015,11,November,Saturday,50.0,46-55,M,W,other,Not fleeing,baseball bat and fireplace poker,Armed,shot,False,False,TX,Seagoville
2015-11-29,2015,11,November,Sunday,22.0,18-25,M,W,attack,Not fleeing,gun,Armed,shot,False,False,OH,Celina
2015-11-29,2015,11,November,Sunday,53.0,46-55,M,W,attack,Not fleeing,gun,Armed,shot,False,False,MO,Maysville
2015-11-29,2015,11,November,Sunday,69.0,66+,M,H,attack,Not fleeing,gun,Armed,shot,True,False,AZ,Sun City
2015-11-29,2015,11,November,Sunday,23.0,18-25,M,H,attack,Foot,gun,Armed,shot,False,False,CA,Bakersfield
2015-11-29,2015,11,November,Sunday,29.0,26-35,M,W,attack,,gun,Armed,shot,False,False,NE,Lincoln
2015-11-30,2015,11,November,Monday,25.0,18-25,M,A,attack,Car,vehicle,Armed,shot,False,False,CO,Aurora
2015-11-30,2015,11,November,Monday,18.0,18-25,M,B,attack,Foot,gun,Armed,shot,False,False,GA,Atlanta
2015-11-30,2015,11,November,Monday,31.0,26-35,M,H,other,Not fleeing,undetermined,Unarmed/Unknown,shot,False,False,TX,Wink
2015-12-01,2015,12,December,Tuesday,23.0,18-25,M,W,attack,Foot,gun,Armed,shot,False,False,ME,Bangor
2015-12-01,2015,12,December,Tuesday,18.0,18-25,M,H,attack,Not fleeing,gun,Armed,shot,False,False,CA,Norwalk
2015-12-02,2015,12,December,Wednesday,35.0,26-35,M,H,attack,Car,gun,Armed,shot,False,False,CO,Denver
2015-12-02,2015,12,December,Wednesday,27.0,26-35,F,O,attack,Car,gun,Armed,shot,False,False,CA,San Bernardino
2015-12-02,2015,12,December,Wednesday,28.0,26-35,M,O,attack,Car,gun,Armed,shot,False,False,CA,San Bernardino
2015-12-02,2015,12,December,Wednesday,26.0,26-35,M,B,other,Not fleeing,knife,Armed,shot,False,False,CA,San Francisco
2015-12-02,2015,12,December,Wednesday,32.0,26-35,M,H,other,Not fleeing,gun,Armed,shot,False,False,TX,San Antonio
2015-12-02,2015,12,December,Wednesday,36.0,36-45,M,H,attack,Not fleeing,gun,Armed,shot,False,False,NM,Deming
2015-12-03,2015,12,December,Thursday,66.0,66+,M,W,attack,Not fleeing,gun,Armed,shot,False,False,NE,Big Springs
2015-12-04,2015,12,December,Friday,47.0,46-55,M,W,other,Not fleeing,metal stick,Armed,shot and Tasered,False,False,AZ,Mesa
2015-12-04,2015,12,December,Friday,21.0,18-25,M,B,attack,Not fleeing,gun,Armed,shot,False,False,PA,Mount Washington
2015-12-05,2015,12,December,Saturday,24.0,18-25,M,W,attack,Foot,gun,Armed,shot,False,False,TX,Irving
2015-12-05,2015,12,December,Saturday,51.0,46-55,M,W,other,Not fleeing,straight edge razor,Armed,shot and Tasered,False,True,FL,Miami
2015-12-05,2015,12,December,Saturday,60.0,56-65,M,W,other,Not fleeing,gun,Armed,shot,False,False,WI,Neenah
2015-12-05,2015,12,December,Saturday,61.0,56-65,F,W,attack,Not fleeing,gun,Armed,shot,False,False,MO,St. Louis
2015-12-05,2015,12,December,Saturday,38.0,36-45,M,H,attack,Not fleeing,gun,Armed,shot,False,False,CA,Indio
2015-12-06,2015,12,December,Sunday,35.0,26-35,M,W,attack,Car,gun,Armed,shot,False,False,WA,Seattle
2015-12-06,2015,12,December,Sunday,46.0,46-55,M,B,attack,Not fleeing,gun,Armed,shot,True,False,OH,Richmond Heights
2015-12-06,2015,12,December,Sunday,48.0,46-55,M,W,other,Not fleeing,knife,Armed,shot,True,False,WY,Laramie
2015-12-08,2015,12,December,Tuesday,36.0,36-45,M,B,other,Foot,unarmed,Unarmed/Unknown,shot,False,False,NY,Yonkers
2015-12-08,2015,12,December,Tuesday,33.0,26-35,M,B,attack,Not fleeing,gun,Armed,shot,False,False,OH,Cleveland
2015-12-09,2015,12,December,Wednesday,66.0,66+,M,W,attack,Not fleeing,gun,Armed,shot,False,False,KY,Leitchfield
2015-12-09,2015,12,December,Wednesday,51.0,46-55,M,,attack,Not fleeing,gun,Armed,shot,True,False,OK,Pryor
2015-12-10,2015,12,December,Thursday,34.0,26-35,M,W,attack,Not fleeing,gun,Armed,shot,False,False,IN,Indianapolis
2015-12-10,2015,12,December,Thursday,55.0,46-55,M,B,attack,Not fleeing,gun,Armed,shot,False,False,SC,Taylors
2015-12-10,2015,12,December,Thursday,54.0,46-55,M,W,attack,Not fleeing,knife,Armed,shot,False,False,CA,Marina
2015-12-10,2015,12,December,Thursday,,,M,,attack,Not fleeing,gun,Armed,shot,False,False,CA,Hemet
2015-12-11,2015,12,December,Friday,36.0,36-45,M,W,attack,Not fleeing,unarmed,Unarmed/Unknown,shot,False,False,AZ,Tucson
2015-12-12,2015,12,December,Saturday,25.0,18-25,M,B,attack,Not fleeing,knife,Armed,shot,True,False,IN,Indianapolis
2015-12-12,2015,12,December,Saturday,24.0,18-25,M,B,attack,Not fleeing,gun and knife,Armed,shot,False,False,TN,Chattanooga
2015-12-12,2015,12,December,Saturday,28.0,26-35,M,B,attack,Not fleeing,gun,Armed,shot,False,False,CA,Lynwood
2015-12-12,2015,12,December,Saturday,36.0,36-45,M,W,attack,Not fleeing,Taser,Armed,shot,False,False,OK,Healdton
2015-12-12,2015,12,December,Saturday,20.0,18-25,M,W,attack,Not fleeing,gun,Armed,shot,True,False,PA,East Stroudsburg
2015-12-12,2015,12,December,Saturday,49.0,46-55,M,H,attack,,knife,Armed,shot,False,False,CA,San Bernardino
2015-12-12,2015,12,December,Saturday,,,M,,attack,,unknown weapon,Armed,shot,False,False,CO,Aurora
2015-12-13,2015,12,December,Sunday,51.0,46-55,F,W,attack,Not fleeing,gun,Armed,shot,True,False,TX,Arlington
2015-12-13,2015,12,December,Sunday,21.0,18-25,M,W,other,Not fleeing,ax,Armed,shot,True,False,TX,Denton
2015-12-13,2015,12,December,Sunday,30.0,26-35,M,O,attack,Not fleeing,knife,Armed,shot,False,False,WA,Thurston County
2015-12-13,2015,12,December,Sunday,32.0,26-35,M,H,attack,Not fleeing,gun,Armed,shot,False,False,CO,Mountain View
2015-12-14,2015,12,December,Monday,33.0,26-35,M,B,attack,Not fleeing,gun,Armed,shot,False,True,LA,New Orleans
2015-12-14,2015,12,December,Monday,52.0,46-55,M,W,other,Not fleeing,knife,Armed,shot and Tasered,True,False,MD,Middle River
2015-12-14,2015,12,December,Monday,56.0,56-65,M,W,undetermined,Not fleeing,undetermined,Unarmed/Unknown,shot,False,False,TN,Humboldt
2015-12-14,2015,12,December,Monday,48.0,46-55,F,W,attack,Not fleeing,gun,Armed,shot,True,False,NV,Las Vegas
2015-12-14,2015,12,December,Monday,39.0,36-45,M,A,other,Not fleeing,knife,Armed,shot,False,False,CA,Long Beach
2015-12-14,2015,12,December,Monday,19.0,18-25,M,H,undetermined,,undetermined,Unarmed/Unknown,shot,False,True,CA,Gilroy
2015-12-14,2015,12,December,Monday,45.0,36-45,M,H,attack,Not fleeing,gun,Armed,shot,False,False,NV,Las Vegas
2015-12-14,2015,12,December,Monday,33.0,26-35,M,W,attack,Not fleeing,gun,Armed,shot,False,False,WV,Mount Hope
2015-12-15,2015,12,December,Tuesday,51.0,46-55,M,B,attack,Car,vehicle,Armed,shot,False,False,NC,Dallas
2015-12-16,2015,12,December,Wednesday,,,M,W,attack,Not fleeing,knife,Armed,shot,True,False,CA,Camarillo
2015-12-17,2015,12,December,Thursday,25.0,18-25,M,W,other,Not fleeing,machete,Armed,shot,True,False,OH,Kent
2015-12-17,2015,12,December,Thursday,24.0,18-25,M,W,attack,Other,gun,Armed,shot,False,False,CA,Modesto
2015-12-18,2015,12,December,Friday,22.0,18-25,F,W,attack,Other,gun,Armed,shot,False,False,OH,Northwood
2015-12-18,2015,12,December,Friday,32.0,26-35,M,W,attack,Car,vehicle,Armed,shot,False,False,TN,Knoxville
2015-12-18,2015,12,December,Friday,58.0,56-65,M,H,attack,Not fleeing,toy weapon,Armed,shot,True,False,NM,Taos
2015-12-19,2015,12,December,Saturday,24.0,18-25,M,B,attack,,gun,Armed,shot,False,False,VA,Concord
2015-12-19,2015,12,December,Saturday,26.0,26-35,M,H,attack,Not fleeing,undetermined,Unarmed/Unknown,shot,True,False,CA,Los Angeles
2015-12-20,2015,12,December,Sunday,30.0,26-35,M,B,attack,Not fleeing,gun,Armed,shot,False,False,CA,Palmdale
2015-12-20,2015,12,December,Sunday,31.0,26-35,M,H,attack,Not fleeing,gun,Armed,shot,True,False,TX,Amarillo
2015-12-21,2015,12,December,Monday,34.0,26-35,M,H,attack,Not fleeing,gun,Armed,shot,False,False,CA,Hemet
2015-12-21,2015,12,December,Monday,48.0,46-55,M,B,attack,Not fleeing,gun,Armed,shot,False,False,GA,Douglasville
2015-12-21,2015,12,December,Monday,,,M,B,other,Not fleeing,unarmed,Unarmed/Unknown,shot,True,False,LA,Breaux Bridge
2015-12-21,2015,12,December,Monday,21.0,18-25,M,W,attack,Not fleeing,gun,Armed,shot,True,False,PA,Canaan Township
2015-12-21,2015,12,December,Monday,39.0,36-45,M,W,attack,Not fleeing,gun,Armed,shot,False,False,FL,Deltona
2015-12-21,2015,12,December,Monday,25.0,18-25,M,B,attack,Not fleeing,gun,Armed,shot,False,False,CO,Aurora
2015-12-21,2015,12,December,Monday,30.0,26-35,M,W,attack,Not fleeing,gun,Armed,shot,False,False,CA,Smartsville
2015-12-22,2015,12,December,Tuesday,61.0,56-65,M,,attack,Not fleeing,gun,Armed,shot,False,True,KY,Ludlow
2015-12-22,2015,12,December,Tuesday,56.0,56-65,M,W,attack,Not fleeing,gun,Armed,shot,False,True,VT,Burlington
2015-12-22,2015,12,December,Tuesday,29.0,26-35,M,W,undetermined,Car,undetermined,Unarmed/Unknown,shot,False,False,FL,Brooksville
2015-12-22,2015,12,December,Tuesday,19.0,18-25,M,H,undetermined,Foot,gun,Armed,shot,False,True,NM,Albuquerque
2015-12-23,2015,12,December,Wednesday,35.0,26-35,M,B,other,Not fleeing,unarmed,Unarmed/Unknown,shot,True,False,MI,Dearborn
2015-12-24,2015,12,December,Thursday,36.0,36-45,M,W,other,Car,vehicle,Armed,shot,False,False,LA,Winnsboro
2015-12-24,2015,12,December,Thursday,54.0,46-55,M,,attack,Not fleeing,gun,Armed,shot,True,False,LA,Pride
2015-12-24,2015,12,December,Thursday,24.0,18-25,M,B,attack,Not fleeing,gun,Armed,shot,False,False,MI,Lansing
2015-12-24,2015,12,December,Thursday,23.0,18-25,M,H,other,Not fleeing,knife,Armed,shot,False,False,CA,Porterville
2015-12-24,2015,12,December,Thursday,18.0,18-25,M,B,attack,Not fleeing,gun,Armed,shot,False,False,NC,Charlotte
2015-12-25,2015,12,December,Friday,31.0,26-35,M,W,attack,Not fleeing,knife,Armed,shot,True,False,CA,Palo Alto
2015-12-26,2015,12,December,Saturday,41.0,36-45,M,W,other,Not fleeing,brick,Armed,shot,True,False,AZ,Phoenix
2015-12-26,2015,12,December,Saturday,55.0,46-55,F,B,other,,unarmed,Unarmed/Unknown,shot,False,False,IL,Chicago
2015-12-26,2015,12,December,Saturday,19.0,18-25,M,B,undetermined,Not fleeing,baseball bat,Armed,shot,True,False,IL,Chicago
2015-12-26,2015,12,December,Saturday,38.0,36-45,M,H,attack,Not fleeing,gun,Armed,shot,False,True,ID,Homedale
2015-12-27,2015,12,December,Sunday,36.0,36-45,M,W,undetermined,Car,undetermined,Unarmed/Unknown,shot,False,False,MS,Lucedale
2015-12-27,2015,12,December,Sunday,34.0,26-35,M,W,other,Not fleeing,knife,Armed,shot,True,True,AZ,Tempe
2015-12-27,2015,12,December,Sunday,52.0,46-55,M,W,undetermined,Not fleeing,undetermined,Unarmed/Unknown,shot,False,False,LA,Franklin
2015-12-28,2015,12,December,Monday,28.0,26-35,M,W,attack,Not fleeing,toy weapon,Armed,shot,False,True,VA,Suffolk
2015-12-29,2015,12,December,Tuesday,50.0,46-55,F,O,other,Not fleeing,knife,Armed,shot,True,False,CA,Santa Nella
2015-12-29,2015,12,December,Tuesday,,,M,A,undetermined,Not fleeing,unknown weapon,Armed,shot,False,False,CA,Rosemead
2015-12-30,2015,12,December,Wednesday,55.0,46-55,M,H,attack,Not fleeing,knife,Armed,shot,False,True,CA,Fresno
2015-12-30,2015,12,December,Wednesday,39.0,36-45,M,,undetermined,,undetermined,Unarmed/Unknown,shot,False,False,WY,Rawlins
2015-12-31,2015,12,December,Thursday,23.0,18-25,M,B,other,Not fleeing,unarmed,Unarmed/Unknown,shot,False,True,NV,Las Vegas
2016-01-01,2016,1,January,Friday,30.0,26-35,M,W,other,Not fleeing,knife,Armed,shot,False,True,CA,San Diego
2016-01-02,2016,1,January,Saturday,37.0,36-45,M,W,other,Not fleeing,knife,Armed,shot and Tasered,False,False,MT,Livingston
2016-01-02,2016,1,January,Saturday,54.0,46-55,M,W,attack,Car,gun,Armed,shot,False,False,TX,Maryneal
2016-01-02,2016,1,January,Saturday,37.0,36-45,M,W,attack,Not fleeing,gun,Armed,shot,False,False,SD,Sioux Falls
2016-01-03,2016,1,January,Sunday,30.0,26-35,M,B,attack,Not fleeing,gun,Armed,shot,False,False,NC,Charlotte
2016-01-04,2016,1,January,Monday,27.0,26-35,M,B,undetermined,Not fleeing,undetermined,Unarmed/Unknown,shot,False,False,LA,Ragley
2016-01-04,2016,1,January,Monday,22.0,18-25,M,B,attack,Foot,gun,Armed,shot,False,True,OK,Oklahoma City
2016-01-05,2016,1,January,Tuesday,29.0,26-35,M,W,attack,Foot,vehicle,Armed,shot,False,False,WA,Olympia
2016-01-05,2016,1,January,Tuesday,39.0,36-45,M,W,other,Foot,knife,Armed,shot,False,False,TN,Johnson City
2016-01-05,2016,1,January,Tuesday,33.0,26-35,M,B,attack,Not fleeing,gun,Armed,shot,False,False,NC,Charlotte
2016-01-05,2016,1,January,Tuesday,52.0,46-55,M,W,other,Not fleeing,gun,Armed,shot,True,False,CA,Redding
2016-01-05,2016,1,January,Tuesday,28.0,26-35,M,H,other,Foot,hand torch,Armed,shot,False,False,CA,Ceres
2016-01-05,2016,1,January,Tuesday,54.0,46-55,M,W,other,Not fleeing,knife,Armed,shot and Tasered,True,False,PA,Upper Darby
2016-01-06,2016,1,January,Wednesday,38.0,36-45,M,W,other,Foot,toy weapon,Armed,shot,True,False,IL,Zion
2016-01-06,2016,1,January,Wednesday,32.0,26-35,M,H,attack,Not fleeing,gun,Armed,shot,True,False,NM,Carrizozo
2016-01-06,2016,1,January,Wednesday,34.0,26-35,M,W,attack,Not fleeing,gun,Armed,shot,False,False,KY,Daviess County
2016-01-08,2016,1,January,Friday,26.0,26-35,M,W,other,Not fleeing,knife,Armed,shot,False,False,WI,Geneva
2016-01-08,2016,1,January,Friday,50.0,46-55,M,W,attack,Not fleeing,gun,Armed,shot,True,False,GA,Acworth
2016-01-10,2016,1,January,Sunday,37.0,36-45,M,W,other,Not fleeing,chain saw,Armed,shot,True,False,WA,Kelso
2016-01-10,2016,1,January,Sunday,45.0,36-45,F,W,attack,Not fleeing,toy weapon,Armed,shot,True,False,MD,Rising Sun
2016-01-11,2016,1,January,Monday,56.0,56-65,M,W,attack,Car,vehicle,Armed,shot,False,False,CA,San Fernando
2016-01-11,2016,1,January,Monday,45.0,36-45,M,W,attack,Foot,toy weapon,Armed,shot,True,False,OH,Cincinnati
2016-01-11,2016,1,January,Monday,32.0,26-35,M,W,other,Not fleeing,gun,Armed,shot,False,False,CO,Denver
2016-01-11,2016,1,January,Monday,12.0,<18,F,W,other,Not fleeing,unarmed,Unarmed/Unknown,shot,False,False,PA,Penn Township
2016-01-12,2016,1,January,Tuesday,49.0,46-55,M,N,other,Not fleeing,knife,Armed,shot,True,False,AK,Spenard
2016-01-12,2016,1,January,Tuesday,58.0,56-65,M,W,attack,Not fleeing,gun,Armed,shot,True,False,VA,Norfolk
2016-01-13,2016,1,January,Wednesday,29.0,26-35,M,W,other,Foot,gun,Armed,shot,False,True,TN,Sevierville
2016-01-13,2016,1,January,Wednesday,60.0,56-65,M,W,attack,Not fleeing,gun,Armed,shot,True,False,WA,Cle Elum
2016-01-14,2016,1,January,Thursday,40.0,36-45,M,W,attack,Not fleeing,gun,Armed,shot,True,False,IL,Hurst
2016-01-14,2016,1,January,Thursday,39.0,36-45,M,H,other,Not fleeing,knife,Armed,shot,False,False,CA,Santa Clarita
2016-01-15,2016,1,January,Friday,26.0,26-35,M,W,attack,Not fleeing,gun,Armed,shot,False,False,WV,Elkins
2016-01-15,2016,1,January,Friday,24.0,18-25,M,B,attack,Not fleeing,gun,Armed,shot,False,False,MI,Southfield
2016-01-16,2016,1,January,Saturday,34.0,26-35,M,H,other,Foot,toy weapon,Armed,shot,False,False,CA,Hollywood Hills
2016-01-16,2016,1,January,Saturday,27.0,26-35,M,W,attack,Foot,gun,Armed,shot,False,False,TX,San Antonio
2016-01-16,2016,1,January,Saturday,44.0,36-45,M,W,other,Not fleeing,toy weapon,Armed,shot,False,False,OR,Beaverton
2016-01-16,2016,1,January,Saturday,25.0,18-25,F,W,other,Car,unarmed,Unarmed/Unknown,shot,False,False,CA,El Cajon
2016-01-16,2016,1,January,Saturday,55.0,46-55,M,W,other,Car,vehicle,Armed,shot,False,False,WV,Petroleum
2016-01-16,2016,1,January,Saturday,19.0,18-25,M,B,attack,Foot,gun,Armed,shot,False,False,FL,Belle Glade
2016-01-17,2016,1,January,Sunday,52.0,46-55,M,B,attack,Not fleeing,gun,Armed,shot,False,False,MO,St. Louis
2016-01-17,2016,1,January,Sunday,24.0,18-25,M,H,other,Not fleeing,knife,Armed,shot and Tasered,False,False,CA,North Hills
2016-01-17,2016,1,January,Sunday,38.0,36-45,M,W,other,Not fleeing,gun,Armed,shot and Tasered,False,False,AL,Rainbow City
2016-01-17,2016,1,January,Sunday,31.0,26-35,M,W,attack,Foot,gun,Armed,shot,False,True,UT,Salt Lake City
2016-01-17,2016,1,January,Sunday,26.0,26-35,M,W,other,Not fleeing,unarmed,Unarmed/Unknown,shot,False,True,AZ,Mesa
2016-01-18,2016,1,January,Monday,33.0,26-35,M,W,attack,Not fleeing,gun,Armed,shot,True,False,AZ,Tucson
2016-01-18,2016,1,January,Monday,28.0,26-35,M,W,other,Not fleeing,toy weapon,Armed,shot,False,False,FL,Orlando
2016-01-18,2016,1,January,Monday,27.0,26-35,M,W,other,Foot,knife,Armed,shot,False,False,OR,Medford
2016-01-18,2016,1,January,Monday,39.0,36-45,M,W,attack,Not fleeing,gun,Armed,shot,True,False,AZ,Phoenix
2016-01-18,2016,1,January,Monday,29.0,26-35,M,W,other,Not fleeing,garden tool,Armed,shot,True,True,CA,Union City
2016-01-19,2016,1,January,Tuesday,36.0,36-45,M,W,attack,Car,gun,Armed,shot,False,False,TX,Dallas
2016-01-19,2016,1,January,Tuesday,55.0,46-55,M,W,other,Not fleeing,knife,Armed,shot,True,False,NC,Statesville
2016-01-19,2016,1,January,Tuesday,28.0,26-35,M,W,attack,Not fleeing,gun,Armed,shot,False,False,GA,Valdosta
2016-01-20,2016,1,January,Wednesday,40.0,36-45,M,B,attack,Not fleeing,gun,Armed,shot,False,False,LA,Port Barre
2016-01-20,2016,1,January,Wednesday,33.0,26-35,M,W,other,Foot,gun,Armed,shot,False,True,AL,Meridianville
2016-01-20,2016,1,January,Wednesday,37.0,36-45,M,W,other,Other,knife,Armed,shot,False,False,TX,Kerrville
2016-01-21,2016,1,January,Thursday,39.0,36-45,M,B,attack,Car,gun,Armed,shot,True,False,OK,Eufaula
2016-01-23,2016,1,January,Saturday,43.0,36-45,M,W,other,Not fleeing,toy weapon,Armed,shot,False,True,AL,Clanton
2016-01-25,2016,1,January,Monday,38.0,36-45,M,H,other,Not fleeing,knife,Armed,shot and Tasered,True,False,NV,Reno
2016-01-26,2016,1,January,Tuesday,55.0,46-55,M,W,other,Not fleeing,gun,Armed,shot,False,False,OR,Burns
2016-01-27,2016,1,January,Wednesday,52.0,46-55,M,W,attack,Not fleeing,gun,Armed,shot,False,False,AR,Mountain Pine
2016-01-27,2016,1,January,Wednesday,32.0,26-35,M,B,attack,Other,gun,Armed,shot,False,True,TN,Memphis
2016-01-27,2016,1,January,Wednesday,31.0,26-35,M,H,attack,Not fleeing,gun,Armed,shot,False,False,NM,Santa Fe
2016-01-27,2016,1,January,Wednesday,27.0,26-35,M,W,other,Not fleeing,knife,Armed,shot,False,False,SC,Latta
2016-01-27,2016,1,January,Wednesday,40.0,36-45,M,A,other,Not fleeing,toy weapon,Armed,shot,True,False,TN,Lenoir City
2016-01-27,2016,1,January,Wednesday,31.0,26-35,F,B,other,Car,vehicle,Armed,shot,True,False,MI,Dearborn
2016-01-27,2016,1,January,Wednesday,30.0,26-35,M,W,attack,Car,gun,Armed,shot,False,False,TX,Mansfield
2016-01-27,2016,1,January,Wednesday,26.0,26-35,M,H,attack,Car,gun,Armed,shot,False,False,GA,Cobb County
2016-01-28,2016,1,January,Thursday,32.0,26-35,F,N,other,Not fleeing,vehicle,Armed,shot,False,False,WA,Tacoma
2016-01-28,2016,1,January,Thursday,33.0,26-35,M,W,attack,Foot,gun,Armed,shot,True,False,NE,Omaha
2016-01-28,2016,1,January,Thursday,19.0,18-25,M,B,other,Not fleeing,gun,Armed,shot,True,False,OR,Clackamas County
2016-01-29,2016,1,January,Friday,33.0,26-35,M,B,attack,Other,gun,Armed,shot,False,False,MA,Lynn
2016-01-29,2016,1,January,Friday,29.0,26-35,M,B,other,Not fleeing,gun,Armed,shot,False,False,TX,Irving
2016-01-29,2016,1,January,Friday,41.0,36-45,F,W,attack,Car,vehicle,Armed,shot,False,False,AL,Phenix City
2016-01-30,2016,1,January,Saturday,29.0,26-35,M,B,attack,Not fleeing,gun,Armed,shot,False,False,IL,Chicago
2016-01-30,2016,1,January,Saturday,38.0,36-45,M,H,other,Not fleeing,scissors,Armed,shot,False,False,CO,Fort Collins
2016-01-30,2016,1,January,Saturday,64.0,56-65,M,H,attack,Not fleeing,gun,Armed,shot,True,False,GA,Rossville
2016-01-30,2016,1,January,Saturday,42.0,36-45,M,W,attack,Car,gun,Armed,shot,False,False,MO,Sugar Creek
2016-01-31,2016,1,January,Sunday,42.0,36-45,M,W,attack,Car,gun,Armed,shot,False,False,CA,Bakersfield
2016-01-31,2016,1,January,Sunday,37.0,36-45,M,B,attack,Not fleeing,knife,Armed,shot and Tasered,True,False,PA,Wilkinsburg
2016-01-31,2016,1,January,Sunday,46.0,46-55,M,H,other,Not fleeing,knife,Armed,shot,False,False,FL,Immokalee
2016-01-31,2016,1,January,Sunday,25.0,18-25,M,W,attack,Not fleeing,unarmed,Unarmed/Unknown,shot and Tasered,False,False,TX,Saginaw
2016-01-31,2016,1,January,Sunday,62.0,56-65,M,,attack,Not fleeing,gun,Armed,shot,True,False,CA,Newark
2016-02-01,2016,2,February,Monday,36.0,36-45,M,B,attack,Foot,toy weapon,Armed,shot,False,False,DC,Washington
2016-02-01,2016,2,February,Monday,21.0,18-25,M,H,attack,Car,gun,Armed,shot,True,True,NM,Albuquerque
2016-02-02,2016,2,February,Tuesday,30.0,26-35,M,W,other,Not fleeing,knife,Armed,shot and Tasered,True,False,CA,Rancho Cordova
2016-02-03,2016,2,February,Wednesday,53.0,46-55,M,W,attack,Not fleeing,gun,Armed,shot,False,False,OK,Schulter
2016-02-03,2016,2,February,Wednesday,31.0,26-35,M,H,attack,Not fleeing,gun,Armed,shot,True,False,FL,Ocala
2016-02-03,2016,2,February,Wednesday,22.0,18-25,M,N,attack,Not fleeing,gun,Armed,shot,False,True,SD,Rosebud
2016-02-04,2016,2,February,Thursday,24.0,18-25,M,W,other,Not fleeing,knife,Armed,shot,True,True,AZ,Mesa
2016-02-04,2016,2,February,Thursday,36.0,36-45,M,B,other,Not fleeing,unarmed,Unarmed/Unknown,shot,False,False,TX,San Antonio
2016-02-04,2016,2,February,Thursday,47.0,46-55,M,W,attack,Foot,gun,Armed,shot,False,False,MO,Kansas City
2016-02-04,2016,2,February,Thursday,54.0,46-55,M,W,attack,Not fleeing,toy weapon,Armed,shot,False,False,OH,Perry Township
2016-02-04,2016,2,February,Thursday,43.0,36-45,M,H,attack,Not fleeing,gun,Armed,shot,False,False,TX,El Paso
2016-02-05,2016,2,February,Friday,38.0,36-45,M,O,other,Car,vehicle,Armed,shot,False,False,HI,Hilo
2016-02-05,2016,2,February,Friday,30.0,26-35,M,W,other,Car,gun,Armed,shot,False,False,FL,Milton
2016-02-05,2016,2,February,Friday,51.0,46-55,M,W,attack,Foot,gun,Armed,shot,False,False,NC,Union Grove
2016-02-05,2016,2,February,Friday,55.0,46-55,M,W,attack,Not fleeing,gun,Armed,shot,False,True,OR,Seaside
2016-02-06,2016,2,February,Saturday,16.0,<18,M,H,attack,Car,gun,Armed,shot,False,True,CA,Los Angeles
2016-02-07,2016,2,February,Sunday,23.0,18-25,M,B,other,Other,gun,Armed,shot,False,False,OH,Columbus
2016-02-07,2016,2,February,Sunday,36.0,36-45,M,W,other,Not fleeing,gun,Armed,shot,False,False,AR,Austin
2016-02-07,2016,2,February,Sunday,27.0,26-35,M,,other,Not fleeing,knife,Armed,shot,False,False,NJ,Manchester
2016-02-08,2016,2,February,Monday,33.0,26-35,M,B,attack,Car,gun,Armed,shot,False,False,PA,Chester
2016-02-08,2016,2,February,Monday,17.0,<18,M,B,other,Not fleeing,unarmed,Unarmed/Unknown,shot,False,False,TX,Austin
2016-02-08,2016,2,February,Monday,22.0,18-25,M,B,other,Car,vehicle,Armed,shot,False,False,LA,New Orleans
2016-02-09,2016,2,February,Tuesday,22.0,18-25,M,H,undetermined,Not fleeing,unarmed,Unarmed/Unknown,shot,False,True,CA,Anaheim
2016-02-09,2016,2,February,Tuesday,29.0,26-35,M,O,attack,Not fleeing,gun,Armed,shot,False,False,HI,Hilo
2016-02-10,2016,2,February,Wednesday,41.0,36-45,M,W,attack,Not fleeing,gun,Armed,shot,False,False,KY,Louisville
2016-02-10,2016,2,February,Wednesday,67.0,66+,M,W,attack,Not fleeing,gun,Armed,shot,False,False,MD,Abingdon
2016-02-10,2016,2,February,Wednesday,36.0,36-45,M,N,attack,Not fleeing,gun,Armed,shot,False,False,AK,Barrow
2016-02-10,2016,2,February,Wednesday,52.0,46-55,M,W,attack,Not fleeing,knife,Armed,shot,True,True,MN,Roseville
2016-02-10,2016,2,February,Wednesday,56.0,56-65,M,O,attack,Not fleeing,gun,Armed,shot,True,False,TX,Henderson County
2016-02-11,2016,2,February,Thursday,35.0,26-35,M,W,other,Not fleeing,knife,Armed,shot,True,False,NC,Maiden
2016-02-11,2016,2,February,Thursday,45.0,36-45,M,W,other,Not fleeing,ax,Armed,shot,False,False,CA,Lancaster
2016-02-11,2016,2,February,Thursday,30.0,26-35,M,B,attack,Car,machete,Armed,shot,False,False,OH,Columbus
2016-02-12,2016,2,February,Friday,29.0,26-35,M,B,attack,Not fleeing,gun,Armed,shot,True,False,MA,Boston
2016-02-12,2016,2,February,Friday,53.0,46-55,M,W,other,Not fleeing,gun,Armed,shot,False,False,TX,Fort Worth
2016-02-12,2016,2,February,Friday,32.0,26-35,F,B,other,Not fleeing,gun,Armed,shot,True,False,NY,Syracuse
2016-02-13,2016,2,February,Saturday,22.0,18-25,M,B,attack,Car,gun,Armed,shot,True,True,LA,Baton Rouge
2016-02-13,2016,2,February,Saturday,29.0,26-35,M,B,attack,Not fleeing,gun,Armed,shot and Tasered,False,True,IA,Urbandale
2016-02-13,2016,2,February,Saturday,24.0,18-25,M,B,other,Other,unarmed,Unarmed/Unknown,shot,False,False,TX,Beckville
2016-02-13,2016,2,February,Saturday,19.0,18-25,M,B,attack,Not fleeing,unarmed,Unarmed/Unknown,shot,False,False,VA,Arvonia
2016-02-14,2016,2,February,Sunday,26.0,26-35,M,W,other,Not fleeing,knife,Armed,shot,False,False,CA,Van Nuys
2016-02-14,2016,2,February,Sunday,50.0,46-55,M,W,other,Not fleeing,knife,Armed,shot,True,False,FL,Bradenton
2016-02-14,2016,2,February,Sunday,29.0,26-35,M,H,other,Not fleeing,gun,Armed,shot,False,False,CA,Los Angeles
2016-02-15,2016,2,February,Monday,52.0,46-55,M,H,attack,Not fleeing,gun,Armed,shot,False,False,NM,Jal
2016-02-15,2016,2,February,Monday,39.0,36-45,M,W,undetermined,Not fleeing,undetermined,Unarmed/Unknown,shot,False,False,CA,Yorba Linda
2016-02-16,2016,2,February,Tuesday,51.0,46-55,M,W,other,Not fleeing,knife,Armed,shot,True,False,CT,Fairfield
2016-02-16,2016,2,February,Tuesday,48.0,46-55,M,W,attack,Car,vehicle,Armed,shot,False,False,MO,Republic
2016-02-16,2016,2,February,Tuesday,30.0,26-35,M,W,other,Foot,gun,Armed,shot,False,False,AR,Mena
2016-02-17,2016,2,February,Wednesday,37.0,36-45,M,B,other,Other,toy weapon,Armed,shot,False,False,OH,Cincinnati
2016-02-18,2016,2,February,Thursday,25.0,18-25,M,W,other,Not fleeing,undetermined,Unarmed/Unknown,shot and Tasered,False,False,GA,Commerce
2016-02-18,2016,2,February,Thursday,30.0,26-35,M,H,undetermined,Not fleeing,undetermined,Unarmed/Unknown,shot,False,False,CA,Santa Ana
2016-02-18,2016,2,February,Thursday,35.0,26-35,M,H,undetermined,Not fleeing,undetermined,Unarmed/Unknown,shot,False,False,CA,Santa Ana
2016-02-18,2016,2,February,Thursday,32.0,26-35,M,H,attack,Not fleeing,gun,Armed,shot,False,False,TX,Reno
2016-02-19,2016,2,February,Friday,35.0,26-35,M,W,attack,Not fleeing,knife,Armed,shot,True,False,UT,Ogden
2016-02-19,2016,2,February,Friday,31.0,26-35,M,W,attack,Not fleeing,gun,Armed,shot,False,False,TN,Elizabethton
2016-02-20,2016,2,February,Saturday,30.0,26-35,M,H,attack,Car,gun,Armed,shot,False,True,CA,Anaheim
2016-02-20,2016,2,February,Saturday,23.0,18-25,M,H,attack,Foot,gun,Armed,shot,False,False,NM,Albuquerque
2016-02-20,2016,2,February,Saturday,41.0,36-45,M,B,attack,Car,gun,Armed,shot,False,False,WA,Lakewood
2016-02-20,2016,2,February,Saturday,45.0,36-45,M,W,attack,Not fleeing,gun,Armed,shot,True,False,MS,Iuka
2016-02-21,2016,2,February,Sunday,46.0,46-55,M,B,other,Not fleeing,undetermined,Unarmed/Unknown,shot,False,False,WA,Seattle
2016-02-21,2016,2,February,Sunday,36.0,36-45,F,N,attack,Foot,gun,Armed,shot,True,False,AZ,Phoenix
2016-02-21,2016,2,February,Sunday,31.0,26-35,F,B,other,Not fleeing,gun,Armed,shot,False,False,CA,Inglewood
2016-02-21,2016,2,February,Sunday,32.0,26-35,M,B,other,Not fleeing,undetermined,Unarmed/Unknown,shot,False,False,CA,Inglewood
2016-02-21,2016,2,February,Sunday,38.0,36-45,F,N,attack,Not fleeing,gun,Armed,shot,False,False,AK,Houston
2016-02-22,2016,2,February,Monday,33.0,26-35,M,H,attack,Other,gun,Armed,shot,False,False,CO,Denver
2016-02-22,2016,2,February,Monday,45.0,36-45,M,W,attack,Not fleeing,knife,Armed,shot,False,False,CA,Bakersfield
2016-02-22,2016,2,February,Monday,38.0,36-45,M,W,other,Car,vehicle,Armed,shot,True,False,TX,Mission
2016-02-22,2016,2,February,Monday,22.0,18-25,M,W,other,Not fleeing,toy weapon,Armed,shot,False,False,OH,Fairborn
2016-02-23,2016,2,February,Tuesday,48.0,46-55,M,B,attack,Not fleeing,vehicle,Armed,shot,True,False,LA,Baton Rouge
2016-02-23,2016,2,February,Tuesday,36.0,36-45,M,H,other,Other,gun,Armed,shot,False,False,CA,Ripon
2016-02-23,2016,2,February,Tuesday,39.0,36-45,M,H,attack,Not fleeing,machete,Armed,shot and Tasered,True,False,TX,Houston
2016-02-23,2016,2,February,Tuesday,26.0,26-35,M,W,attack,Not fleeing,gun,Armed,shot,True,False,AZ,Phoenix
2016-02-24,2016,2,February,Wednesday,16.0,<18,M,W,other,Not fleeing,knife,Armed,shot,True,False,MO,Blue Springs
2016-02-24,2016,2,February,Wednesday,58.0,56-65,M,W,attack,Not fleeing,gun,Armed,shot,True,False,CO,Bailey
2016-02-24,2016,2,February,Wednesday,27.0,26-35,M,H,other,Car,vehicle,Armed,shot,False,False,AZ,Phoenix
2016-02-24,2016,2,February,Wednesday,26.0,26-35,M,H,attack,Not fleeing,vehicle,Armed,shot,False,False,CA,Cerritos
2016-02-24,2016,2,February,Wednesday,21.0,18-25,M,B,undetermined,Car,unarmed,Unarmed/Unknown,shot,False,False,WI,East Troy
2016-02-25,2016,2,February,Thursday,37.0,36-45,M,W,attack,Foot,gun,Armed,shot,False,True,CO,Evans
2016-02-25,2016,2,February,Thursday,56.0,56-65,M,B,undetermined,Not fleeing,pole,Armed,shot,False,True,AL,Montgomery
2016-02-25,2016,2,February,Thursday,19.0,18-25,M,W,attack,Not fleeing,gun,Armed,shot,False,True,NV,Silver Springs
2016-02-25,2016,2,February,Thursday,38.0,36-45,M,B,attack,Not fleeing,gun,Armed,shot,True,False,KS,Hesston
2016-02-26,2016,2,February,Friday,18.0,18-25,M,B,other,Not fleeing,toy weapon,Armed,shot,True,False,VA,Roanoke
2016-02-26,2016,2,February,Friday,35.0,26-35,M,W,attack,Not fleeing,unarmed,Unarmed/Unknown,shot,False,False,SD,Rapid Valley
2016-02-27,2016,2,February,Saturday,23.0,18-25,M,H,attack,Car,gun,Armed,shot,False,True,TX,San Antonio
2016-02-28,2016,2,February,Sunday,41.0,36-45,M,W,attack,Not fleeing,gun,Armed,shot,False,False,AL,Ashville
2016-02-28,2016,2,February,Sunday,44.0,36-45,M,W,attack,Not fleeing,gun,Armed,shot,True,False,SD,Rapid City
2016-02-29,2016,2,February,Monday,24.0,18-25,M,B,attack,Foot,gun,Armed,shot,False,False,NC,Raleigh
2016-03-01,2016,3,March,Tuesday,39.0,36-45,M,H,attack,Not fleeing,gun,Armed,shot,True,False,FL,Palm Bay
2016-03-01,2016,3,March,Tuesday,22.0,18-25,M,H,attack,Not fleeing,gun,Armed,shot,True,False,TX,Euless
2016-03-01,2016,3,March,Tuesday,37.0,36-45,M,W,attack,Not fleeing,gun,Armed,shot,False,False,MS,Gautier
2016-03-02,2016,3,March,Wednesday,36.0,36-45,M,W,other,Not fleeing,unarmed,Unarmed/Unknown,shot,True,False,MD,Bel Air
2016-03-02,2016,3,March,Wednesday,41.0,36-45,M,W,other,Not fleeing,knife,Armed,shot and Tasered,False,False,PA,Johnstown
2016-03-03,2016,3,March,Thursday,27.0,26-35,M,H,other,Car,knife,Armed,shot,False,False,AZ,Gilbert
2016-03-04,2016,3,March,Friday,66.0,66+,M,,undetermined,,undetermined,Unarmed/Unknown,shot,False,False,AR,Sims
2016-03-04,2016,3,March,Friday,30.0,26-35,M,W,undetermined,Not fleeing,unarmed,Unarmed/Unknown,shot,False,False,KY,East Berstadt
2016-03-05,2016,3,March,Saturday,34.0,26-35,M,W,attack,Not fleeing,gun,Armed,shot,True,False,NY,Cheektowaga
2016-03-05,2016,3,March,Saturday,22.0,18-25,M,W,other,Not fleeing,gun,Armed,shot,True,False,TX,Beaumont
2016-03-06,2016,3,March,Sunday,51.0,46-55,M,W,attack,Not fleeing,gun,Armed,shot,True,False,TX,Azle
2016-03-06,2016,3,March,Sunday,42.0,36-45,M,W,undetermined,Foot,unarmed,Unarmed/Unknown,shot,False,False,ND,Bismarck
2016-03-06,2016,3,March,Sunday,41.0,36-45,M,H,attack,Other,gun,Armed,shot,False,False,CA,South Gate
2016-03-07,2016,3,March,Monday,49.0,46-55,M,W,attack,Not fleeing,gun,Armed,shot,True,False,NY,Rochester
2016-03-07,2016,3,March,Monday,45.0,36-45,M,W,other,Not fleeing,knife,Armed,shot,False,False,CA,San Jose
2016-03-07,2016,3,March,Monday,45.0,36-45,M,W,undetermined,Not fleeing,undetermined,Unarmed/Unknown,shot,False,False,KS,Topeka
2016-03-07,2016,3,March,Monday,42.0,36-45,M,W,attack,Not fleeing,gun,Armed,shot,False,False,MT,Billings
2016-03-07,2016,3,March,Monday,41.0,36-45,M,H,other,Car,vehicle,Armed,shot,False,False,NM,Carlsbad
2016-03-08,2016,3,March,Tuesday,27.0,26-35,M,W,attack,Not fleeing,toy weapon,Armed,shot,True,False,FL,Tampa
2016-03-10,2016,3,March,Thursday,37.0,36-45,M,W,other,Not fleeing,toy weapon,Armed,shot,False,False,MS,Biloxi
2016-03-10,2016,3,March,Thursday,22.0,18-25,M,B,attack,Foot,toy weapon,Armed,shot,True,False,NV,Reno
2016-03-10,2016,3,March,Thursday,21.0,18-25,M,H,other,Foot,gun,Armed,shot,False,False,CA,Long Beach
2016-03-10,2016,3,March,Thursday,50.0,46-55,M,W,attack,Not fleeing,gun,Armed,shot,True,False,TX,Odessa
2016-03-10,2016,3,March,Thursday,23.0,18-25,M,H,attack,Car,vehicle,Armed,shot,False,False,CO,Colorado City
2016-03-11,2016,3,March,Friday,25.0,18-25,M,B,attack,Not fleeing,gun,Armed,shot,False,True,VA,Norfolk
2016-03-11,2016,3,March,Friday,51.0,46-55,M,W,attack,Not fleeing,gun,Armed,shot,True,True,KS,Rosalia
2016-03-11,2016,3,March,Friday,46.0,46-55,M,W,other,Not fleeing,knife,Armed,shot,True,False,IL,Clinton
2016-03-11,2016,3,March,Friday,23.0,18-25,M,H,attack,Foot,gun,Armed,shot,False,False,CA,Newark
2016-03-12,2016,3,March,Saturday,37.0,36-45,M,B,other,Foot,unarmed,Unarmed/Unknown,shot and Tasered,False,False,TX,Houston
2016-03-12,2016,3,March,Saturday,20.0,18-25,M,B,attack,Not fleeing,Taser,Armed,shot and Tasered,False,False,TX,Houston
2016-03-12,2016,3,March,Saturday,43.0,36-45,M,W,attack,Not fleeing,gun,Armed,shot,True,True,NC,Greensboro
2016-03-13,2016,3,March,Sunday,45.0,36-45,M,W,attack,Car,vehicle,Armed,shot,True,False,CA,Glendale
2016-03-13,2016,3,March,Sunday,16.0,<18,M,H,undetermined,Car,unarmed,Unarmed/Unknown,shot,False,False,TX,Addison
2016-03-13,2016,3,March,Sunday,30.0,26-35,M,W,other,Car,unarmed,Unarmed/Unknown,shot,False,True,TN,Lenoir City
2016-03-13,2016,3,March,Sunday,26.0,26-35,M,W,attack,Car,gun,Armed,shot,False,False,AL,Piedmont
2016-03-13,2016,3,March,Sunday,24.0,18-25,M,B,attack,Not fleeing,gun,Armed,shot,False,False,PA,Chester
2016-03-13,2016,3,March,Sunday,38.0,36-45,F,W,attack,Not fleeing,hammer,Armed,shot,False,False,WA,Vancouver
2016-03-13,2016,3,March,Sunday,28.0,26-35,M,B,other,Not fleeing,gun,Armed,shot,False,False,MD,Landover
2016-03-14,2016,3,March,Monday,29.0,26-35,M,B,attack,Foot,gun,Armed,shot,False,False,IL,Chicago
2016-03-15,2016,3,March,Tuesday,34.0,26-35,M,W,other,Foot,gun,Armed,shot,False,False,KY,Russellville
2016-03-15,2016,3,March,Tuesday,38.0,36-45,M,W,other,Car,knife,Armed,shot,False,True,IN,Evansville
2016-03-15,2016,3,March,Tuesday,43.0,36-45,M,W,other,Other,gun,Armed,shot,False,True,TX,Fort Worth
2016-03-16,2016,3,March,Wednesday,23.0,18-25,M,H,other,Not fleeing,unarmed,Unarmed/Unknown,shot,True,False,CA,Florence
2016-03-16,2016,3,March,Wednesday,33.0,26-35,M,H,attack,Not fleeing,gun,Armed,shot,True,False,TX,San Antonio
2016-03-16,2016,3,March,Wednesday,40.0,36-45,M,W,attack,Not fleeing,gun,Armed,shot,True,False,NC,Anson County
2016-03-17,2016,3,March,Thursday,38.0,36-45,M,A,other,Not fleeing,gun,Armed,shot,True,True,MN,Burnsville
2016-03-17,2016,3,March,Thursday,53.0,46-55,M,A,attack,Not fleeing,gun,Armed,shot,False,False,FL,Tampa
2016-03-17,2016,3,March,Thursday,29.0,26-35,M,B,attack,,gun,Armed,shot,False,False,TX,Houston
2016-03-17,2016,3,March,Thursday,30.0,26-35,M,B,attack,Not fleeing,gun,Armed,shot,False,False,TX,Houston
2016-03-18,2016,3,March,Friday,49.0,46-55,M,,attack,Not fleeing,gun,Armed,shot,True,False,CA,Byron
2016-03-18,2016,3,March,Friday,60.0,56-65,M,W,other,Not fleeing,gun,Armed,shot,False,False,ID,Idaho Falls
2016-03-19,2016,3,March,Saturday,25.0,18-25,F,B,attack,Not fleeing,toy weapon,Armed,shot,False,False,VA,Norfolk
2016-03-19,2016,3,March,Saturday,24.0,18-25,M,W,undetermined,Car,undetermined,Unarmed/Unknown,shot,False,False,LA,Covington
2016-03-19,2016,3,March,Saturday,21.0,18-25,M,B,attack,Foot,gun,Armed,shot,False,False,IL,Chicago
2016-03-19,2016,3,March,Saturday,23.0,18-25,M,W,attack,Other,gun,Armed,shot,False,False,KY,White Plains
2016-03-20,2016,3,March,Sunday,61.0,56-65,M,W,other,Not fleeing,knife,Armed,shot,True,True,VA,Hopewell
2016-03-20,2016,3,March,Sunday,54.0,46-55,M,W,attack,Other,gun,Armed,shot,False,False,PA,Fort Littleton
2016-03-20,2016,3,March,Sunday,62.0,56-65,M,H,attack,Foot,gun,Armed,shot,False,False,IN,Fort Wayne
2016-03-20,2016,3,March,Sunday,16.0,<18,M,B,other,Not fleeing,toy weapon,Armed,shot,True,False,FL,Gainesville
2016-03-21,2016,3,March,Monday,76.0,66+,M,W,other,Not fleeing,knife,Armed,shot and Tasered,True,True,VT,Burlington
2016-03-21,2016,3,March,Monday,25.0,18-25,M,W,attack,Not fleeing,toy weapon,Armed,shot,True,False,CT,Stamford
2016-03-21,2016,3,March,Monday,28.0,26-35,M,W,attack,Car,gun,Armed,shot,True,False,PA,South Greensburg
2016-03-22,2016,3,March,Tuesday,25.0,18-25,M,H,other,Not fleeing,pick-axe,Armed,shot,True,False,FL,Miami
2016-03-22,2016,3,March,Tuesday,33.0,26-35,M,W,attack,Other,vehicle,Armed,shot,False,True,VA,Fredericksburg
2016-03-23,2016,3,March,Wednesday,51.0,46-55,M,W,attack,Not fleeing,gun,Armed,shot,False,False,CO,Thornton
2016-03-23,2016,3,March,Wednesday,34.0,26-35,M,H,attack,Foot,gun,Armed,shot,False,True,CA,Fresno
2016-03-23,2016,3,March,Wednesday,30.0,26-35,M,B,attack,Not fleeing,gun,Armed,shot,True,False,TN,Raleigh
2016-03-24,2016,3,March,Thursday,44.0,36-45,M,W,other,Foot,knife,Armed,shot,False,False,MA,Braintree
2016-03-24,2016,3,March,Thursday,24.0,18-25,M,B,attack,Foot,toy weapon,Armed,shot,False,False,RI,Pawtucket
2016-03-24,2016,3,March,Thursday,29.0,26-35,M,W,attack,Not fleeing,gun,Armed,shot,False,False,CA,Redlands
2016-03-24,2016,3,March,Thursday,48.0,46-55,M,H,other,Not fleeing,gun and knife,Armed,shot,False,True,CO,Pueblo
2016-03-24,2016,3,March,Thursday,19.0,18-25,M,H,attack,Not fleeing,gun,Armed,shot,False,True,NM,Pueblo of Laguna
2016-03-24,2016,3,March,Thursday,22.0,18-25,M,B,attack,Not fleeing,gun,Armed,shot,False,False,MO,Blue Springs
2016-03-26,2016,3,March,Saturday,39.0,36-45,M,H,other,Not fleeing,meat cleaver,Armed,shot,True,False,MA,Lowell
2016-03-26,2016,3,March,Saturday,36.0,36-45,M,W,other,Not fleeing,gun,Armed,shot,True,False,VA,Grundy
2016-03-26,2016,3,March,Saturday,55.0,46-55,M,W,attack,Not fleeing,gun,Armed,shot,False,True,SC,Myrtle Beach
2016-03-26,2016,3,March,Saturday,46.0,46-55,M,W,attack,Not fleeing,gun,Armed,shot,True,False,FL,Tampa
2016-03-27,2016,3,March,Sunday,34.0,26-35,M,W,other,Not fleeing,knife,Armed,shot,True,False,MO,Lee's Summit
2016-03-27,2016,3,March,Sunday,27.0,26-35,F,N,other,Not fleeing,scissors,Armed,shot,False,True,AZ,Winslow
2016-03-27,2016,3,March,Sunday,33.0,26-35,M,W,attack,Not fleeing,gun,Armed,shot,True,True,NM,Roswell
2016-03-27,2016,3,March,Sunday,18.0,18-25,M,B,other,Not fleeing,gun,Armed,shot,False,False,NC,Kinston
2016-03-27,2016,3,March,Sunday,33.0,26-35,M,W,attack,Not fleeing,gun,Armed,shot,True,False,TX,Splendora
2016-03-29,2016,3,March,Tuesday,46.0,46-55,M,W,attack,Not fleeing,flashlight,Armed,shot and Tasered,False,True,CA,Clearlake Park
2016-03-29,2016,3,March,Tuesday,51.0,46-55,M,W,attack,Not fleeing,gun,Armed,shot,True,False,SC,Piedmont
2016-03-29,2016,3,March,Tuesday,50.0,46-55,F,W,attack,Not fleeing,gun,Armed,shot,True,False,MN,Aitkin
2016-03-30,2016,3,March,Wednesday,33.0,26-35,M,W,attack,Foot,gun,Armed,shot,False,False,CA,Los Angeles
2016-03-30,2016,3,March,Wednesday,25.0,18-25,M,H,undetermined,Not fleeing,gun,Armed,shot,False,False,AZ,Glendale
2016-03-30,2016,3,March,Wednesday,52.0,46-55,M,W,attack,Not fleeing,gun,Armed,shot,False,False,GA,Jackson
2016-03-31,2016,3,March,Thursday,31.0,26-35,M,B,attack,Foot,gun,Armed,shot,False,True,NV,Las Vegas
2016-03-31,2016,3,March,Thursday,18.0,18-25,M,B,attack,Not fleeing,gun,Armed,shot,False,False,MD,Baltimore
2016-03-31,2016,3,March,Thursday,43.0,36-45,M,B,attack,Not fleeing,gun,Armed,shot,False,False,MD,Baltimore
2016-03-31,2016,3,March,Thursday,34.0,26-35,M,B,attack,Not fleeing,gun,Armed,shot,False,False,VA,Richmond
2016-04-01,2016,4,April,Friday,65.0,56-65,M,H,undetermined,Not fleeing,shovel,Armed,shot,True,False,TX,Lockhart
2016-04-01,2016,4,April,Friday,37.0,36-45,M,H,attack,Not fleeing,gun,Armed,shot,False,False,TX,Odessa
2016-04-02,2016,4,April,Saturday,30.0,26-35,M,B,attack,Not fleeing,gun,Armed,shot,False,False,IN,Indianapolis
2016-04-03,2016,4,April,Sunday,48.0,46-55,M,W,undetermined,,undetermined,Unarmed/Unknown,shot,False,False,LA,Raceland
2016-04-03,2016,4,April,Sunday,36.0,36-45,F,W,other,Not fleeing,unknown weapon,Armed,shot,True,True,AL,Macon County
2016-04-03,2016,4,April,Sunday,25.0,18-25,M,W,attack,Foot,gun,Armed,shot,False,False,TX,Austin
2016-04-03,2016,4,April,Sunday,69.0,66+,M,W,attack,Not fleeing,Taser,Armed,shot,False,False,WI,Eau Claire
2016-04-04,2016,4,April,Monday,50.0,46-55,M,H,attack,Not fleeing,knife,Armed,shot,True,False,MN,Minneapolis
2016-04-05,2016,4,April,Tuesday,52.0,46-55,M,W,other,Not fleeing,knife,Armed,shot,True,False,MA,West Springfield
2016-04-05,2016,4,April,Tuesday,44.0,36-45,M,B,attack,Not fleeing,unarmed,Unarmed/Unknown,shot,False,True,IN,Indianapolis
2016-04-06,2016,4,April,Wednesday,60.0,56-65,M,W,other,Not fleeing,ax,Armed,shot,False,False,OH,Oak Hill
2016-04-06,2016,4,April,Wednesday,40.0,36-45,F,B,attack,Not fleeing,ax,Armed,shot,False,True,TN,Gallatin
2016-04-06,2016,4,April,Wednesday,20.0,18-25,M,H,attack,Not fleeing,knife,Armed,shot and Tasered,True,False,CA,Sylmar
2016-04-07,2016,4,April,Thursday,45.0,36-45,M,H,other,Not fleeing,knife,Armed,shot,False,False,CA,San Francisco
2016-04-07,2016,4,April,Thursday,44.0,36-45,M,W,attack,Not fleeing,vehicle,Armed,shot,False,False,NE,Omaha
2016-04-08,2016,4,April,Friday,40.0,36-45,M,B,other,Foot,knife,Armed,shot,True,False,CA,Sacramento
2016-04-08,2016,4,April,Friday,25.0,18-25,F,W,other,Not fleeing,hatchet,Armed,shot,True,False,WI,Lake Hallie
2016-04-08,2016,4,April,Friday,43.0,36-45,M,B,other,Not fleeing,knife,Armed,shot,False,True,MI,Kentwood
2016-04-09,2016,4,April,Saturday,27.0,26-35,M,B,attack,Foot,gun,Armed,shot,False,False,NJ,New Brunswick
2016-04-09,2016,4,April,Saturday,19.0,18-25,M,B,attack,Foot,gun,Armed,shot,False,False,PA,Philadelphia
2016-04-10,2016,4,April,Sunday,39.0,36-45,M,W,other,Car,gun,Armed,shot,False,False,CA,Modesto
2016-04-10,2016,4,April,Sunday,30.0,26-35,M,W,attack,Not fleeing,knife,Armed,shot,True,False,NY,Rotterdam
2016-04-10,2016,4,April,Sunday,28.0,26-35,M,H,attack,Not fleeing,knife,Armed,shot,False,False,CA,Los Angeles
2016-04-11,2016,4,April,Monday,22.0,18-25,M,H,attack,Not fleeing,gun,Armed,shot,False,False,NV,Las Vegas
2016-04-11,2016,4,April,Monday,16.0,<18,M,B,attack,Foot,gun,Armed,shot,False,False,IL,Chicago
2016-04-12,2016,4,April,Tuesday,40.0,36-45,M,W,other,Car,unarmed,Unarmed/Unknown,shot,False,False,CO,Denver
2016-04-12,2016,4,April,Tuesday,38.0,36-45,M,H,attack,Car,gun,Armed,shot,False,False,IL,Benton
2016-04-12,2016,4,April,Tuesday,20.0,18-25,M,W,other,Car,vehicle,Armed,shot,False,True,FL,Noma
2016-04-13,2016,4,April,Wednesday,35.0,26-35,M,B,attack,Not fleeing,undetermined,Unarmed/Unknown,shot,False,False,CA,Stockton
2016-04-13,2016,4,April,Wednesday,52.0,46-55,M,W,attack,Not fleeing,gun,Armed,shot,False,False,TX,Llano
2016-04-13,2016,4,April,Wednesday,26.0,26-35,M,W,attack,Car,gun,Armed,shot,False,False,TN,Sparta
2016-04-14,2016,4,April,Thursday,54.0,46-55,M,W,attack,Not fleeing,unarmed,Unarmed/Unknown,shot and Tasered,True,False,KS,McPherson
2016-04-15,2016,4,April,Friday,38.0,36-45,M,H,other,Not fleeing,baseball bat,Armed,shot,False,False,CA,Lake Elsinore
2016-04-15,2016,4,April,Friday,52.0,46-55,M,W,attack,Not fleeing,gun,Armed,shot,True,False,OK,Cache
2016-04-15,2016,4,April,Friday,26.0,26-35,M,W,attack,Foot,undetermined,Unarmed/Unknown,shot,False,True,IN,Muncie
2016-04-16,2016,4,April,Saturday,53.0,46-55,M,W,attack,Not fleeing,gun,Armed,shot,False,False,IL,Antioch
2016-04-17,2016,4,April,Sunday,35.0,26-35,F,B,other,Car,gun,Armed,shot,False,False,OH,Dayton
2016-04-17,2016,4,April,Sunday,22.0,18-25,M,W,other,Not fleeing,unarmed,Unarmed/Unknown,shot,True,False,TX,El Paso
2016-04-17,2016,4,April,Sunday,31.0,26-35,M,B,attack,Foot,gun,Armed,shot,False,False,NJ,Vineland
2016-04-17,2016,4,April,Sunday,32.0,26-35,M,B,attack,Foot,gun,Armed,shot,False,False,NY,New York
2016-04-17,2016,4,April,Sunday,37.0,36-45,M,B,attack,Car,vehicle,Armed,shot,False,False,NY,Troy
2016-04-18,2016,4,April,Monday,28.0,26-35,M,B,attack,Not fleeing,gun,Armed,shot,False,False,MD,Greenbelt
2016-04-18,2016,4,April,Monday,18.0,18-25,M,B,attack,Not fleeing,gun,Armed,shot,False,False,GA,Mableton
2016-04-19,2016,4,April,Tuesday,41.0,36-45,M,A,attack,Not fleeing,gun,Armed,shot,True,False,NC,Charlotte
2016-04-19,2016,4,April,Tuesday,15.0,<18,M,B,attack,Other,gun,Armed,shot,False,False,MO,St. Louis
2016-04-19,2016,4,April,Tuesday,38.0,36-45,M,W,attack,Car,gun,Armed,shot,False,False,AL,Brooksville
2016-04-20,2016,4,April,Wednesday,41.0,36-45,M,W,attack,Not fleeing,gun,Armed,shot,False,False,FL,Homestead
2016-04-20,2016,4,April,Wednesday,52.0,46-55,M,W,other,Not fleeing,undetermined,Unarmed/Unknown,shot,False,False,AR,Perryville
2016-04-21,2016,4,April,Thursday,48.0,46-55,M,H,other,Not fleeing,knife,Armed,shot,False,False,MA,Everett
2016-04-22,2016,4,April,Friday,29.0,26-35,M,W,attack,Not fleeing,knife,Armed,shot,True,False,TX,Austin
2016-04-22,2016,4,April,Friday,51.0,46-55,M,W,attack,Not fleeing,knife,Armed,shot,True,False,NY,Berne
2016-04-23,2016,4,April,Saturday,21.0,18-25,M,B,attack,Car,vehicle,Armed,shot,False,False,FL,Fort Pierce
2016-04-23,2016,4,April,Saturday,24.0,18-25,M,W,attack,Not fleeing,gun,Armed,shot,True,False,AZ,Chandler
2016-04-23,2016,4,April,Saturday,18.0,18-25,M,W,attack,Not fleeing,gun,Armed,shot,False,False,WI,Antigo
2016-04-23,2016,4,April,Saturday,30.0,26-35,M,W,attack,Not fleeing,gun,Armed,shot,True,False,VA,Norfolk
2016-04-23,2016,4,April,Saturday,33.0,26-35,M,B,other,Car,vehicle,Armed,shot and Tasered,False,True,AR,Fayetteville
2016-04-25,2016,4,April,Monday,60.0,56-65,F,W,attack,Not fleeing,gun,Armed,shot,True,False,NC,East Flat Rock
2016-04-26,2016,4,April,Tuesday,28.0,26-35,M,W,attack,Foot,gun,Armed,shot,False,False,CO,Lakewood
2016-04-26,2016,4,April,Tuesday,26.0,26-35,M,B,attack,Not fleeing,gun,Armed,shot,True,True,VA,Chesapeake
2016-04-26,2016,4,April,Tuesday,24.0,18-25,F,W,attack,Car,gun,Armed,shot,True,False,NM,Albuquerque
2016-04-26,2016,4,April,Tuesday,44.0,36-45,M,W,other,Other,gun,Armed,shot,False,False,TX,Kingsbury
2016-04-27,2016,4,April,Wednesday,36.0,36-45,M,W,attack,Not fleeing,gun,Armed,shot,False,False,UT,Milcreek
2016-04-27,2016,4,April,Wednesday,34.0,26-35,M,A,other,Not fleeing,machete,Armed,shot,False,False,GA,Atlanta
2016-04-27,2016,4,April,Wednesday,21.0,18-25,M,W,attack,Not fleeing,gun,Armed,shot,False,False,CO,Westminster
2016-04-28,2016,4,April,Thursday,37.0,36-45,M,B,attack,Not fleeing,knife,Armed,shot,False,False,FL,Miami
2016-04-28,2016,4,April,Thursday,53.0,46-55,M,W,attack,Not fleeing,gun,Armed,shot,True,True,ID,Boise
2016-04-28,2016,4,April,Thursday,45.0,36-45,M,W,other,Not fleeing,knife,Armed,shot and Tasered,True,True,WA,Spokane
2016-04-28,2016,4,April,Thursday,24.0,18-25,M,B,other,Car,vehicle,Armed,shot,False,False,TX,Houston
2016-04-29,2016,4,April,Friday,48.0,46-55,M,W,attack,Car,vehicle,Armed,shot,False,False,MO,Jackson
2016-04-30,2016,4,April,Saturday,42.0,36-45,M,W,other,Not fleeing,knife,Armed,shot,False,False,WI,Wausau
2016-04-30,2016,4,April,Saturday,33.0,26-35,M,W,other,Foot,knife,Armed,shot,False,False,UT,Spanish Fork
2016-04-30,2016,4,April,Saturday,55.0,46-55,M,W,attack,Car,vehicle,Armed,shot,False,False,AZ,Florence
2016-04-30,2016,4,April,Saturday,28.0,26-35,M,A,other,Not fleeing,knife,Armed,shot,False,True,CA,Los Angeles
2016-05-01,2016,5,May,Sunday,25.0,18-25,M,B,attack,Not fleeing,toy weapon,Armed,shot,False,False,FL,Orlando
2016-05-01,2016,5,May,Sunday,28.0,26-35,M,W,other,Not fleeing,gun,Armed,shot,True,False,TN,Alamo
2016-05-02,2016,5,May,Monday,52.0,46-55,M,B,attack,Not fleeing,gun,Armed,shot,False,False,SC,Greenville
2016-05-03,2016,5,May,Tuesday,59.0,56-65,M,W,other,Not fleeing,knife,Armed,shot,False,False,CA,Visalia
2016-05-04,2016,5,May,Wednesday,52.0,46-55,M,W,other,Not fleeing,vehicle,Armed,shot,False,False,PA,Philadelphia
2016-05-04,2016,5,May,Wednesday,39.0,36-45,M,W,attack,Car,gun,Armed,shot,False,False,WA,Burien
2016-05-04,2016,5,May,Wednesday,18.0,18-25,M,,other,Not fleeing,knife,Armed,shot,False,False,CA,Temecula
2016-05-04,2016,5,May,Wednesday,40.0,36-45,M,W,attack,Not fleeing,undetermined,Unarmed/Unknown,shot,False,False,MO,Buffalo
2016-05-05,2016,5,May,Thursday,36.0,36-45,M,W,attack,Car,vehicle,Armed,shot,False,False,LA,Gretna
2016-05-05,2016,5,May,Thursday,38.0,36-45,M,B,attack,Foot,gun,Armed,shot,False,True,WI,Milwaukee
2016-05-05,2016,5,May,Thursday,26.0,26-35,F,B,attack,Not fleeing,gun,Armed,shot,False,False,FL,Orlando
2016-05-06,2016,5,May,Friday,,,M,B,other,Not fleeing,gun,Armed,shot,True,False,WV,Weirton
2016-05-07,2016,5,May,Saturday,29.0,26-35,M,W,other,Not fleeing,gun,Armed,shot,True,False,WA,Lake Stevens
2016-05-07,2016,5,May,Saturday,37.0,36-45,M,B,attack,Other,gun,Armed,shot,False,False,FL,St. Petersburg
2016-05-07,2016,5,May,Saturday,29.0,26-35,M,O,other,Not fleeing,knife,Armed,shot and Tasered,False,False,ME,Presque Isle
2016-05-08,2016,5,May,Sunday,21.0,18-25,M,B,other,Not fleeing,toy weapon,Armed,shot,False,False,CA,Long Beach
2016-05-09,2016,5,May,Monday,33.0,26-35,M,B,other,Not fleeing,toy weapon,Armed,shot,False,False,TX,El Paso
2016-05-09,2016,5,May,Monday,33.0,26-35,M,B,attack,Not fleeing,gun,Armed,shot,False,False,MN,St. Paul
2016-05-09,2016,5,May,Monday,23.0,18-25,M,W,attack,Not fleeing,unarmed,Unarmed/Unknown,shot,False,False,MS,St. Martin
2016-05-09,2016,5,May,Monday,26.0,26-35,M,W,other,Foot,gun,Armed,shot,False,False,IL,Chicago
2016-05-09,2016,5,May,Monday,59.0,56-65,M,,attack,Not fleeing,gun,Armed,shot,False,False,FL,Hog Valley
2016-05-09,2016,5,May,Monday,29.0,26-35,M,W,attack,Other,gun,Armed,shot,True,False,TX,Nacogdoches
2016-05-10,2016,5,May,Tuesday,28.0,26-35,M,B,attack,Not fleeing,knife,Armed,shot,True,False,MA,Taunton
2016-05-11,2016,5,May,Wednesday,35.0,26-35,M,W,attack,Car,gun,Armed,shot,False,False,CO,Aurora
2016-05-11,2016,5,May,Wednesday,33.0,26-35,M,A,other,Car,vehicle,Armed,shot,False,True,CA,San Diego
2016-05-11,2016,5,May,Wednesday,24.0,18-25,M,B,attack,Car,gun,Armed,shot,False,False,CO,Greeley
2016-05-11,2016,5,May,Wednesday,,,M,W,attack,Car,gun,Armed,shot,True,False,OK,Byng
2016-05-13,2016,5,May,Friday,28.0,26-35,M,H,attack,Not fleeing,gun,Armed,shot,False,True,CA,Boyle Heights
2016-05-14,2016,5,May,Saturday,19.0,18-25,M,W,other,Not fleeing,knife,Armed,shot,True,False,FL,Jacksonsville
2016-05-14,2016,5,May,Saturday,43.0,36-45,M,N,attack,Not fleeing,gun,Armed,shot,False,True,AZ,Phoenix
2016-05-14,2016,5,May,Saturday,59.0,56-65,M,W,attack,Not fleeing,gun,Armed,shot,False,False,FL,Osteen
2016-05-14,2016,5,May,Saturday,34.0,26-35,M,W,other,Not fleeing,gun,Armed,shot and Tasered,True,False,GA,Stockbridge
2016-05-15,2016,5,May,Sunday,35.0,26-35,M,W,attack,Foot,gun,Armed,shot,False,False,IL,Shawnee National Forest
2016-05-16,2016,5,May,Monday,23.0,18-25,M,B,attack,Foot,gun,Armed,shot,False,False,GA,Riverdale
2016-05-17,2016,5,May,Tuesday,36.0,36-45,M,W,other,Not fleeing,ax,Armed,shot,True,False,CA,Siskiyou County
2016-05-18,2016,5,May,Wednesday,46.0,46-55,M,W,other,Not fleeing,knife,Armed,shot,True,False,NY,New York
2016-05-18,2016,5,May,Wednesday,44.0,36-45,M,W,attack,Other,gun,Armed,shot,False,False,MO,Sullivan
2016-05-18,2016,5,May,Wednesday,20.0,18-25,M,H,attack,Not fleeing,gun,Armed,shot,False,False,AZ,Phoenix
2016-05-19,2016,5,May,Thursday,30.0,26-35,M,H,attack,Not fleeing,unarmed,Unarmed/Unknown,shot,False,False,NV,Las Vegas
2016-05-19,2016,5,May,Thursday,29.0,26-35,F,B,undetermined,Car,unarmed,Unarmed/Unknown,shot,False,False,CA,San Francisco
2016-05-19,2016,5,May,Thursday,35.0,26-35,M,H,other,Not fleeing,knife,Armed,shot,False,True,CA,Citrus Heights
2016-05-19,2016,5,May,Thursday,36.0,36-45,M,W,attack,Not fleeing,gun,Armed,shot,False,False,KY,Fisty
2016-05-19,2016,5,May,Thursday,22.0,18-25,M,B,other,Not fleeing,gun,Armed,shot,False,False,FL,Miami
2016-05-20,2016,5,May,Friday,31.0,26-35,M,B,other,Foot,knife,Armed,shot,False,True,NE,Omaha
2016-05-21,2016,5,May,Saturday,63.0,56-65,M,W,attack,Not fleeing,gun,Armed,shot,False,False,SC,Chesterfield County
2016-05-21,2016,5,May,Saturday,38.0,36-45,M,W,attack,Not fleeing,unarmed,Unarmed/Unknown,shot,True,False,OR,Oregon City
2016-05-21,2016,5,May,Saturday,31.0,26-35,M,N,attack,Not fleeing,gun,Armed,shot,True,True,AZ,Flagstaff
2016-05-22,2016,5,May,Sunday,27.0,26-35,M,B,other,Car,unarmed,Unarmed/Unknown,shot,False,True,FL,Hallandale Beach
2016-05-22,2016,5,May,Sunday,35.0,26-35,M,H,attack,Not fleeing,gun,Armed,shot,False,False,MA,Oxford
2016-05-22,2016,5,May,Sunday,22.0,18-25,M,B,other,Car,unarmed,Unarmed/Unknown,shot,False,False,FL,Jacksonville
2016-05-22,2016,5,May,Sunday,28.0,26-35,M,W,attack,Not fleeing,gun,Armed,shot,True,False,CO,Boulder
2016-05-23,2016,5,May,Monday,26.0,26-35,M,N,attack,Foot,gun,Armed,shot,False,True,AZ,Flagstaff
2016-05-24,2016,5,May,Tuesday,22.0,18-25,M,W,other,Not fleeing,knife,Armed,shot,False,False,OR,Gresham
2016-05-24,2016,5,May,Tuesday,57.0,56-65,M,,other,Car,Taser,Armed,shot,False,False,MO,Harrisonville
2016-05-24,2016,5,May,Tuesday,31.0,26-35,M,H,attack,Not fleeing,gun,Armed,shot,False,False,NM,Albuquerque
2016-05-25,2016,5,May,Wednesday,43.0,36-45,M,W,other,Not fleeing,knife,Armed,shot,True,False,OK,Oklahoma City
2016-05-25,2016,5,May,Wednesday,24.0,18-25,M,B,other,Car,vehicle,Armed,shot,False,False,FL,Miami Gardens
2016-05-26,2016,5,May,Thursday,29.0,26-35,M,W,attack,Not fleeing,gun,Armed,shot,False,False,MN,St. Paul
2016-05-26,2016,5,May,Thursday,43.0,36-45,M,W,attack,Foot,gun,Armed,shot,False,False,IL,Lansing
2016-05-26,2016,5,May,Thursday,,,M,,other,Not fleeing,gun,Armed,shot,False,False,TX,San Antonio
2016-05-26,2016,5,May,Thursday,21.0,18-25,M,B,undetermined,Foot,undetermined,Unarmed/Unknown,shot,False,False,IL,Washington Park
2016-05-26,2016,5,May,Thursday,19.0,18-25,M,H,attack,Car,gun,Armed,shot,False,False,CA,Solvang
2016-05-26,2016,5,May,Thursday,,,F,,other,Not fleeing,knife,Armed,shot,False,False,FL,Sneads
2016-05-26,2016,5,May,Thursday,25.0,18-25,M,H,attack,Car,gun,Armed,shot,False,False,NM,Socorro
2016-05-27,2016,5,May,Friday,59.0,56-65,M,W,attack,Not fleeing,gun,Armed,shot,False,False,IN,Indianapolis
2016-05-28,2016,5,May,Saturday,50.0,46-55,M,B,attack,Not fleeing,gun,Armed,shot,False,False,AL,Eastaboga
2016-05-28,2016,5,May,Saturday,58.0,56-65,M,W,attack,Not fleeing,gun,Armed,shot,False,True,NM,Albuquerque
2016-05-29,2016,5,May,Sunday,25.0,18-25,M,H,attack,Not fleeing,gun,Armed,shot,True,False,TX,Houston
2016-05-29,2016,5,May,Sunday,32.0,26-35,M,W,other,Not fleeing,knife,Armed,shot,False,False,FL,Deland
2016-05-29,2016,5,May,Sunday,53.0,46-55,M,W,attack,Not fleeing,gun,Armed,shot,False,True,NC,Clinton
2016-05-29,2016,5,May,Sunday,38.0,36-45,M,W,other,Car,unarmed,Unarmed/Unknown,shot and Tasered,False,False,NC,Stoneville
2016-05-30,2016,5,May,Monday,70.0,66+,M,W,attack,Not fleeing,gun,Armed,shot,False,False,OR,Tualatin
2016-05-30,2016,5,May,Monday,33.0,26-35,M,B,attack,Not fleeing,gun,Armed,shot,False,False,AZ,Tucson
2016-05-31,2016,5,May,Tuesday,36.0,36-45,M,W,other,Not fleeing,knife,Armed,shot,False,False,OR,Bend
2016-06-01,2016,6,June,Wednesday,,,M,,attack,Not fleeing,gun,Armed,shot,False,False,AZ,Phoenix
2016-06-01,2016,6,June,Wednesday,21.0,18-25,M,B,attack,Foot,gun,Armed,shot,False,True,GA,Newnan
2016-06-01,2016,6,June,Wednesday,51.0,46-55,M,W,attack,Foot,gun,Armed,shot,False,False,KY,Berea
2016-06-02,2016,6,June,Thursday,43.0,36-45,M,B,other,Not fleeing,knife,Armed,shot,True,True,VA,Norfolk
2016-06-02,2016,6,June,Thursday,18.0,18-25,M,B,other,Not fleeing,gun,Armed,shot,False,True,NC,Charlotte
2016-06-03,2016,6,June,Friday,33.0,26-35,M,W,other,Not fleeing,knife,Armed,shot,False,False,AK,Wasilla
2016-06-03,2016,6,June,Friday,34.0,26-35,M,N,other,Not fleeing,knife,Armed,shot,False,False,AZ,Parker
2016-06-04,2016,6,June,Saturday,31.0,26-35,M,,attack,Not fleeing,undetermined,Unarmed/Unknown,shot,False,False,CA,Yreka
2016-06-04,2016,6,June,Saturday,35.0,26-35,M,B,attack,Other,gun,Armed,shot,False,True,AL,Eufaula
2016-06-04,2016,6,June,Saturday,31.0,26-35,M,W,other,Not fleeing,knife,Armed,shot,True,True,IN,Muncie
2016-06-05,2016,6,June,Sunday,31.0,26-35,M,W,other,Car,gun,Armed,shot,False,False,FL,Cape Coral
2016-06-06,2016,6,June,Monday,23.0,18-25,M,B,attack,Not fleeing,gun,Armed,shot,False,False,OH,Columbus
2016-06-06,2016,6,June,Monday,25.0,18-25,M,O,other,Not fleeing,knife,Armed,shot,False,False,HI,Hilo
2016-06-07,2016,6,June,Tuesday,25.0,18-25,M,W,other,Car,unarmed,Unarmed/Unknown,shot,False,True,OK,Wagoner
2016-06-07,2016,6,June,Tuesday,21.0,18-25,M,H,other,Not fleeing,vehicle,Armed,shot,False,False,CA,Turlock
2016-06-07,2016,6,June,Tuesday,49.0,46-55,M,B,other,Not fleeing,gun,Armed,shot,False,False,VA,Norman
2016-06-07,2016,6,June,Tuesday,63.0,56-65,M,W,attack,Not fleeing,gun,Armed,shot,False,False,GA,Stockbridge
2016-06-08,2016,6,June,Wednesday,43.0,36-45,M,H,attack,Not fleeing,gun,Armed,shot,False,False,MO,Kansas City
2016-06-09,2016,6,June,Thursday,34.0,26-35,M,W,attack,Car,gun,Armed,shot,False,False,AL,Birmingham
2016-06-09,2016,6,June,Thursday,38.0,36-45,M,W,attack,,gun,Armed,shot,False,False,PA,York
2016-06-09,2016,6,June,Thursday,52.0,46-55,M,B,other,Foot,gun,Armed,shot,False,False,TX,Port Arthur
2016-06-09,2016,6,June,Thursday,68.0,66+,M,W,attack,Not fleeing,gun,Armed,shot,True,True,MI,Ishpeming Township
2016-06-09,2016,6,June,Thursday,,,M,,attack,Not fleeing,baton,Armed,shot,False,False,AZ,Somerton
2016-06-10,2016,6,June,Friday,31.0,26-35,M,B,attack,Not fleeing,gun,Armed,shot,False,False,CA,Los Angeles
2016-06-10,2016,6,June,Friday,29.0,26-35,M,W,other,Not fleeing,baseball bat,Armed,shot,False,False,NC,Iredell County
2016-06-10,2016,6,June,Friday,32.0,26-35,M,H,attack,Foot,gun,Armed,shot,False,False,CO,Pueblo
2016-06-10,2016,6,June,Friday,50.0,46-55,M,H,attack,Not fleeing,gun,Armed,shot,False,True,WA,Yakima
2016-06-11,2016,6,June,Saturday,27.0,26-35,M,B,attack,Car,gun,Armed,shot,False,False,MS,Tupelo
2016-06-11,2016,6,June,Saturday,31.0,26-35,M,H,other,Not fleeing,spear,Armed,shot,False,False,CA,Maywood
2016-06-12,2016,6,June,Sunday,29.0,26-35,M,O,attack,Not fleeing,gun,Armed,shot,True,True,FL,Orlando
2016-06-12,2016,6,June,Sunday,23.0,18-25,M,W,other,Not fleeing,knife,Armed,shot,True,False,UT,Eagle Mountain
2016-06-12,2016,6,June,Sunday,61.0,56-65,M,B,attack,Car,gun,Armed,shot,False,False,KY,Hiseville
2016-06-13,2016,6,June,Monday,33.0,26-35,M,W,attack,Not fleeing,gun,Armed,shot,False,False,NY,Schenectady
2016-06-13,2016,6,June,Monday,18.0,18-25,M,B,other,Not fleeing,gun,Armed,shot,False,False,AL,Mobile
2016-06-13,2016,6,June,Monday,80.0,66+,M,H,attack,Car,gun,Armed,shot,False,False,RI,Tiverton
2016-06-13,2016,6,June,Monday,43.0,36-45,M,W,undetermined,Car,undetermined,Unarmed/Unknown,shot,False,False,WA,Vancouver
2016-06-14,2016,6,June,Tuesday,50.0,46-55,M,H,other,Car,vehicle,Armed,shot,False,True,ID,Boise
2016-06-14,2016,6,June,Tuesday,47.0,46-55,M,W,attack,Not fleeing,gun,Armed,shot,False,False,MO,Odessa
2016-06-14,2016,6,June,Tuesday,54.0,46-55,M,O,attack,Not fleeing,gun,Armed,shot,False,False,TX,Amarillo
2016-06-14,2016,6,June,Tuesday,22.0,18-25,M,H,attack,Not fleeing,undetermined,Unarmed/Unknown,shot,False,False,CA,Chula Vista
2016-06-15,2016,6,June,Wednesday,43.0,36-45,M,W,attack,Car,vehicle,Armed,shot,False,False,OK,Tulsa
2016-06-15,2016,6,June,Wednesday,38.0,36-45,M,W,attack,Car,gun,Armed,shot,True,False,WI,Pembine
2016-06-16,2016,6,June,Thursday,21.0,18-25,M,H,attack,Car,gun,Armed,shot,False,False,NM,Albuquerque
2016-06-16,2016,6,June,Thursday,36.0,36-45,M,W,attack,Not fleeing,gun,Armed,shot,False,True,MT,Butte
2016-06-16,2016,6,June,Thursday,30.0,26-35,M,H,attack,Car,vehicle,Armed,shot,False,False,CO,Westminster
2016-06-16,2016,6,June,Thursday,,,M,,other,Not fleeing,gun,Armed,shot,True,False,OH,Montpelier
2016-06-18,2016,6,June,Saturday,34.0,26-35,M,W,attack,Not fleeing,toy weapon,Armed,shot,False,True,AL,Huntsville
2016-06-18,2016,6,June,Saturday,17.0,<18,M,W,other,Car,vehicle,Armed,shot,False,False,CA,Carmichael
2016-06-18,2016,6,June,Saturday,37.0,36-45,M,B,attack,Foot,unarmed,Unarmed/Unknown,shot,False,False,MS,Tupelo
2016-06-19,2016,6,June,Sunday,25.0,18-25,M,B,attack,Not fleeing,gun,Armed,shot,False,False,NY,New York
2016-06-19,2016,6,June,Sunday,30.0,26-35,M,,other,Not fleeing,gun,Armed,shot,False,False,FL,Fort Walton Beach
2016-06-20,2016,6,June,Monday,23.0,18-25,M,B,attack,Not fleeing,gun,Armed,shot,False,False,SC,Hardeeville
2016-06-20,2016,6,June,Monday,20.0,18-25,M,W,other,Not fleeing,knife,Armed,shot and Tasered,False,True,AZ,Lake Havasu City
2016-06-21,2016,6,June,Tuesday,19.0,18-25,M,W,attack,Car,toy weapon,Armed,shot,True,False,NH,Peterborough
2016-06-21,2016,6,June,Tuesday,50.0,46-55,M,W,attack,Not fleeing,gun,Armed,shot,True,False,WY,Casper
2016-06-21,2016,6,June,Tuesday,24.0,18-25,M,H,attack,Not fleeing,undetermined,Unarmed/Unknown,shot,True,False,NC,Lawndale
2016-06-22,2016,6,June,Wednesday,25.0,18-25,M,W,attack,Not fleeing,gun,Armed,shot,False,False,CO,Colorado Springs
2016-06-22,2016,6,June,Wednesday,20.0,18-25,M,B,attack,Car,vehicle,Armed,shot,False,False,AL,Birmingham
2016-06-22,2016,6,June,Wednesday,37.0,36-45,M,W,other,Not fleeing,knife,Armed,shot,False,False,FL,Wellington
2016-06-22,2016,6,June,Wednesday,44.0,36-45,M,B,attack,Foot,gun,Armed,shot,False,False,MS,Walls
2016-06-22,2016,6,June,Wednesday,22.0,18-25,M,B,undetermined,Other,unarmed,Unarmed/Unknown,shot,False,False,GA,Atlanta
2016-06-22,2016,6,June,Wednesday,31.0,26-35,M,W,attack,Not fleeing,gun,Armed,shot,False,True,TX,Bellville
2016-06-23,2016,6,June,Thursday,25.0,18-25,M,B,other,Not fleeing,gun,Armed,shot,False,True,WI,Wauwatosa
2016-06-23,2016,6,June,Thursday,,,M,B,attack,Foot,gun,Armed,shot,False,False,IL,Belleville
2016-06-23,2016,6,June,Thursday,29.0,26-35,M,,undetermined,Not fleeing,gun,Armed,shot,False,False,NM,Hanover
2016-06-24,2016,6,June,Friday,36.0,36-45,M,B,attack,Not fleeing,gun,Armed,shot,False,False,NJ,Paterson
2016-06-24,2016,6,June,Friday,50.0,46-55,M,W,attack,Not fleeing,gun,Armed,shot,False,False,AR,Farmington
2016-06-24,2016,6,June,Friday,42.0,36-45,F,W,attack,Not fleeing,gun,Armed,shot,True,False,TX,Fulshear
2016-06-24,2016,6,June,Friday,42.0,36-45,M,H,other,Other,gun,Armed,shot,True,False,OK,Oklahoma City
2016-06-24,2016,6,June,Friday,26.0,26-35,M,H,attack,Not fleeing,gun,Armed,shot,False,False,FL,Riverview
2016-06-25,2016,6,June,Saturday,19.0,18-25,M,W,other,Car,unarmed,Unarmed/Unknown,shot,True,True,CA,Fresno
2016-06-25,2016,6,June,Saturday,59.0,56-65,M,W,attack,Not fleeing,gun,Armed,shot,False,False,FL,Pinellas Park
2016-06-25,2016,6,June,Saturday,36.0,36-45,M,H,attack,Other,unarmed,Unarmed/Unknown,shot and Tasered,False,False,GA,Gainesville
2016-06-25,2016,6,June,Saturday,,,M,,attack,Not fleeing,gun,Armed,shot,False,False,AZ,Buckeye
2016-06-26,2016,6,June,Sunday,51.0,46-55,M,W,attack,Not fleeing,baseball bat,Armed,shot,True,False,MI,Columbia Township
2016-06-26,2016,6,June,Sunday,27.0,26-35,M,H,other,Not fleeing,knife,Armed,shot,False,False,CT,Thomaston
2016-06-26,2016,6,June,Sunday,22.0,18-25,M,B,attack,Foot,gun,Armed,shot,False,False,NE,Lincoln
2016-06-26,2016,6,June,Sunday,30.0,26-35,M,B,attack,Not fleeing,gun,Armed,shot,False,False,IL,Dolton
2016-06-27,2016,6,June,Monday,28.0,26-35,M,W,attack,Not fleeing,toy weapon,Armed,shot,True,False,IA,Boone
2016-06-27,2016,6,June,Monday,63.0,56-65,M,B,attack,Not fleeing,toy weapon,Armed,shot,True,True,DC,Washington
2016-06-27,2016,6,June,Monday,32.0,26-35,M,W,attack,Not fleeing,gun,Armed,shot,False,False,GA,Cochran
2016-06-27,2016,6,June,Monday,26.0,26-35,M,W,attack,Not fleeing,gun,Armed,shot,False,False,NM,Laguna Pueblo
2016-06-27,2016,6,June,Monday,25.0,18-25,M,W,other,Car,toy weapon,Armed,shot,False,False,DE,Frederica
2016-06-28,2016,6,June,Tuesday,27.0,26-35,M,A,other,Foot,knife,Armed,shot,False,False,CA,Long Beach
2016-06-28,2016,6,June,Tuesday,61.0,56-65,M,A,attack,Not fleeing,knife,Armed,shot,False,False,HI,Honolulu
2016-06-29,2016,6,June,Wednesday,30.0,26-35,M,W,attack,Not fleeing,undetermined,Unarmed/Unknown,shot,False,False,KY,Barbourville
2016-06-29,2016,6,June,Wednesday,,,M,B,attack,Not fleeing,gun,Armed,shot,False,False,LA,Ouachita Parish
2016-06-29,2016,6,June,Wednesday,37.0,36-45,M,B,attack,Foot,gun,Armed,shot,False,False,IA,Fort Madison
2016-06-29,2016,6,June,Wednesday,41.0,36-45,M,W,other,Not fleeing,pitchfork,Armed,shot,True,False,WI,Madison
2016-06-30,2016,6,June,Thursday,25.0,18-25,M,B,undetermined,,gun,Armed,shot,False,False,OH,Columbus
2016-06-30,2016,6,June,Thursday,24.0,18-25,M,W,attack,Not fleeing,gun,Armed,shot,False,False,CO,Park County
2016-06-30,2016,6,June,Thursday,44.0,36-45,M,H,undetermined,Not fleeing,undetermined,Unarmed/Unknown,shot,False,False,WY,Douglas
2016-07-01,2016,7,July,Friday,63.0,56-65,M,W,attack,Not fleeing,gun,Armed,shot,False,False,SC,Landrum
2016-07-01,2016,7,July,Friday,30.0,26-35,M,W,attack,Not fleeing,gun,Armed,shot and Tasered,False,False,GA,Cartersville
2016-07-01,2016,7,July,Friday,58.0,56-65,M,W,other,Not fleeing,knife,Armed,shot,False,False,WI,Jackson
2016-07-02,2016,7,July,Saturday,35.0,26-35,M,B,other,Car,gun,Armed,shot,False,False,NC,Asheville
2016-07-02,2016,7,July,Saturday,50.0,46-55,M,W,attack,Not fleeing,gun,Armed,shot,False,False,TN,Bristol
2016-07-03,2016,7,July,Sunday,40.0,36-45,M,W,other,Not fleeing,knife,Armed,shot,True,False,LA,New Iberia
2016-07-03,2016,7,July,Sunday,,,M,H,other,Car,vehicle,Armed,shot,False,False,NV,Reno
2016-07-03,2016,7,July,Sunday,19.0,18-25,M,H,other,Car,vehicle,Armed,shot,False,False,CA,Fullerton
2016-07-04,2016,7,July,Monday,34.0,26-35,M,W,attack,Not fleeing,gun,Armed,shot,False,True,SC,North Charleston
2016-07-04,2016,7,July,Monday,18.0,18-25,M,H,other,Not fleeing,gun,Armed,shot,True,False,CA,San Jose
2016-07-04,2016,7,July,Monday,21.0,18-25,M,B,attack,Not fleeing,gun,Armed,shot,False,False,DC,Washington
2016-07-04,2016,7,July,Monday,,,M,,other,Not fleeing,knife,Armed,shot,False,True,TX,Rosser
2016-07-05,2016,7,July,Tuesday,37.0,36-45,M,B,undetermined,Not fleeing,undetermined,Unarmed/Unknown,shot and Tasered,False,True,LA,Baton Rouge
2016-07-05,2016,7,July,Tuesday,29.0,26-35,M,W,undetermined,,undetermined,Unarmed/Unknown,shot,False,False,OR,Salem
2016-07-05,2016,7,July,Tuesday,49.0,46-55,M,W,other,Car,undetermined,Unarmed/Unknown,shot,False,False,CA,Temecula
2016-07-05,2016,7,July,Tuesday,24.0,18-25,F,H,other,Not fleeing,knife,Armed,shot,False,False,AZ,Yuma
2016-07-06,2016,7,July,Wednesday,32.0,26-35,M,B,other,Not fleeing,gun,Armed,shot,False,False,MN,Falcon Heights
2016-07-06,2016,7,July,Wednesday,65.0,56-65,M,W,other,Not fleeing,gun,Armed,shot,False,True,OK,Rush Springs
2016-07-07,2016,7,July,Thursday,37.0,36-45,M,H,other,Not fleeing,knife,Armed,shot,False,False,CA,Bell
2016-07-07,2016,7,July,Thursday,33.0,26-35,M,W,other,Car,vehicle,Armed,shot,False,False,CA,Clovis
2016-07-07,2016,7,July,Thursday,63.0,56-65,M,B,attack,Not fleeing,gun,Armed,shot,False,True,AL,Selma
2016-07-08,2016,7,July,Friday,30.0,26-35,M,W,other,Not fleeing,knife,Armed,shot,True,False,AZ,Tucson
2016-07-09,2016,7,July,Saturday,40.0,36-45,M,B,attack,Car,gun,Armed,shot,False,False,OK,Broken Bow
2016-07-10,2016,7,July,Sunday,38.0,36-45,M,B,other,Not fleeing,gun,Armed,shot,False,True,TX,Houston
2016-07-11,2016,7,July,Monday,50.0,46-55,M,B,other,Not fleeing,knife,Armed,shot,True,True,CA,Sacramento
2016-07-11,2016,7,July,Monday,41.0,36-45,M,B,attack,Not fleeing,gun,Armed,shot,False,False,IL,East St. Louis
2016-07-11,2016,7,July,Monday,41.0,36-45,M,H,attack,Not fleeing,gun,Armed,shot,False,False,MI,Romulus
2016-07-11,2016,7,July,Monday,39.0,36-45,M,B,attack,Foot,gun,Armed,shot,False,False,NY,New York
2016-07-11,2016,7,July,Monday,44.0,36-45,M,W,attack,Not fleeing,gun,Armed,shot,False,False,MI,St. Joseph
2016-07-12,2016,7,July,Tuesday,23.0,18-25,M,W,attack,Not fleeing,hatchet,Armed,shot,True,False,AK,Anchorage
2016-07-13,2016,7,July,Wednesday,32.0,26-35,M,W,undetermined,Foot,gun,Armed,shot,False,True,AZ,Flagstaff
2016-07-13,2016,7,July,Wednesday,56.0,56-65,M,W,other,Not fleeing,toy weapon,Armed,shot,True,False,NY,Middletown
2016-07-14,2016,7,July,Thursday,33.0,26-35,M,B,attack,Not fleeing,gun,Armed,shot,False,False,MD,Baltimore
2016-07-15,2016,7,July,Friday,63.0,56-65,M,W,attack,Not fleeing,gun,Armed,shot,True,False,NC,Peachland
2016-07-16,2016,7,July,Saturday,31.0,26-35,M,W,attack,Not fleeing,gun,Armed,shot,True,False,FL,Lake Asbury
2016-07-16,2016,7,July,Saturday,26.0,26-35,M,W,attack,Other,gun,Armed,shot and Tasered,False,False,CA,San Bernardino
2016-07-16,2016,7,July,Saturday,57.0,56-65,M,W,other,Foot,gun,Armed,shot,False,False,NJ,Little Egg Harbor Township
2016-07-17,2016,7,July,Sunday,39.0,36-45,M,W,other,Not fleeing,gun,Armed,shot,False,False,WI,Sheboygan
2016-07-17,2016,7,July,Sunday,43.0,36-45,M,W,attack,Not fleeing,screwdriver,Armed,shot and Tasered,False,False,OK,Tulsa
2016-07-17,2016,7,July,Sunday,42.0,36-45,M,B,attack,Not fleeing,gun,Armed,shot,False,False,NY,New York
2016-07-17,2016,7,July,Sunday,29.0,26-35,M,B,attack,Not fleeing,gun,Armed,shot,True,False,LA,Baton Rouge
2016-07-18,2016,7,July,Monday,56.0,56-65,M,W,other,Not fleeing,ax,Armed,shot,True,False,OK,Tulsa
2016-07-20,2016,7,July,Wednesday,31.0,26-35,M,H,other,Not fleeing,knife,Armed,shot,True,False,CA,Santa Maria
2016-07-21,2016,7,July,Thursday,50.0,46-55,M,B,attack,Not fleeing,gun,Armed,shot,False,False,IL,Chicago
2016-07-21,2016,7,July,Thursday,36.0,36-45,M,O,attack,Not fleeing,gun,Armed,shot,True,False,HI,Hilo
2016-07-22,2016,7,July,Friday,50.0,46-55,M,W,attack,,gun,Armed,shot,False,False,WV,Buckhannon
2016-07-23,2016,7,July,Saturday,34.0,26-35,M,H,attack,Not fleeing,gun,Armed,shot,False,False,TX,San Antonio
2016-07-23,2016,7,July,Saturday,49.0,46-55,M,B,attack,Not fleeing,knife,Armed,shot,False,False,WI,Milwaukee
2016-07-23,2016,7,July,Saturday,31.0,26-35,M,B,attack,Foot,gun,Armed,shot,False,False,CA,Chino
2016-07-24,2016,7,July,Sunday,36.0,36-45,M,W,attack,Not fleeing,hatchet and gun,Armed,shot,True,False,CA,Winchester
2016-07-24,2016,7,July,Sunday,29.0,26-35,M,N,other,Not fleeing,knife,Armed,shot,True,False,NM,Gallup
2016-07-25,2016,7,July,Monday,32.0,26-35,M,B,attack,Car,gun,Armed,shot,False,False,IN,Indianapolis
2016-07-25,2016,7,July,Monday,18.0,18-25,M,B,attack,Foot,gun,Armed,shot,False,False,CA,Los Angeles
2016-07-26,2016,7,July,Tuesday,50.0,46-55,M,W,attack,Car,gun,Armed,shot,False,False,WI,Pine River
2016-07-26,2016,7,July,Tuesday,36.0,36-45,M,H,other,,gun,Armed,shot,False,False,NM,Artesia
2016-07-27,2016,7,July,Wednesday,33.0,26-35,M,W,other,Foot,knife,Armed,shot,False,True,TN,Estill Springs
2016-07-27,2016,7,July,Wednesday,17.0,<18,M,B,attack,Foot,gun,Armed,shot,False,False,LA,Metairie
2016-07-27,2016,7,July,Wednesday,19.0,18-25,M,B,attack,Foot,unarmed,Unarmed/Unknown,shot,True,False,AZ,Tempe
2016-07-27,2016,7,July,Wednesday,24.0,18-25,M,W,other,Foot,knife,Armed,shot,False,True,AZ,Scottsdale
2016-07-27,2016,7,July,Wednesday,24.0,18-25,M,H,other,Not fleeing,knife,Armed,shot,True,False,CA,San Bernardino
2016-07-27,2016,7,July,Wednesday,20.0,18-25,M,W,attack,Not fleeing,knife,Armed,shot,False,False,MT,Malta
2016-07-28,2016,7,July,Thursday,41.0,36-45,M,H,undetermined,Not fleeing,undetermined,Unarmed/Unknown,shot,False,False,NV,Sparks
2016-07-28,2016,7,July,Thursday,47.0,46-55,M,B,other,Car,,Unknown,shot,False,False,CA,La Quinta
2016-07-28,2016,7,July,Thursday,18.0,18-25,M,B,other,Car,vehicle,Armed,shot,False,True,IL,Chicago
2016-07-28,2016,7,July,Thursday,31.0,26-35,M,H,attack,Other,gun,Armed,shot,False,False,AZ,Tucson
2016-07-28,2016,7,July,Thursday,27.0,26-35,M,B,attack,Other,unarmed,Unarmed/Unknown,shot,False,False,CA,Compton
2016-07-28,2016,7,July,Thursday,36.0,36-45,M,H,other,Car,undetermined,Unarmed/Unknown,shot,False,True,CA,City Terrace
2016-07-29,2016,7,July,Friday,59.0,56-65,M,W,attack,Not fleeing,gun,Armed,shot,False,False,NC,Pleasant Hill
2016-07-29,2016,7,July,Friday,40.0,36-45,F,W,attack,Not fleeing,gun,Armed,shot,False,False,AL,Homewood
2016-07-31,2016,7,July,Sunday,32.0,26-35,M,W,attack,Foot,rock,Armed,shot,False,False,KY,Phelps
2016-07-31,2016,7,July,Sunday,38.0,36-45,M,H,undetermined,Not fleeing,undetermined,Unarmed/Unknown,shot,False,False,WA,Wapato
2016-07-31,2016,7,July,Sunday,18.0,18-25,M,A,other,Not fleeing,knife,Armed,shot,True,True,NJ,Manchester
2016-08-01,2016,8,August,Monday,32.0,26-35,M,,undetermined,Not fleeing,undetermined,Unarmed/Unknown,shot,False,False,CA,Santa Ana
2016-08-01,2016,8,August,Monday,23.0,18-25,F,B,attack,Not fleeing,gun,Armed,shot,False,False,MD,Randallstown
2016-08-01,2016,8,August,Monday,43.0,36-45,M,W,attack,Car,vehicle,Armed,shot,False,False,SC,Edmund
2016-08-01,2016,8,August,Monday,67.0,66+,M,W,attack,Not fleeing,gun,Armed,shot,False,False,VA,Stafford
2016-08-02,2016,8,August,Tuesday,22.0,18-25,M,W,attack,Car,gun,Armed,shot,False,False,SC,Lake City
2016-08-02,2016,8,August,Tuesday,31.0,26-35,M,W,other,Not fleeing,knife,Armed,shot,False,False,MN,Alexandria
2016-08-02,2016,8,August,Tuesday,43.0,36-45,M,B,attack,Not fleeing,gun,Armed,shot,True,False,FL,Palm Bay
2016-08-02,2016,8,August,Tuesday,34.0,26-35,M,W,attack,Car,gun,Armed,shot,True,False,ID,Hammett
2016-08-02,2016,8,August,Tuesday,51.0,46-55,M,W,other,Foot,undetermined,Unarmed/Unknown,shot,False,False,CA,Castaic
2016-08-03,2016,8,August,Wednesday,31.0,26-35,M,W,attack,Foot,gun,Armed,shot,False,False,UT,Clearfield
2016-08-03,2016,8,August,Wednesday,54.0,46-55,M,W,attack,Not fleeing,knife,Armed,shot,False,False,MI,Detroit
2016-08-03,2016,8,August,Wednesday,69.0,66+,M,W,other,Car,gun,Armed,shot,False,False,VA,Scott County
2016-08-05,2016,8,August,Friday,58.0,56-65,M,W,other,Not fleeing,knife,Armed,shot,True,False,VA,Aldie
2016-08-05,2016,8,August,Friday,26.0,26-35,M,B,attack,Not fleeing,gun,Armed,shot,True,False,GA,East Point
2016-08-05,2016,8,August,Friday,31.0,26-35,M,,attack,Not fleeing,crossbow,Armed,shot,True,False,CA,Santee
2016-08-05,2016,8,August,Friday,59.0,56-65,M,W,attack,Not fleeing,gun,Armed,shot,True,False,WI,Beaver Dam
2016-08-07,2016,8,August,Sunday,25.0,18-25,M,B,attack,Not fleeing,knife,Armed,shot,True,False,OH,Cincinnati
2016-08-07,2016,8,August,Sunday,20.0,18-25,M,B,other,Not fleeing,knife,Armed,shot,True,False,PA,Harrisburg
2016-08-08,2016,8,August,Monday,69.0,66+,M,W,attack,Not fleeing,gun,Armed,shot,True,False,SC,Little Mountain
2016-08-08,2016,8,August,Monday,57.0,56-65,M,B,other,Not fleeing,knife,Armed,shot,False,True,KY,Louisville
2016-08-08,2016,8,August,Monday,56.0,56-65,M,W,attack,Not fleeing,gun,Armed,shot,False,False,CA,Citrus Heights
2016-08-08,2016,8,August,Monday,64.0,56-65,M,W,attack,Not fleeing,gun,Armed,shot,False,False,NC,Wilkesboro
2016-08-08,2016,8,August,Monday,34.0,26-35,M,H,attack,Other,undetermined,Unarmed/Unknown,shot,False,False,KY,Georgetown
2016-08-09,2016,8,August,Tuesday,45.0,36-45,M,W,other,Not fleeing,gun,Armed,shot,True,False,OH,Circleville
2016-08-09,2016,8,August,Tuesday,14.0,<18,M,H,attack,Foot,gun,Armed,shot,False,True,CA,Los Angeles
2016-08-09,2016,8,August,Tuesday,44.0,36-45,M,W,other,Not fleeing,undetermined,Unarmed/Unknown,shot,False,False,SC,Piedmont
2016-08-11,2016,8,August,Thursday,54.0,46-55,M,W,attack,Not fleeing,gun,Armed,shot,False,False,LA,Plaquemine
2016-08-11,2016,8,August,Thursday,59.0,56-65,M,W,attack,Not fleeing,gun,Armed,shot,True,False,WA,Tukwila
2016-08-11,2016,8,August,Thursday,33.0,26-35,M,H,undetermined,Other,knife,Armed,shot,False,False,CA,Vista
2016-08-12,2016,8,August,Friday,22.0,18-25,M,H,other,Car,undetermined,Unarmed/Unknown,shot,False,False,AZ,Mesa
2016-08-12,2016,8,August,Friday,49.0,46-55,M,W,other,Not fleeing,hammer,Armed,shot and Tasered,True,True,OK,Tahlequah
2016-08-13,2016,8,August,Saturday,36.0,36-45,M,H,other,Car,vehicle,Armed,shot,False,False,CA,Hayward
2016-08-13,2016,8,August,Saturday,23.0,18-25,M,B,other,Foot,gun,Armed,shot,False,True,WI,Milwaukee
2016-08-13,2016,8,August,Saturday,38.0,36-45,M,H,attack,Not fleeing,knife,Armed,shot,True,False,AZ,Phoenix
2016-08-13,2016,8,August,Saturday,53.0,46-55,M,W,other,Not fleeing,gun,Armed,shot,False,False,CO,Lakewood
2016-08-15,2016,8,August,Monday,29.0,26-35,M,H,other,Not fleeing,metal pole,Armed,shot,True,False,VA,Falls Church
2016-08-15,2016,8,August,Monday,42.0,36-45,M,W,attack,Other,gun,Armed,shot,False,False,TN,Counce
2016-08-16,2016,8,August,Tuesday,25.0,18-25,M,H,attack,Not fleeing,unarmed,Unarmed/Unknown,shot,False,False,AZ,Tucson
2016-08-16,2016,8,August,Tuesday,18.0,18-25,M,B,other,Foot,gun,Armed,shot,False,False,CA,Los Angeles
2016-08-16,2016,8,August,Tuesday,55.0,46-55,M,W,other,Not fleeing,gun,Armed,shot,False,False,WV,Augusta
2016-08-16,2016,8,August,Tuesday,36.0,36-45,M,W,other,Car,gun,Armed,shot,False,False,OH,Rome
2016-08-16,2016,8,August,Tuesday,32.0,26-35,M,W,attack,Foot,gun,Armed,shot,False,True,NC,Lenoir
2016-08-16,2016,8,August,Tuesday,53.0,46-55,M,W,other,Not fleeing,toy weapon,Armed,shot,False,False,AZ,Apache Junction
2016-08-16,2016,8,August,Tuesday,30.0,26-35,M,B,other,Foot,gun,Armed,shot,False,True,CA,Stockton
2016-08-17,2016,8,August,Wednesday,27.0,26-35,M,B,attack,Not fleeing,piece of wood,Armed,shot,False,False,WA,Kelso
2016-08-18,2016,8,August,Thursday,37.0,36-45,M,H,attack,Car,gun,Armed,shot,False,False,CA,Bakersfield
2016-08-18,2016,8,August,Thursday,29.0,26-35,M,W,other,Car,unarmed,Unarmed/Unknown,shot,False,True,NC,Charlotte
2016-08-18,2016,8,August,Thursday,40.0,36-45,M,W,other,Not fleeing,knife,Armed,shot,False,False,CA,Antelope
2016-08-18,2016,8,August,Thursday,36.0,36-45,M,W,other,Car,undetermined,Unarmed/Unknown,shot,False,False,KS,Hays
2016-08-18,2016,8,August,Thursday,38.0,36-45,M,W,attack,Car,gun,Armed,shot,False,False,CA,Poway
2016-08-18,2016,8,August,Thursday,29.0,26-35,M,W,other,Not fleeing,gun,Armed,shot,False,False,NM,Ruidoso
2016-08-18,2016,8,August,Thursday,59.0,56-65,M,W,attack,Not fleeing,gun,Armed,shot,True,False,CA,McKinneyville
2016-08-19,2016,8,August,Friday,47.0,46-55,M,H,undetermined,Not fleeing,bayonet,Armed,shot,True,False,CA,East Hollywood
2016-08-19,2016,8,August,Friday,22.0,18-25,M,H,attack,Not fleeing,gun,Armed,shot,False,False,AZ,Phoenix
2016-08-19,2016,8,August,Friday,31.0,26-35,M,W,attack,Not fleeing,toy weapon,Armed,shot,True,True,WI,New London
2016-08-19,2016,8,August,Friday,29.0,26-35,M,W,undetermined,Car,undetermined,Unarmed/Unknown,shot,False,False,NV,Reno
2016-08-19,2016,8,August,Friday,54.0,46-55,M,W,other,Not fleeing,knife,Armed,shot,False,False,TN,East Ridge
2016-08-20,2016,8,August,Saturday,71.0,66+,M,H,other,Not fleeing,knife,Armed,shot,False,True,CA,Indio
2016-08-21,2016,8,August,Sunday,36.0,36-45,M,H,other,Not fleeing,knife,Armed,shot,False,True,NM,Las Cruces
2016-08-22,2016,8,August,Monday,34.0,26-35,M,B,attack,Not fleeing,knife,Armed,shot,False,False,OH,Hamilton
2016-08-23,2016,8,August,Tuesday,49.0,46-55,M,W,other,Car,gun,Armed,shot,False,False,TX,Myra
2016-08-24,2016,8,August,Wednesday,36.0,36-45,M,H,attack,Foot,gun,Armed,shot,False,False,TX,Oak Cliff
2016-08-24,2016,8,August,Wednesday,43.0,36-45,M,W,other,Not fleeing,gun,Armed,shot,True,False,FL,Orlando
2016-08-24,2016,8,August,Wednesday,53.0,46-55,M,W,attack,Not fleeing,gun,Armed,shot,False,False,TN,Shelbyville
2016-08-25,2016,8,August,Thursday,63.0,56-65,M,,other,Not fleeing,knife,Armed,shot and Tasered,False,True,CO,Fort Collins
2016-08-25,2016,8,August,Thursday,31.0,26-35,M,B,attack,Foot,gun,Armed,shot,False,False,CA,Compton
2016-08-25,2016,8,August,Thursday,32.0,26-35,M,H,undetermined,Not fleeing,undetermined,Unarmed/Unknown,shot,False,False,CA,Compton
2016-08-26,2016,8,August,Friday,41.0,36-45,M,W,attack,Foot,gun,Armed,shot,False,False,NV,Las Vegas
2016-08-27,2016,8,August,Saturday,26.0,26-35,M,H,attack,Not fleeing,toy weapon,Armed,shot,False,False,AZ,Phoenix
2016-08-27,2016,8,August,Saturday,49.0,46-55,M,,other,Not fleeing,knife,Armed,shot and Tasered,False,False,CO,Denver
2016-08-27,2016,8,August,Saturday,82.0,66+,M,W,attack,Not fleeing,gun,Armed,shot,False,True,WV,Morgantown
2016-08-28,2016,8,August,Sunday,37.0,36-45,M,W,attack,Not fleeing,gun,Armed,shot,True,False,MN,Eagan
2016-08-29,2016,8,August,Monday,24.0,18-25,M,B,attack,Foot,gun,Armed,shot,False,False,NC,Raleigh
2016-08-29,2016,8,August,Monday,56.0,56-65,M,W,attack,Not fleeing,knife,Armed,shot and Tasered,False,False,CA,San Bernardino
2016-08-29,2016,8,August,Monday,35.0,26-35,F,W,attack,Not fleeing,gun,Armed,shot,False,False,AZ,Kingman
2016-08-29,2016,8,August,Monday,28.0,26-35,M,,attack,Foot,gun,Armed,shot and Tasered,False,True,AK,Fairbanks
2016-08-30,2016,8,August,Tuesday,36.0,36-45,M,,attack,Not fleeing,chain saw,Armed,shot and Tasered,True,False,WA,Graham
2016-08-30,2016,8,August,Tuesday,22.0,18-25,M,B,undetermined,Not fleeing,unarmed,Unarmed/Unknown,shot,False,False,FL,Tampa
2016-08-30,2016,8,August,Tuesday,59.0,56-65,M,W,attack,Other,gun,Armed,shot,False,False,TX,Harker Heights
2016-08-30,2016,8,August,Tuesday,36.0,36-45,M,W,other,Not fleeing,knife,Armed,shot and Tasered,False,False,TX,Weatherford
2016-08-31,2016,8,August,Wednesday,21.0,18-25,M,W,attack,Foot,gun,Armed,shot,False,False,CO,Denver
2016-08-31,2016,8,August,Wednesday,38.0,36-45,M,W,other,Car,vehicle,Armed,shot,False,False,MO,McDowell
2016-09-01,2016,9,September,Thursday,60.0,56-65,M,W,other,Not fleeing,vehicle,Armed,shot,True,False,OH,Sylvania Township
2016-09-01,2016,9,September,Thursday,18.0,18-25,M,W,other,Car,gun,Armed,shot,False,True,KS,Wichita
2016-09-01,2016,9,September,Thursday,23.0,18-25,M,H,other,Foot,gun,Armed,shot,False,False,CA,Florence
2016-09-01,2016,9,September,Thursday,,,M,H,other,Not fleeing,pipe,Armed,shot and Tasered,False,False,CA,Huntington Park
2016-09-02,2016,9,September,Friday,38.0,36-45,M,H,attack,Foot,gun,Armed,shot,False,True,NM,Alamogordo
2016-09-02,2016,9,September,Friday,40.0,36-45,M,,attack,Car,gun,Armed,shot,True,True,CO,Parker
2016-09-02,2016,9,September,Friday,22.0,18-25,M,W,other,Not fleeing,glass shard,Armed,shot,False,False,IL,Round Lake
2016-09-02,2016,9,September,Friday,38.0,36-45,M,B,attack,Other,gun,Armed,shot,False,False,MO,St. Louis
2016-09-03,2016,9,September,Saturday,25.0,18-25,M,B,undetermined,Foot,undetermined,Unarmed/Unknown,shot,False,False,NJ,Atlantic City
2016-09-03,2016,9,September,Saturday,25.0,18-25,M,W,undetermined,Not fleeing,undetermined,Unarmed/Unknown,shot,False,False,WA,East Wenatchee
2016-09-03,2016,9,September,Saturday,36.0,36-45,M,W,undetermined,Other,gun,Armed,shot,False,False,IL,Metropolis
2016-09-03,2016,9,September,Saturday,,,M,,attack,Car,gun,Armed,shot,False,False,TX,Temple
2016-09-04,2016,9,September,Sunday,,,M,H,other,Not fleeing,knife,Armed,shot,True,False,CA,Long Beach
2016-09-04,2016,9,September,Sunday,44.0,36-45,M,H,other,Not fleeing,knife,Armed,shot,True,False,CO,Grand Junction
2016-09-05,2016,9,September,Monday,36.0,36-45,M,B,attack,Car,gun,Armed,shot,False,False,TX,Ellis County
2016-09-05,2016,9,September,Monday,35.0,26-35,M,H,other,Not fleeing,gun,Armed,shot,False,False,TX,Austin
2016-09-06,2016,9,September,Tuesday,25.0,18-25,M,W,other,Other,vehicle,Armed,shot,False,False,NE,Omaha
2016-09-06,2016,9,September,Tuesday,65.0,56-65,M,,attack,Car,gun,Armed,shot,True,False,WV,Spencer
2016-09-06,2016,9,September,Tuesday,31.0,26-35,M,H,undetermined,Car,undetermined,Unarmed/Unknown,shot,False,False,AZ,Phoenix
2016-09-06,2016,9,September,Tuesday,70.0,66+,M,W,other,Not fleeing,gun,Armed,shot,False,True,TN,Gray
2016-09-06,2016,9,September,Tuesday,25.0,18-25,M,W,attack,Not fleeing,sword,Armed,shot,True,False,AZ,Phoenix
2016-09-07,2016,9,September,Wednesday,55.0,46-55,M,B,attack,Not fleeing,knife,Armed,shot,False,False,GA,Albany
2016-09-07,2016,9,September,Wednesday,35.0,26-35,M,W,undetermined,Not fleeing,undetermined,Unarmed/Unknown,shot,False,False,FL,Titusville
2016-09-07,2016,9,September,Wednesday,25.0,18-25,M,B,attack,Not fleeing,gun,Armed,shot,False,False,MI,Wyoming
2016-09-08,2016,9,September,Thursday,32.0,26-35,M,W,attack,Not fleeing,gun,Armed,shot,False,False,FL,Lakeland
2016-09-08,2016,9,September,Thursday,38.0,36-45,M,H,attack,Not fleeing,toy weapon,Armed,shot,False,False,CA,Delhi
2016-09-09,2016,9,September,Friday,32.0,26-35,M,H,attack,Not fleeing,gun,Armed,shot,False,False,TN,Memphis
2016-09-09,2016,9,September,Friday,64.0,56-65,M,W,other,Not fleeing,unknown weapon,Armed,shot,True,False,WA,Auburn
2016-09-09,2016,9,September,Friday,55.0,46-55,M,B,other,Not fleeing,knife,Armed,shot,False,False,FL,Pompano Beach
2016-09-10,2016,9,September,Saturday,69.0,66+,M,W,other,Not fleeing,toy weapon,Armed,shot,True,True,WV,Montcalm
2016-09-10,2016,9,September,Saturday,37.0,36-45,M,W,attack,Not fleeing,gun,Armed,shot,False,True,CO,Boulder
2016-09-11,2016,9,September,Sunday,31.0,26-35,M,B,attack,Other,motorcycle,Armed,shot,False,False,DC,Washington
2016-09-12,2016,9,September,Monday,86.0,66+,M,,other,Not fleeing,gun,Armed,shot,False,False,CA,Saratoga
2016-09-12,2016,9,September,Monday,25.0,18-25,M,B,attack,Not fleeing,knife,Armed,shot,False,False,IA,Cedar Rapids
2016-09-12,2016,9,September,Monday,25.0,18-25,M,H,undetermined,Car,undetermined,Unarmed/Unknown,shot,False,False,CA,Colton
2016-09-14,2016,9,September,Wednesday,13.0,<18,M,B,other,Foot,toy weapon,Armed,shot,False,False,OH,Columbus
2016-09-15,2016,9,September,Thursday,32.0,26-35,M,H,other,Other,gun,Armed,shot,False,False,AZ,Phoenix
2016-09-15,2016,9,September,Thursday,34.0,26-35,M,W,attack,Foot,gun,Armed,shot and Tasered,False,False,TX,Austin
2016-09-15,2016,9,September,Thursday,69.0,66+,M,W,other,Not fleeing,gun,Armed,shot,True,False,FL,Weeki Wachi
2016-09-16,2016,9,September,Friday,46.0,46-55,M,,attack,Not fleeing,gun,Armed,shot,False,False,MO,Big Bear
2016-09-16,2016,9,September,Friday,40.0,36-45,M,B,undetermined,Not fleeing,unarmed,Unarmed/Unknown,shot and Tasered,False,False,OK,Tulsa
2016-09-16,2016,9,September,Friday,29.0,26-35,M,N,undetermined,Foot,unarmed,Unarmed/Unknown,shot,False,True,VT,Winooski
2016-09-16,2016,9,September,Friday,29.0,26-35,M,W,attack,Not fleeing,knife,Armed,shot,False,False,KY,Owensboro
2016-09-17,2016,9,September,Saturday,42.0,36-45,M,W,other,Not fleeing,hatchet,Armed,shot,False,False,CA,Beaumont
2016-09-17,2016,9,September,Saturday,25.0,18-25,M,B,attack,Foot,gun,Armed,shot,False,False,PA,Philadelphia
2016-09-17,2016,9,September,Saturday,45.0,36-45,M,W,attack,Other,toy weapon,Armed,shot,False,True,AL,Huntsville
2016-09-17,2016,9,September,Saturday,55.0,46-55,M,W,attack,Not fleeing,gun,Armed,shot,True,False,NC,Rutherfordton
2016-09-17,2016,9,September,Saturday,22.0,18-25,M,O,attack,Not fleeing,knife,Armed,shot,False,False,MN,St. Cloud
2016-09-18,2016,9,September,Sunday,61.0,56-65,M,B,other,Not fleeing,gun,Armed,shot,False,False,OH,Akron
2016-09-19,2016,9,September,Monday,46.0,46-55,F,W,attack,Not fleeing,gun,Armed,shot,True,True,TX,Spring
2016-09-19,2016,9,September,Monday,30.0,26-35,M,W,other,Not fleeing,unknown weapon,Armed,shot,True,False,UT,Logan Canyon
2016-09-19,2016,9,September,Monday,56.0,56-65,M,W,attack,Not fleeing,gun,Armed,shot,True,False,TX,Wood County
2016-09-20,2016,9,September,Tuesday,35.0,26-35,M,W,other,Car,gun,Armed,shot,False,True,TN,Decatur County
2016-09-20,2016,9,September,Tuesday,22.0,18-25,M,W,attack,Not fleeing,gun,Armed,shot,True,False,FL,Port St. Lucie
2016-09-20,2016,9,September,Tuesday,23.0,18-25,M,W,other,Not fleeing,unknown weapon,Armed,shot,False,False,CT,Mashantucket
2016-09-20,2016,9,September,Tuesday,43.0,36-45,M,B,other,Not fleeing,gun,Armed,shot,False,True,NC,Charlotte
2016-09-20,2016,9,September,Tuesday,43.0,36-45,M,W,attack,Not fleeing,gun,Armed,shot,False,False,TN,Nashville
2016-09-20,2016,9,September,Tuesday,49.0,46-55,M,W,other,Foot,gun,Armed,shot,False,False,CO,Westminster
2016-09-21,2016,9,September,Wednesday,23.0,18-25,M,W,undetermined,Not fleeing,unarmed,Unarmed/Unknown,shot,False,False,NE,Louisville
2016-09-23,2016,9,September,Friday,41.0,36-45,M,W,attack,Foot,undetermined,Unarmed/Unknown,shot,False,False,CA,Fair Oaks
2016-09-23,2016,9,September,Friday,33.0,26-35,M,B,other,Not fleeing,vehicle,Armed,shot,False,True,MD,Pikesville
2016-09-23,2016,9,September,Friday,30.0,26-35,M,H,other,Foot,gun,Armed,shot,False,False,TX,San Antonio
2016-09-25,2016,9,September,Sunday,25.0,18-25,M,W,other,Not fleeing,gun,Armed,shot,True,False,NH,Claremont
2016-09-26,2016,9,September,Monday,52.0,46-55,M,W,attack,Other,gun,Armed,shot,False,False,ID,Garden City
2016-09-26,2016,9,September,Monday,32.0,26-35,M,W,other,Not fleeing,gun,Armed,shot,True,False,AR,Little Rock
2016-09-26,2016,9,September,Monday,46.0,46-55,M,W,attack,Not fleeing,gun,Armed,shot,False,True,TX,Houston
2016-09-26,2016,9,September,Monday,48.0,46-55,M,W,other,Not fleeing,gun,Armed,shot,True,True,MN,Burnsville
2016-09-27,2016,9,September,Tuesday,38.0,36-45,M,B,attack,Not fleeing,unarmed,Unarmed/Unknown,shot,True,True,CA,El Cajon
2016-09-27,2016,9,September,Tuesday,26.0,26-35,M,W,other,Car,vehicle,Armed,shot,False,False,AZ,Phoenix
2016-09-28,2016,9,September,Wednesday,32.0,26-35,M,B,attack,Not fleeing,undetermined,Unarmed/Unknown,shot,False,False,PA,Philadelphia
2016-09-28,2016,9,September,Wednesday,28.0,26-35,M,H,attack,Not fleeing,knife,Armed,shot,False,True,GA,Valdosta
2016-09-29,2016,9,September,Thursday,53.0,46-55,M,W,attack,Not fleeing,gun,Armed,shot,False,True,AZ,Kingman
2016-09-30,2016,9,September,Friday,38.0,36-45,M,W,undetermined,Not fleeing,,Unknown,shot,False,False,TX,Groveton
2016-09-30,2016,9,September,Friday,18.0,18-25,M,B,undetermined,Not fleeing,undetermined,Unarmed/Unknown,shot,False,False,NJ,Newark
2016-09-30,2016,9,September,Friday,32.0,26-35,M,B,attack,Foot,gun,Armed,shot,False,False,SC,Campobello
2016-09-30,2016,9,September,Friday,37.0,36-45,M,W,attack,Other,gun,Armed,shot,False,False,MI,Belleville
2016-09-30,2016,9,September,Friday,18.0,18-25,M,B,undetermined,Not fleeing,undetermined,Unarmed/Unknown,shot,False,False,NJ,Newark
2016-09-30,2016,9,September,Friday,20.0,18-25,M,B,other,Foot,gun,Armed,shot,False,False,OH,Columbus
2016-10-01,2016,10,October,Saturday,28.0,26-35,M,W,attack,Foot,gun,Armed,shot,False,False,WV,Hometown
2016-10-01,2016,10,October,Saturday,18.0,18-25,M,B,undetermined,Foot,gun,Armed,shot,False,True,CA,Los Angeles
2016-10-02,2016,10,October,Sunday,16.0,<18,M,H,attack,Not fleeing,toy weapon,Armed,shot,True,True,CA,Los Angeles
2016-10-02,2016,10,October,Sunday,36.0,36-45,M,B,other,Not fleeing,unknown weapon,Armed,shot,False,False,IL,Markham
2016-10-03,2016,10,October,Monday,57.0,56-65,M,W,attack,Not fleeing,gun,Armed,shot,False,False,MA,Lynn
2016-10-03,2016,10,October,Monday,49.0,46-55,M,W,other,Not fleeing,gun,Armed,shot,False,False,NJ,Ventnor
2016-10-04,2016,10,October,Tuesday,31.0,26-35,M,H,attack,Foot,brick,Armed,shot,False,False,FL,Riverview
2016-10-04,2016,10,October,Tuesday,26.0,26-35,M,W,attack,Not fleeing,gun,Armed,shot,False,False,AR,Springdale
2016-10-04,2016,10,October,Tuesday,51.0,46-55,M,W,other,Not fleeing,gun,Armed,shot,True,False,MI,Hessel
2016-10-05,2016,10,October,Wednesday,28.0,26-35,M,W,other,Not fleeing,machete,Armed,shot,True,False,CO,Boulder
2016-10-05,2016,10,October,Wednesday,35.0,26-35,M,W,attack,Car,gun,Armed,shot,False,False,SC,Moncks Corner
2016-10-07,2016,10,October,Friday,57.0,56-65,M,B,other,Not fleeing,,Unknown,shot,False,False,GA,Macon
2016-10-07,2016,10,October,Friday,36.0,36-45,M,W,other,Not fleeing,knife,Armed,shot,False,False,IN,Fort Wayne
2016-10-07,2016,10,October,Friday,42.0,36-45,M,W,attack,Not fleeing,gun,Armed,shot,False,False,AL,Killeen
2016-10-07,2016,10,October,Friday,,,M,B,attack,Not fleeing,gun,Armed,shot,False,False,LA,Alexandria
2016-10-07,2016,10,October,Friday,49.0,46-55,M,W,other,Not fleeing,toy weapon,Armed,shot,False,False,AR,Benton
2016-10-08,2016,10,October,Saturday,62.0,56-65,M,W,other,Not fleeing,knife,Armed,shot,False,False,IN,Fort Wayne
2016-10-08,2016,10,October,Saturday,21.0,18-25,M,H,other,Not fleeing,knife,Armed,shot,True,False,WA,Federal Way
2016-10-08,2016,10,October,Saturday,39.0,36-45,M,,other,Not fleeing,vehicle,Armed,shot,False,False,OK,Wetumka
2016-10-08,2016,10,October,Saturday,53.0,46-55,F,W,attack,Not fleeing,knife,Armed,shot,False,False,CA,Modesto
2016-10-09,2016,10,October,Sunday,41.0,36-45,M,B,attack,Not fleeing,gun,Armed,shot,False,False,NY,Syracuse
2016-10-09,2016,10,October,Sunday,40.0,36-45,M,W,other,Car,gun,Armed,shot,True,False,AZ,Scottsdale
2016-10-10,2016,10,October,Monday,50.0,46-55,M,,other,Not fleeing,gun,Armed,shot,False,False,NC,Lumberton
2016-10-10,2016,10,October,Monday,27.0,26-35,M,H,other,Not fleeing,undetermined,Unarmed/Unknown,shot,True,False,CA,Irvine
2016-10-10,2016,10,October,Monday,19.0,18-25,M,N,other,,gun,Armed,shot,False,False,TX,Midland
2016-10-10,2016,10,October,Monday,26.0,26-35,M,W,other,Car,vehicle,Armed,shot,False,False,OH,Westlake
2016-10-11,2016,10,October,Tuesday,44.0,36-45,M,A,other,Not fleeing,knife,Armed,shot,False,False,WA,Seattle
2016-10-11,2016,10,October,Tuesday,30.0,26-35,M,W,other,Not fleeing,knife,Armed,shot,False,False,CA,Concord
2016-10-12,2016,10,October,Wednesday,31.0,26-35,M,W,attack,Not fleeing,gun,Armed,shot,False,False,LA,Livingston Parish
2016-10-12,2016,10,October,Wednesday,33.0,26-35,M,B,attack,Not fleeing,gun,Armed,shot,False,False,MA,Boston
2016-10-12,2016,10,October,Wednesday,22.0,18-25,M,W,attack,Not fleeing,gun,Armed,shot,False,False,KY,Morehead
2016-10-13,2016,10,October,Thursday,50.0,46-55,M,,other,Car,gun,Armed,shot,False,True,NV,Las Vegas
2016-10-13,2016,10,October,Thursday,46.0,46-55,M,W,other,,knife,Armed,shot and Tasered,True,False,OR,Grants Pass
2016-10-13,2016,10,October,Thursday,38.0,36-45,M,W,other,Not fleeing,gun,Armed,shot,False,False,WA,Kent
2016-10-14,2016,10,October,Friday,23.0,18-25,M,W,attack,Not fleeing,baseball bat,Armed,shot,False,False,TX,Beaumont
2016-10-14,2016,10,October,Friday,24.0,18-25,M,H,attack,Not fleeing,gun,Armed,shot,False,False,TX,Oak Cliff
2016-10-14,2016,10,October,Friday,26.0,26-35,M,W,attack,Not fleeing,gun,Armed,shot,True,False,CA,San Francisco
2016-10-15,2016,10,October,Saturday,38.0,36-45,M,,attack,Not fleeing,gun,Armed,shot,False,False,AL,Phenix City
2016-10-16,2016,10,October,Sunday,26.0,26-35,F,W,attack,Not fleeing,toy weapon,Armed,shot,True,False,TX,Austin
2016-10-16,2016,10,October,Sunday,32.0,26-35,M,W,attack,Not fleeing,metal rake,Armed,shot and Tasered,True,False,CA,Santa Cruz
2016-10-17,2016,10,October,Monday,50.0,46-55,M,H,other,Not fleeing,sword,Armed,shot,True,False,FL,Miami
2016-10-17,2016,10,October,Monday,17.0,<18,M,W,attack,Foot,gun,Armed,shot,True,False,AR,Benton
2016-10-17,2016,10,October,Monday,39.0,36-45,M,W,other,Not fleeing,knife,Armed,shot and Tasered,True,False,FL,Holiday
2016-10-18,2016,10,October,Tuesday,28.0,26-35,M,B,attack,Not fleeing,gun,Armed,shot,False,True,MI,Benton Harbor
2016-10-18,2016,10,October,Tuesday,66.0,66+,F,B,attack,Not fleeing,baseball bat,Armed,shot,True,False,NY,Bronx
2016-10-18,2016,10,October,Tuesday,42.0,36-45,M,H,attack,Not fleeing,gun,Armed,shot,False,False,OK,Tulsa
2016-10-18,2016,10,October,Tuesday,34.0,26-35,M,W,attack,Not fleeing,gun,Armed,shot,False,False,KY,Paris
2016-10-19,2016,10,October,Wednesday,38.0,36-45,M,W,undetermined,Car,vehicle,Armed,shot,False,False,OH,Willoughby
2016-10-19,2016,10,October,Wednesday,24.0,18-25,M,,other,Not fleeing,gun,Armed,shot,False,False,TX,Dallas
2016-10-19,2016,10,October,Wednesday,28.0,26-35,M,H,attack,Car,undetermined,Unarmed/Unknown,shot,False,False,NV,Henderson
2016-10-20,2016,10,October,Thursday,29.0,26-35,M,W,attack,Not fleeing,gun,Armed,shot,False,False,FL,Jacksonville
2016-10-21,2016,10,October,Friday,58.0,56-65,M,W,other,,knife,Armed,shot and Tasered,False,False,OK,Tulsa
2016-10-21,2016,10,October,Friday,23.0,18-25,F,N,other,Not fleeing,gun,Armed,shot,True,False,WA,Muckleshoot Indian Reservation
2016-10-22,2016,10,October,Saturday,21.0,18-25,M,W,other,Not fleeing,unknown weapon,Armed,shot,True,False,AL,Westover
2016-10-23,2016,10,October,Sunday,45.0,36-45,M,W,attack,Not fleeing,toy weapon,Armed,shot,False,False,MN,Peterson
2016-10-23,2016,10,October,Sunday,38.0,36-45,M,W,attack,Not fleeing,gun,Armed,shot,False,False,KY,Edmonton
2016-10-23,2016,10,October,Sunday,40.0,36-45,M,B,attack,Not fleeing,gun,Armed,shot,False,False,CO,Colorado Springs
2016-10-24,2016,10,October,Monday,19.0,18-25,M,B,attack,Car,gun,Armed,shot,False,False,MO,North St. Louis
2016-10-25,2016,10,October,Tuesday,46.0,46-55,M,B,other,Not fleeing,toy weapon,Armed,shot,False,False,AR,Little Rock
2016-10-25,2016,10,October,Tuesday,25.0,18-25,M,W,attack,Not fleeing,toy weapon,Armed,shot,True,False,MD,Elkton
2016-10-25,2016,10,October,Tuesday,25.0,18-25,F,W,attack,Not fleeing,toy weapon,Armed,shot,False,False,MD,Elkton
2016-10-25,2016,10,October,Tuesday,37.0,36-45,M,W,other,Not fleeing,knife,Armed,shot,True,False,CA,Lincoln
2016-10-26,2016,10,October,Wednesday,25.0,18-25,M,B,other,Not fleeing,gun,Armed,shot,False,False,TX,Carrollton
2016-10-26,2016,10,October,Wednesday,36.0,36-45,M,W,attack,Not fleeing,unarmed,Unarmed/Unknown,shot and Tasered,False,False,OK,Bartlesville
2016-10-27,2016,10,October,Thursday,32.0,26-35,M,W,other,Not fleeing,gun,Armed,shot,True,False,MT,Billings
2016-10-27,2016,10,October,Thursday,33.0,26-35,M,B,other,Not fleeing,gun and knife,Armed,shot,False,False,TX,San Antonio
2016-10-27,2016,10,October,Thursday,24.0,18-25,M,H,attack,Foot,undetermined,Unarmed/Unknown,shot,False,False,GA,Elberton
2016-10-28,2016,10,October,Friday,37.0,36-45,M,W,attack,Other,gun,Armed,shot,False,False,MN,Morris
2016-10-28,2016,10,October,Friday,38.0,36-45,M,B,attack,Not fleeing,gun,Armed,shot,True,False,CA,Sacramento
2016-10-28,2016,10,October,Friday,45.0,36-45,M,A,attack,Not fleeing,knife,Armed,shot,True,False,OH,North Royalton
2016-10-30,2016,10,October,Sunday,31.0,26-35,M,B,other,Not fleeing,knife,Armed,shot,True,False,MA,Boston
2016-10-30,2016,10,October,Sunday,34.0,26-35,M,W,other,Car,vehicle,Armed,shot,False,False,AZ,Kingman
2016-10-30,2016,10,October,Sunday,23.0,18-25,M,H,attack,Not fleeing,gun,Armed,shot,False,False,TX,Corpus Christi
2016-10-30,2016,10,October,Sunday,38.0,36-45,M,,attack,Car,gun,Armed,shot,False,False,OK,Leedey
2016-10-31,2016,10,October,Monday,39.0,36-45,F,B,attack,Car,vehicle,Armed,shot,True,False,CA,Torrance
2016-10-31,2016,10,October,Monday,55.0,46-55,M,H,attack,Not fleeing,knife,Armed,shot,False,False,CA,Chatsworth
2016-10-31,2016,10,October,Monday,31.0,26-35,F,W,attack,Other,gun,Armed,shot,False,False,OH,Brookville
2016-11-01,2016,11,November,Tuesday,76.0,66+,M,W,other,Not fleeing,gun,Armed,shot,False,False,NV,Carson City
2016-11-02,2016,11,November,Wednesday,59.0,56-65,M,W,attack,Not fleeing,gun,Armed,shot,True,True,LA,Houma
2016-11-02,2016,11,November,Wednesday,40.0,36-45,M,W,undetermined,Other,undetermined,Unarmed/Unknown,shot,False,False,UT,West Jordan
2016-11-03,2016,11,November,Thursday,23.0,18-25,M,B,attack,Not fleeing,gun,Armed,shot,False,False,NC,Salisbury
2016-11-03,2016,11,November,Thursday,64.0,56-65,M,,attack,Not fleeing,knife,Armed,shot,True,False,PA,Chambersburg
2016-11-03,2016,11,November,Thursday,56.0,56-65,F,,attack,Not fleeing,gun,Armed,shot,False,False,GA,Loganville
2016-11-04,2016,11,November,Friday,26.0,26-35,M,H,undetermined,Not fleeing,undetermined,Unarmed/Unknown,shot,False,False,CA,Palm Springs
2016-11-04,2016,11,November,Friday,35.0,26-35,M,H,attack,Other,gun,Armed,shot,True,False,NY,New York
2016-11-05,2016,11,November,Saturday,49.0,46-55,M,W,other,Not fleeing,knife,Armed,shot,True,False,FL,Lealman
2016-11-05,2016,11,November,Saturday,36.0,36-45,M,W,other,Car,vehicle,Armed,shot,False,False,OK,Okemah
2016-11-05,2016,11,November,Saturday,56.0,56-65,M,W,attack,Not fleeing,gun,Armed,shot,False,False,WV,Clendenin
2016-11-05,2016,11,November,Saturday,59.0,56-65,M,,undetermined,,gun,Armed,shot,False,False,WA,Beaver
2016-11-05,2016,11,November,Saturday,34.0,26-35,M,W,other,Other,gun,Armed,shot,False,True,TX,Gladewater
2016-11-06,2016,11,November,Sunday,33.0,26-35,M,H,undetermined,Not fleeing,undetermined,Unarmed/Unknown,shot and Tasered,False,False,CA,Santa Ana
2016-11-06,2016,11,November,Sunday,43.0,36-45,M,W,attack,Not fleeing,gun,Armed,shot,True,False,SC,Aiken
2016-11-06,2016,11,November,Sunday,43.0,36-45,M,W,undetermined,Car,vehicle,Armed,shot and Tasered,False,False,KY,Bowling Green
2016-11-06,2016,11,November,Sunday,31.0,26-35,M,W,other,Foot,metal pipe,Armed,shot,False,False,NJ,Maurice River
2016-11-06,2016,11,November,Sunday,17.0,<18,M,W,other,Car,vehicle,Armed,shot,False,False,AL,Phenix City
2016-11-06,2016,11,November,Sunday,32.0,26-35,M,W,other,Not fleeing,hammer,Armed,shot,True,False,WV,Hensley
2016-11-07,2016,11,November,Monday,31.0,26-35,M,B,attack,Other,gun,Armed,shot,False,False,PA,Philadelphia
2016-11-08,2016,11,November,Tuesday,19.0,18-25,M,W,attack,Car,unarmed,Unarmed/Unknown,shot and Tasered,False,False,KS,Hays
2016-11-08,2016,11,November,Tuesday,23.0,18-25,M,H,attack,Other,gun,Armed,shot,False,False,CO,Denver
2016-11-08,2016,11,November,Tuesday,26.0,26-35,M,W,attack,Car,vehicle,Armed,shot,False,False,OH,Ashtabula
2016-11-08,2016,11,November,Tuesday,45.0,36-45,M,H,attack,Not fleeing,gun,Armed,shot,False,False,CA,Azusa
2016-11-09,2016,11,November,Wednesday,36.0,36-45,M,W,attack,Not fleeing,gun,Armed,shot,False,False,AZ,Show Low
2016-11-10,2016,11,November,Thursday,41.0,36-45,M,H,undetermined,,gun,Armed,shot,False,False,TX,San Angelo
2016-11-10,2016,11,November,Thursday,53.0,46-55,M,W,attack,Not fleeing,gun,Armed,shot,False,False,FL,Lakeland
2016-11-11,2016,11,November,Friday,,,M,,undetermined,,,Unknown,shot and Tasered,False,False,GA,East Point
2016-11-11,2016,11,November,Friday,24.0,18-25,M,W,attack,Car,vehicle,Armed,shot,False,False,CO,Grand Junction
2016-11-11,2016,11,November,Friday,,,M,H,attack,Other,gun,Armed,shot,False,False,ID,Boise
2016-11-11,2016,11,November,Friday,47.0,46-55,M,,attack,Not fleeing,gun,Armed,shot,False,False,CO,Montrose County
2016-11-12,2016,11,November,Saturday,40.0,36-45,M,W,attack,Not fleeing,gun,Armed,shot,False,False,AK,Anchorage
2016-11-12,2016,11,November,Saturday,29.0,26-35,M,H,attack,Car,gun,Armed,shot,False,False,AZ,Tucson
2016-11-13,2016,11,November,Sunday,38.0,36-45,M,,attack,Not fleeing,baseball bat,Armed,shot and Tasered,True,False,PA,Bloomsburg
2016-11-13,2016,11,November,Sunday,22.0,18-25,M,H,attack,Not fleeing,gun,Armed,shot,False,True,CA,San Diego
2016-11-13,2016,11,November,Sunday,21.0,18-25,M,H,attack,Not fleeing,gun,Armed,shot,False,False,OK,Oklahoma City
2016-11-15,2016,11,November,Tuesday,25.0,18-25,M,B,other,Car,vehicle,Armed,shot,False,False,PA,York County
2016-11-15,2016,11,November,Tuesday,37.0,36-45,M,W,attack,Not fleeing,gun,Armed,shot,False,False,TX,Webster
2016-11-15,2016,11,November,Tuesday,48.0,46-55,M,,other,Not fleeing,knife,Armed,shot,False,False,CA,Temecula
2016-11-16,2016,11,November,Wednesday,37.0,36-45,M,H,other,Not fleeing,machete,Armed,shot,False,False,CA,Whittier
2016-11-16,2016,11,November,Wednesday,56.0,56-65,M,W,other,Not fleeing,gun,Armed,shot,False,False,CA,Redding
2016-11-18,2016,11,November,Friday,35.0,26-35,M,W,other,Not fleeing,gun,Armed,shot and Tasered,True,False,FL,Fort Walton Beach
2016-11-18,2016,11,November,Friday,25.0,18-25,M,B,other,Not fleeing,machete,Armed,shot and Tasered,True,False,FL,Port St. Lucie
2016-11-18,2016,11,November,Friday,25.0,18-25,M,B,attack,Not fleeing,gun,Armed,shot,False,False,GA,Ludowici
2016-11-18,2016,11,November,Friday,48.0,46-55,M,,other,Not fleeing,machete,Armed,shot and Tasered,True,False,AZ,Casa Grande
2016-11-18,2016,11,November,Friday,26.0,26-35,M,B,attack,Not fleeing,gun,Armed,shot,False,False,IL,Chicago
2016-11-19,2016,11,November,Saturday,29.0,26-35,M,H,attack,Foot,vehicle,Armed,shot,False,True,CA,Anaheim
2016-11-19,2016,11,November,Saturday,15.0,<18,M,A,other,Foot,knife,Armed,shot and Tasered,False,True,CA,Watsonville
2016-11-19,2016,11,November,Saturday,55.0,46-55,M,,attack,Not fleeing,gun,Armed,shot,False,False,OK,Chickasha
2016-11-19,2016,11,November,Saturday,21.0,18-25,M,B,attack,Not fleeing,baton,Armed,shot,True,False,NY,Brooklyn
2016-11-20,2016,11,November,Sunday,24.0,18-25,M,H,attack,Not fleeing,gun,Armed,shot,False,False,TX,San Antonio
2016-11-20,2016,11,November,Sunday,18.0,18-25,M,W,other,Foot,gun,Armed,shot,False,False,MO,Kansas City
2016-11-21,2016,11,November,Monday,19.0,18-25,M,B,attack,Foot,gun,Armed,shot,False,False,MO,St. Louis
2016-11-21,2016,11,November,Monday,27.0,26-35,M,W,other,Foot,knife,Armed,shot,True,False,CA,Lompoc
2016-11-22,2016,11,November,Tuesday,45.0,36-45,M,H,attack,Not fleeing,gun,Armed,shot,False,False,CA,La Mirada
2016-11-22,2016,11,November,Tuesday,36.0,36-45,M,B,other,Car,gun,Armed,shot,False,False,TX,Baytown
2016-11-22,2016,11,November,Tuesday,34.0,26-35,M,B,undetermined,Not fleeing,undetermined,Unarmed/Unknown,shot,False,False,NC,Durham
2016-11-22,2016,11,November,Tuesday,23.0,18-25,M,B,attack,Not fleeing,gun,Armed,shot,False,False,NJ,Newark
2016-11-23,2016,11,November,Wednesday,43.0,36-45,M,W,other,Not fleeing,knife,Armed,shot,False,False,FL,Lealman
2016-11-23,2016,11,November,Wednesday,43.0,36-45,M,W,other,Not fleeing,knife,Armed,shot,False,False,MI,Holland Township
2016-11-23,2016,11,November,Wednesday,19.0,18-25,M,B,undetermined,Foot,undetermined,Unarmed/Unknown,shot,False,False,IL,Chicago
2016-11-24,2016,11,November,Thursday,45.0,36-45,M,,attack,Not fleeing,knife,Armed,shot,True,False,TN,Jackson
2016-11-25,2016,11,November,Friday,37.0,36-45,M,B,attack,,gun,Armed,shot,False,False,IL,Chicago
2016-11-25,2016,11,November,Friday,23.0,18-25,M,B,attack,Other,gun,Armed,shot,False,False,MS,Hattiesburg
2016-11-25,2016,11,November,Friday,26.0,26-35,M,H,other,Not fleeing,unarmed,Unarmed/Unknown,shot,False,True,AZ,Tucson
2016-11-26,2016,11,November,Saturday,20.0,18-25,M,H,attack,Car,undetermined,Unarmed/Unknown,shot,False,False,AZ,Surprise
2016-11-27,2016,11,November,Sunday,50.0,46-55,M,W,attack,Not fleeing,blunt object,Armed,shot and Tasered,False,False,KS,Olathe
2016-11-27,2016,11,November,Sunday,59.0,56-65,M,W,attack,Not fleeing,gun,Armed,shot,False,False,ME,Naples
2016-11-27,2016,11,November,Sunday,33.0,26-35,M,B,attack,Foot,gun,Armed,shot,False,False,IL,Chicago
2016-11-27,2016,11,November,Sunday,48.0,46-55,M,B,attack,Not fleeing,gun,Armed,shot,False,False,LA,Baton Rouge
2016-11-28,2016,11,November,Monday,18.0,18-25,M,O,attack,Not fleeing,knife,Armed,shot,False,False,OH,Columbus
2016-11-28,2016,11,November,Monday,23.0,18-25,M,H,undetermined,Foot,gun,Armed,shot,False,False,CA,Los Angeles
2016-11-28,2016,11,November,Monday,41.0,36-45,M,B,other,Car,vehicle,Armed,shot,False,False,NC,Hickory
2016-11-29,2016,11,November,Tuesday,41.0,36-45,M,W,other,Not fleeing,gun,Armed,shot,False,False,MA,Lynn
2016-11-29,2016,11,November,Tuesday,55.0,46-55,M,W,other,Car,rock,Armed,shot,False,True,TX,Friendswood
2016-11-29,2016,11,November,Tuesday,29.0,26-35,M,W,other,Not fleeing,knife,Armed,shot,True,False,IN,Avon
2016-11-29,2016,11,November,Tuesday,31.0,26-35,M,W,other,Foot,undetermined,Unarmed/Unknown,shot,False,False,SC,Iva
2016-11-30,2016,11,November,Wednesday,25.0,18-25,M,B,other,Not fleeing,gun,Armed,shot,False,False,MO,Kansas City
2016-12-01,2016,12,December,Thursday,38.0,36-45,M,B,attack,Not fleeing,gun,Armed,shot,False,False,WA,Tacoma
2016-12-01,2016,12,December,Thursday,,,M,H,attack,,gun,Armed,shot,False,False,AZ,Tucson
2016-12-01,2016,12,December,Thursday,83.0,66+,M,W,attack,Not fleeing,gun,Armed,shot,False,False,AR,Dover
2016-12-02,2016,12,December,Friday,22.0,18-25,M,W,other,Not fleeing,crowbar,Armed,shot,False,False,KY,Simpsonsville
2016-12-02,2016,12,December,Friday,33.0,26-35,M,W,attack,Not fleeing,gun,Armed,shot,False,False,AL,Tuscumbia
2016-12-02,2016,12,December,Friday,36.0,36-45,M,W,undetermined,Not fleeing,undetermined,Unarmed/Unknown,shot,True,False,NM,Las Cruces
2016-12-03,2016,12,December,Saturday,38.0,36-45,M,,attack,Foot,gun,Armed,shot,False,False,LA,Metairie
2016-12-04,2016,12,December,Sunday,26.0,26-35,M,A,other,Foot,undetermined,Unarmed/Unknown,shot,False,False,OH,Hudson
2016-12-04,2016,12,December,Sunday,29.0,26-35,M,B,attack,Car,gun,Armed,shot,False,False,IN,Elkhart
2016-12-06,2016,12,December,Tuesday,55.0,46-55,M,W,attack,Not fleeing,gun,Armed,shot,False,False,KS,Hutchinson
2016-12-06,2016,12,December,Tuesday,47.0,46-55,M,W,attack,Not fleeing,gun,Armed,shot,False,False,FL,Orange City
2016-12-06,2016,12,December,Tuesday,52.0,46-55,M,W,attack,Not fleeing,gun,Armed,shot,False,False,OR,Portland
2016-12-06,2016,12,December,Tuesday,49.0,46-55,M,W,attack,Other,oar,Armed,shot and Tasered,False,False,FL,Fruitland Park
2016-12-07,2016,12,December,Wednesday,31.0,26-35,M,B,other,Not fleeing,knife,Armed,shot and Tasered,False,True,NC,Fayetteville
2016-12-07,2016,12,December,Wednesday,37.0,36-45,M,W,undetermined,,undetermined,Unarmed/Unknown,shot,False,False,TX,Dallas
2016-12-07,2016,12,December,Wednesday,37.0,36-45,M,B,attack,Not fleeing,gun,Armed,shot,False,False,TX,Houston
2016-12-07,2016,12,December,Wednesday,36.0,36-45,M,W,other,Not fleeing,undetermined,Unarmed/Unknown,shot,False,False,IA,Sioux City
2016-12-07,2016,12,December,Wednesday,20.0,18-25,M,,attack,Not fleeing,knife,Armed,shot,True,False,PA,Avella
2016-12-08,2016,12,December,Thursday,,,M,,attack,Not fleeing,gun,Armed,shot,False,False,TX,Allen
2016-12-09,2016,12,December,Friday,30.0,26-35,M,O,other,Not fleeing,vehicle,Armed,shot,False,False,HI,Keaau
2016-12-09,2016,12,December,Friday,,,M,W,attack,Not fleeing,gun,Armed,shot,False,False,NC,Leland
2016-12-09,2016,12,December,Friday,35.0,26-35,M,W,other,Not fleeing,machete and gun,Armed,shot,True,False,PA,Forks Township
2016-12-10,2016,12,December,Saturday,35.0,26-35,M,B,attack,Foot,gun,Armed,shot,False,False,SC,Sumter
2016-12-10,2016,12,December,Saturday,36.0,36-45,M,W,other,Not fleeing,knife,Armed,shot,False,True,IN,Greenwood
2016-12-11,2016,12,December,Sunday,53.0,46-55,M,W,other,Not fleeing,knife,Armed,shot and Tasered,True,False,NE,York
2016-12-11,2016,12,December,Sunday,39.0,36-45,M,W,other,Not fleeing,vehicle,Armed,shot,False,False,WV,Fairmont
2016-12-11,2016,12,December,Sunday,30.0,26-35,M,H,attack,Not fleeing,knife,Armed,shot,False,False,TX,Laredo
2016-12-11,2016,12,December,Sunday,44.0,36-45,F,W,attack,Not fleeing,toy weapon,Armed,shot,True,False,AZ,Bullhead City
2016-12-11,2016,12,December,Sunday,24.0,18-25,M,W,attack,Not fleeing,gun,Armed,shot,False,False,KS,Medicine Lodge
2016-12-12,2016,12,December,Monday,73.0,66+,M,H,undetermined,Not fleeing,unarmed,Unarmed/Unknown,shot,False,False,CA,Bakersfield
2016-12-12,2016,12,December,Monday,31.0,26-35,M,W,attack,Not fleeing,gun,Armed,shot,False,False,GA,Fort Valley
2016-12-12,2016,12,December,Monday,28.0,26-35,M,B,attack,Not fleeing,gun,Armed,shot,False,False,PA,Philadelphia
2016-12-13,2016,12,December,Tuesday,18.0,18-25,M,B,attack,Not fleeing,gun,Armed,shot,False,False,MD,Baltimore
2016-12-13,2016,12,December,Tuesday,32.0,26-35,M,B,other,Not fleeing,gun,Armed,shot and Tasered,True,False,GA,Hampton
2016-12-15,2016,12,December,Thursday,60.0,56-65,M,W,attack,Not fleeing,gun,Armed,shot and Tasered,False,False,CA,Hacienda Heights
2016-12-16,2016,12,December,Friday,36.0,36-45,M,,attack,Not fleeing,gun,Armed,shot,False,False,OR,Dallas
2016-12-17,2016,12,December,Saturday,48.0,46-55,M,W,undetermined,Not fleeing,knife,Armed,shot,False,False,TN,Arlington
2016-12-17,2016,12,December,Saturday,33.0,26-35,M,H,other,Not fleeing,gun,Armed,shot,False,False,CA,Los Angeles
2016-12-17,2016,12,December,Saturday,44.0,36-45,M,N,other,Not fleeing,gun,Armed,shot,False,False,WA,Everett
2016-12-18,2016,12,December,Sunday,20.0,18-25,M,B,undetermined,Foot,undetermined,Unarmed/Unknown,shot,False,False,CA,Los Angeles
2016-12-18,2016,12,December,Sunday,37.0,36-45,M,W,other,Not fleeing,gun,Armed,shot,False,False,WA,Ridgefield
2016-12-18,2016,12,December,Sunday,72.0,66+,M,W,attack,Not fleeing,gun,Armed,shot,True,False,OK,Tulsa
2016-12-19,2016,12,December,Monday,52.0,46-55,M,W,undetermined,Not fleeing,undetermined,Unarmed/Unknown,shot,False,False,NC,Granite Falls
2016-12-20,2016,12,December,Tuesday,31.0,26-35,M,,other,Other,gun,Armed,shot,False,False,CA,Hemet
2016-12-20,2016,12,December,Tuesday,46.0,46-55,M,H,other,Not fleeing,knife,Armed,shot,False,False,TX,Pharr
2016-12-20,2016,12,December,Tuesday,,,M,,other,Not fleeing,knife,Armed,shot,True,False,CA,Brawley
2016-12-21,2016,12,December,Wednesday,31.0,26-35,M,,other,Not fleeing,tire iron,Armed,shot,False,False,OK,Ponca City
2016-12-21,2016,12,December,Wednesday,25.0,18-25,M,W,attack,Other,gun,Armed,shot,False,False,OK,Burns Flat
2016-12-21,2016,12,December,Wednesday,46.0,46-55,M,,other,,vehicle,Armed,shot,False,False,IN,Knox
2016-12-21,2016,12,December,Wednesday,38.0,36-45,M,H,attack,Car,vehicle,Armed,shot,False,False,NV,Reno
2016-12-21,2016,12,December,Wednesday,25.0,18-25,M,,other,Not fleeing,knife,Armed,shot,True,False,AR,Fayetteville
2016-12-21,2016,12,December,Wednesday,,,M,,undetermined,Not fleeing,knife,Armed,shot,False,False,CA,Stockton
2016-12-21,2016,12,December,Wednesday,27.0,26-35,M,W,attack,Not fleeing,gun,Armed,shot,False,False,AL,Saraland
2016-12-21,2016,12,December,Wednesday,24.0,18-25,M,B,attack,Not fleeing,gun,Armed,shot,False,False,CA,Coalinga
2016-12-22,2016,12,December,Thursday,19.0,18-25,M,B,attack,Not fleeing,gun,Armed,shot,False,False,MD,Capitol Heights
2016-12-23,2016,12,December,Friday,31.0,26-35,M,W,undetermined,Not fleeing,undetermined,Unarmed/Unknown,shot and Tasered,False,False,OR,Bend
2016-12-23,2016,12,December,Friday,55.0,46-55,M,,attack,Not fleeing,crossbow,Armed,shot,False,False,FL,Palm Harbor
2016-12-23,2016,12,December,Friday,,,M,,other,Car,vehicle,Armed,shot,False,False,CA,El Monte
2016-12-24,2016,12,December,Saturday,18.0,18-25,M,B,undetermined,Not fleeing,gun,Armed,shot,False,False,NC,Charlotte
2016-12-24,2016,12,December,Saturday,53.0,46-55,F,W,other,Not fleeing,knife,Armed,shot,False,False,FL,Lake Wales
2016-12-24,2016,12,December,Saturday,,,M,,attack,Foot,gun,Armed,shot,False,False,AL,Gadsden
2016-12-24,2016,12,December,Saturday,48.0,46-55,M,A,attack,Not fleeing,scissors,Armed,shot,True,False,CA,Pico Rivera
2016-12-25,2016,12,December,Sunday,29.0,26-35,M,B,other,Not fleeing,knife,Armed,shot,False,True,DC,Washington
2016-12-25,2016,12,December,Sunday,30.0,26-35,M,W,attack,Car,gun,Armed,shot,True,False,OR,King City
2016-12-25,2016,12,December,Sunday,33.0,26-35,M,,attack,Not fleeing,gun,Armed,shot,False,False,AR,Desha
2016-12-25,2016,12,December,Sunday,61.0,56-65,M,W,attack,Not fleeing,gun,Armed,shot,True,False,FL,Middleburg
2016-12-27,2016,12,December,Tuesday,35.0,26-35,M,,attack,Not fleeing,gun,Armed,shot,False,False,CA,Grass Valley
2016-12-27,2016,12,December,Tuesday,71.0,66+,F,W,attack,Not fleeing,gun,Armed,shot,False,False,TX,Pearland
2016-12-27,2016,12,December,Tuesday,41.0,36-45,M,H,attack,Not fleeing,undetermined,Unarmed/Unknown,shot,False,False,IL,North Riverside
2016-12-27,2016,12,December,Tuesday,36.0,36-45,M,W,attack,Other,gun,Armed,shot,False,False,TX,Campbellton
2016-12-28,2016,12,December,Wednesday,28.0,26-35,M,,undetermined,Not fleeing,undetermined,Unarmed/Unknown,shot,False,False,TN,Spring Hill
2016-12-29,2016,12,December,Thursday,52.0,46-55,M,,undetermined,Not fleeing,gun,Armed,shot,False,True,MD,Chestertown
2016-12-30,2016,12,December,Friday,21.0,18-25,M,B,other,Car,gun,Armed,shot,False,False,FL,Miami
2016-12-30,2016,12,December,Friday,,,M,,attack,Not fleeing,gun,Armed,shot,False,False,FL,Pensacola
2016-12-30,2016,12,December,Friday,31.0,26-35,M,,other,Foot,knife,Armed,shot and Tasered,False,False,AZ,Phoenix
2016-12-31,2016,12,December,Saturday,33.0,26-35,M,W,attack,Not fleeing,unarmed,Unarmed/Unknown,shot and Tasered,False,False,MN,Mankato
2016-12-31,2016,12,December,Saturday,46.0,46-55,M,W,attack,Not fleeing,knife,Armed,shot,True,False,FL,Loxahatchee
2016-12-31,2016,12,December,Saturday,32.0,26-35,M,W,attack,Other,gun,Armed,shot,False,False,PA,Huntingdon County
2017-01-01,2017,1,January,Sunday,42.0,36-45,M,W,other,Not fleeing,gun,Armed,shot,False,False,OH,Springfield
2017-01-01,2017,1,January,Sunday,17.0,<18,M,B,other,Not fleeing,knife,Armed,shot,True,False,IL,Villa Park
2017-01-01,2017,1,January,Sunday,44.0,36-45,M,B,attack,Foot,gun,Armed,shot and Tasered,True,False,MO,Springfield
2017-01-01,2017,1,January,Sunday,35.0,26-35,M,W,attack,Car,gun,Armed,shot,False,False,GA,Woodstock
2017-01-01,2017,1,January,Sunday,23.0,18-25,M,H,attack,Foot,gun,Armed,shot,False,False,TX,Houston
2017-01-01,2017,1,January,Sunday,21.0,18-25,M,B,attack,Car,vehicle,Armed,shot,False,False,TX,Allen
2017-01-03,2017,1,January,Tuesday,53.0,46-55,M,W,attack,Not fleeing,gun,Armed,shot,True,True,TX,Gilmer
2017-01-03,2017,1,January,Tuesday,63.0,56-65,M,B,other,Not fleeing,knife,Armed,shot and Tasered,True,False,NY,Brooklyn
2017-01-04,2017,1,January,Wednesday,18.0,18-25,M,W,attack,Foot,gun,Armed,shot,False,False,NY,Brooklyn
2017-01-04,2017,1,January,Wednesday,51.0,46-55,M,B,attack,Foot,gun,Armed,shot,False,False,CA,Pomona
2017-01-04,2017,1,January,Wednesday,64.0,56-65,M,W,attack,Not fleeing,gun,Armed,shot,False,False,KY,Lancaster
2017-01-04,2017,1,January,Wednesday,45.0,36-45,M,W,other,Car,vehicle,Armed,shot,False,False,IN,English
2017-01-05,2017,1,January,Thursday,20.0,18-25,M,H,attack,Not fleeing,gun,Armed,shot,False,False,CA,Dinuba
2017-01-05,2017,1,January,Thursday,41.0,36-45,M,W,attack,Not fleeing,gun,Armed,shot,True,False,TN,Monteagle
2017-01-06,2017,1,January,Friday,23.0,18-25,M,W,other,Not fleeing,knife,Armed,shot,True,False,PA,Sharon
2017-01-06,2017,1,January,Friday,32.0,26-35,M,B,attack,Other,gun,Armed,shot,False,False,IL,Deerfield
2017-01-07,2017,1,January,Saturday,25.0,18-25,M,W,other,Car,knife,Armed,shot,False,False,WV,Princeton
2017-01-07,2017,1,January,Saturday,42.0,36-45,M,W,attack,Other,gun,Armed,shot,False,False,OK,Fairland
2017-01-07,2017,1,January,Saturday,41.0,36-45,M,W,attack,Not fleeing,unarmed,Unarmed/Unknown,shot,True,False,MD,Elkridge
2017-01-07,2017,1,January,Saturday,31.0,26-35,M,H,other,Not fleeing,vehicle,Armed,shot,True,False,CO,Northglenn
2017-01-07,2017,1,January,Saturday,50.0,46-55,M,H,attack,Not fleeing,gun,Armed,shot,True,False,MO,Independence
2017-01-07,2017,1,January,Saturday,38.0,36-45,M,H,other,Not fleeing,,Unknown,shot,False,False,NM,Albuquerque
2017-01-08,2017,1,January,Sunday,44.0,36-45,M,W,other,Not fleeing,knife,Armed,shot,True,False,GA,Cumming
2017-01-09,2017,1,January,Monday,38.0,36-45,M,B,other,Foot,unarmed,Unarmed/Unknown,shot,False,True,AZ,Phoenix
2017-01-09,2017,1,January,Monday,21.0,18-25,M,B,attack,Car,gun,Armed,shot,False,False,MO,St. Louis
2017-01-10,2017,1,January,Tuesday,32.0,26-35,M,W,other,Not fleeing,knife,Armed,shot,False,False,CA,Los Angeles
2017-01-10,2017,1,January,Tuesday,23.0,18-25,M,B,attack,Not fleeing,unarmed,Unarmed/Unknown,shot and Tasered,False,False,TN,Reagan
2017-01-11,2017,1,January,Wednesday,41.0,36-45,M,W,undetermined,Not fleeing,air conditioner,Armed,shot,False,False,MN,Austin
2017-01-11,2017,1,January,Wednesday,41.0,36-45,M,O,attack,Other,gun,Armed,shot,False,False,CA,Lake Elsinore
2017-01-11,2017,1,January,Wednesday,38.0,36-45,M,H,attack,Not fleeing,gun,Armed,shot,False,False,NJ,Camden
2017-01-12,2017,1,January,Thursday,54.0,46-55,M,W,other,Not fleeing,gun,Armed,shot,True,False,FL,Ocala
2017-01-12,2017,1,January,Thursday,20.0,18-25,M,N,attack,Not fleeing,gun,Armed,shot,False,False,MN,Vineland
2017-01-12,2017,1,January,Thursday,26.0,26-35,M,W,attack,Not fleeing,knife,Armed,shot,True,False,VA,Pearisburg
2017-01-13,2017,1,January,Friday,29.0,26-35,M,O,other,Car,vehicle,Armed,shot,False,False,HI,Kahuku
2017-01-14,2017,1,January,Saturday,47.0,46-55,M,W,attack,Foot,gun,Armed,shot,False,False,TX,Austin
2017-01-14,2017,1,January,Saturday,28.0,26-35,M,B,attack,Not fleeing,screwdriver,Armed,shot and Tasered,False,False,NY,New York
2017-01-15,2017,1,January,Sunday,48.0,46-55,M,W,attack,Not fleeing,gun,Armed,shot,False,False,CA,Azusa
2017-01-15,2017,1,January,Sunday,37.0,36-45,F,A,other,Not fleeing,knife,Armed,shot and Tasered,True,False,CA,Long Beach
2017-01-15,2017,1,January,Sunday,34.0,26-35,M,B,attack,Foot,gun,Armed,shot,False,False,IL,Chicago
2017-01-15,2017,1,January,Sunday,33.0,26-35,M,W,other,Foot,knife,Armed,shot and Tasered,False,True,WA,Spokane
2017-01-16,2017,1,January,Monday,36.0,36-45,M,W,attack,Other,gun,Armed,shot,False,False,GA,Tyrone
2017-01-16,2017,1,January,Monday,43.0,36-45,M,W,other,Not fleeing,pole and knife,Armed,shot,False,False,KY,Fulton
2017-01-16,2017,1,January,Monday,32.0,26-35,M,A,attack,Not fleeing,gun and knife,Armed,shot and Tasered,False,False,VA,Herndon
2017-01-17,2017,1,January,Tuesday,29.0,26-35,M,W,attack,Car,gun,Armed,shot,True,False,TN,Soddy-Daisy
2017-01-17,2017,1,January,Tuesday,39.0,36-45,M,H,attack,Not fleeing,gun,Armed,shot,False,False,CA,Twentynine Palms
2017-01-18,2017,1,January,Wednesday,16.0,<18,M,H,other,Not fleeing,knife,Armed,shot and Tasered,False,True,CA,Salinas
2017-01-18,2017,1,January,Wednesday,40.0,36-45,M,W,attack,Not fleeing,metal pipe,Armed,shot,False,False,OK,Watts
2017-01-18,2017,1,January,Wednesday,21.0,18-25,F,W,other,Car,vehicle,Armed,shot,False,True,TX,Dallas
2017-01-18,2017,1,January,Wednesday,50.0,46-55,M,W,other,Car,hatchet,Armed,shot,False,False,CA,Los Angeles
2017-01-18,2017,1,January,Wednesday,19.0,18-25,M,B,attack,Car,gun,Armed,shot,False,False,IN,Gary
2017-01-18,2017,1,January,Wednesday,28.0,26-35,M,N,attack,Not fleeing,gun,Armed,shot,False,False,ND,Grand Forks
2017-01-19,2017,1,January,Thursday,25.0,18-25,M,W,attack,Not fleeing,knife,Armed,shot and Tasered,True,False,MO,Florissant
2017-01-19,2017,1,January,Thursday,49.0,46-55,M,W,other,Not fleeing,gun,Armed,shot,True,False,VA,Woodford
2017-01-19,2017,1,January,Thursday,44.0,36-45,M,H,attack,Foot,gun,Armed,shot,False,False,TX,Fritch
2017-01-20,2017,1,January,Friday,39.0,36-45,M,W,attack,Not fleeing,gun,Armed,shot,True,False,FL,Gainesville
2017-01-21,2017,1,January,Saturday,44.0,36-45,M,B,attack,Not fleeing,gun,Armed,shot,False,False,MS,Greenville
2017-01-21,2017,1,January,Saturday,50.0,46-55,M,W,attack,Not fleeing,knife,Armed,shot and Tasered,True,False,NV,Jean
2017-01-22,2017,1,January,Sunday,57.0,56-65,M,W,attack,Not fleeing,gun,Armed,shot,False,False,ME,Waldoboro
2017-01-22,2017,1,January,Sunday,57.0,56-65,M,B,attack,Not fleeing,gun,Armed,shot,False,False,PA,Pittsburgh
2017-01-22,2017,1,January,Sunday,33.0,26-35,M,H,other,Not fleeing,gun,Armed,shot,False,False,CA,Carson
2017-01-23,2017,1,January,Monday,21.0,18-25,M,H,attack,Not fleeing,knife,Armed,shot,False,True,CA,Vallejo
2017-01-23,2017,1,January,Monday,52.0,46-55,M,W,attack,Foot,gun,Armed,shot,False,False,GA,Brooklet
2017-01-23,2017,1,January,Monday,27.0,26-35,M,W,attack,Not fleeing,unarmed,Unarmed/Unknown,shot,True,True,IL,Springfield
2017-01-23,2017,1,January,Monday,60.0,56-65,M,W,other,Not fleeing,gun,Armed,shot,True,False,DE,Wilmington
2017-01-23,2017,1,January,Monday,25.0,18-25,M,B,other,Not fleeing,knife,Armed,shot and Tasered,True,False,LA,Kenner
2017-01-24,2017,1,January,Tuesday,34.0,26-35,M,H,other,Not fleeing,gun,Armed,shot,False,False,CA,Atascadero
2017-01-24,2017,1,January,Tuesday,22.0,18-25,M,W,other,Car,unarmed,Unarmed/Unknown,shot,False,False,MO,Sugar Creek
2017-01-24,2017,1,January,Tuesday,26.0,26-35,M,B,attack,Car,gun,Armed,shot,False,True,LA,New Orleans
2017-01-24,2017,1,January,Tuesday,27.0,26-35,M,H,attack,Other,gun,Armed,shot,False,False,CA,Bakersfield
2017-01-24,2017,1,January,Tuesday,29.0,26-35,M,H,attack,Foot,knife,Armed,shot,True,True,NM,Las Cruces
2017-01-24,2017,1,January,Tuesday,30.0,26-35,M,W,attack,Not fleeing,unarmed,Unarmed/Unknown,shot,True,False,MI,Algoma Township
2017-01-24,2017,1,January,Tuesday,18.0,18-25,M,H,attack,Not fleeing,gun,Armed,shot and Tasered,False,False,PA,Lancaster City
2017-01-24,2017,1,January,Tuesday,32.0,26-35,M,H,attack,Car,gun,Armed,shot,False,False,ID,Kuna
2017-01-25,2017,1,January,Wednesday,37.0,36-45,M,W,attack,Car,vehicle,Armed,shot,True,False,AL,Oxford
2017-01-25,2017,1,January,Wednesday,54.0,46-55,M,B,attack,Not fleeing,gun,Armed,shot,False,False,MS,Southaven
2017-01-25,2017,1,January,Wednesday,50.0,46-55,M,W,attack,Not fleeing,gun,Armed,shot,True,True,WI,Millston
2017-01-26,2017,1,January,Thursday,28.0,26-35,M,H,other,Car,gun,Armed,shot,False,False,NC,Charlotte
2017-01-26,2017,1,January,Thursday,59.0,56-65,M,W,attack,Not fleeing,gun,Armed,shot,True,True,MD,Overlea
2017-01-26,2017,1,January,Thursday,24.0,18-25,M,B,other,Car,undetermined,Unarmed/Unknown,shot,False,True,GA,Atlanta
2017-01-26,2017,1,January,Thursday,34.0,26-35,M,W,other,Not fleeing,metal pipe,Armed,shot,False,False,OH,Madison Township
2017-01-27,2017,1,January,Friday,25.0,18-25,M,H,attack,Not fleeing,gun,Armed,shot,True,True,CA,Alhambra
2017-01-28,2017,1,January,Saturday,48.0,46-55,M,W,attack,Not fleeing,toy weapon,Armed,shot,True,False,WI,Eau Claire
2017-01-28,2017,1,January,Saturday,45.0,36-45,M,W,attack,Not fleeing,gun,Armed,shot,False,False,AZ,Apache Junction
2017-01-28,2017,1,January,Saturday,25.0,18-25,M,H,attack,Car,gun,Armed,shot,False,False,TX,Fort Stockton
2017-01-28,2017,1,January,Saturday,17.0,<18,M,B,attack,Not fleeing,gun,Armed,shot,False,False,WA,Des Moines
2017-01-29,2017,1,January,Sunday,53.0,46-55,M,,attack,Not fleeing,Taser,Armed,shot,True,False,CT,Oakdale
2017-01-29,2017,1,January,Sunday,18.0,18-25,M,H,undetermined,Foot,unarmed,Unarmed/Unknown,shot,False,False,CA,Santa Ana
2017-01-30,2017,1,January,Monday,50.0,46-55,M,B,other,Not fleeing,gun,Armed,shot,False,False,OK,Kiowa
2017-01-30,2017,1,January,Monday,36.0,36-45,M,W,other,Not fleeing,knife,Armed,shot,True,False,WA,Lynnwood
2017-01-30,2017,1,January,Monday,45.0,36-45,M,H,attack,Not fleeing,gun and knife,Armed,shot and Tasered,True,False,CA,Fresno
2017-01-30,2017,1,January,Monday,42.0,36-45,M,W,other,Not fleeing,beer bottle,Armed,shot and Tasered,False,False,CA,Modesto
2017-01-31,2017,1,January,Tuesday,,,M,B,attack,Not fleeing,knife,Armed,shot and Tasered,True,False,CA,Hollywood
2017-02-01,2017,2,February,Wednesday,23.0,18-25,M,B,attack,Car,vehicle,Armed,shot,False,False,TX,Arlington
2017-02-01,2017,2,February,Wednesday,31.0,26-35,M,B,attack,Car,vehicle,Armed,shot,False,False,CA,Highland
2017-02-02,2017,2,February,Thursday,18.0,18-25,M,H,undetermined,Not fleeing,gun,Armed,shot,False,False,TX,Wichita Falls
2017-02-02,2017,2,February,Thursday,26.0,26-35,M,W,other,Not fleeing,toy weapon,Armed,shot,False,False,WI,Geneva
2017-02-02,2017,2,February,Thursday,57.0,56-65,M,W,other,Not fleeing,gun,Armed,shot,False,False,FL,Orange Park
2017-02-03,2017,2,February,Friday,27.0,26-35,M,H,attack,Car,gun,Armed,shot,False,False,CA,Olympic Valley
2017-02-03,2017,2,February,Friday,41.0,36-45,M,A,attack,Not fleeing,gun,Armed,shot,False,False,TX,Panhandle
2017-02-03,2017,2,February,Friday,33.0,26-35,M,W,attack,Not fleeing,gun,Armed,shot,False,True,NC,Hickory
2017-02-03,2017,2,February,Friday,22.0,18-25,M,B,attack,Car,gun,Armed,shot,False,False,NC,Rowland
2017-02-03,2017,2,February,Friday,38.0,36-45,M,W,attack,Not fleeing,gun,Armed,shot,False,False,WV,Grafton
2017-02-03,2017,2,February,Friday,26.0,26-35,M,H,other,Car,vehicle,Armed,shot,False,False,IL,Forest Park
2017-02-03,2017,2,February,Friday,45.0,36-45,M,W,other,Not fleeing,gun,Armed,shot,False,False,TX,Irving
2017-02-04,2017,2,February,Saturday,23.0,18-25,M,H,other,Not fleeing,unarmed,Unarmed/Unknown,shot,False,False,GA,Moultrie
2017-02-04,2017,2,February,Saturday,68.0,66+,M,B,attack,Not fleeing,gun,Armed,shot,False,False,MO,Kansas City
2017-02-04,2017,2,February,Saturday,56.0,56-65,M,W,attack,Not fleeing,gun,Armed,shot,True,False,FL,DeLand
2017-02-05,2017,2,February,Sunday,45.0,36-45,M,B,attack,Not fleeing,unarmed,Unarmed/Unknown,shot,True,False,CA,Fremont
2017-02-05,2017,2,February,Sunday,41.0,36-45,M,B,attack,Not fleeing,unknown weapon,Armed,shot,True,True,OH,Englewood
2017-02-05,2017,2,February,Sunday,33.0,26-35,M,H,other,Not fleeing,vehicle,Armed,shot,False,True,CO,Pueblo
2017-02-06,2017,2,February,Monday,22.0,18-25,M,B,attack,Not fleeing,toy weapon,Armed,shot,False,False,FL,Jacksonville
2017-02-06,2017,2,February,Monday,50.0,46-55,M,B,other,Not fleeing,gun,Armed,shot,False,False,CO,Commerce City
2017-02-06,2017,2,February,Monday,52.0,46-55,M,H,attack,Foot,knife,Armed,shot and Tasered,True,False,CA,Santa Monica
2017-02-07,2017,2,February,Tuesday,18.0,18-25,M,W,other,Not fleeing,piece of wood,Armed,shot and Tasered,False,False,AL,Jackson County
2017-02-07,2017,2,February,Tuesday,35.0,26-35,M,W,attack,Car,unknown weapon,Armed,shot,True,False,TN,Mt. Pleasant
2017-02-07,2017,2,February,Tuesday,18.0,18-25,M,B,other,Other,gun,Armed,shot,False,True,MD,Baltimore
2017-02-07,2017,2,February,Tuesday,34.0,26-35,M,W,attack,Not fleeing,gun,Armed,shot,False,False,OH,Howland Township
2017-02-07,2017,2,February,Tuesday,51.0,46-55,M,W,other,,vehicle,Armed,shot,False,False,KY,Richmond
2017-02-08,2017,2,February,Wednesday,29.0,26-35,M,W,other,Not fleeing,gun,Armed,shot,False,False,IN,Brookville
2017-02-08,2017,2,February,Wednesday,34.0,26-35,M,N,other,,knife,Armed,shot,False,False,OK,Anadarko
2017-02-08,2017,2,February,Wednesday,25.0,18-25,M,B,other,Foot,unarmed,Unarmed/Unknown,shot,False,False,IL,Chicago
2017-02-09,2017,2,February,Thursday,26.0,26-35,M,W,undetermined,Not fleeing,unarmed,Unarmed/Unknown,shot and Tasered,False,False,OH,Geneva Township
2017-02-09,2017,2,February,Thursday,33.0,26-35,M,H,other,Not fleeing,knife,Armed,shot and Tasered,True,False,WA,Lake Stevens
2017-02-09,2017,2,February,Thursday,17.0,<18,M,B,undetermined,Foot,toy weapon,Armed,shot,False,False,OR,Portland
2017-02-09,2017,2,February,Thursday,,,M,,undetermined,,undetermined,Unarmed/Unknown,shot,False,False,NM,Crownpoint
2017-02-10,2017,2,February,Friday,25.0,18-25,M,W,other,Foot,knife,Armed,shot,False,False,WA,Vancouver
2017-02-10,2017,2,February,Friday,31.0,26-35,M,B,other,Foot,gun,Armed,shot,False,False,TN,Nashville
2017-02-10,2017,2,February,Friday,25.0,18-25,M,W,other,,vehicle,Armed,shot,False,False,ME,Vassalboro
2017-02-10,2017,2,February,Friday,18.0,18-25,F,W,other,,unarmed,Unarmed/Unknown,shot,False,False,ME,Vassalboro
2017-02-10,2017,2,February,Friday,55.0,46-55,F,W,attack,Not fleeing,knife,Armed,shot and Tasered,True,False,IL,Chicago
2017-02-10,2017,2,February,Friday,45.0,36-45,M,W,attack,Not fleeing,gun,Armed,shot,False,False,OK,Bethany
2017-02-10,2017,2,February,Friday,25.0,18-25,M,B,attack,Other,gun,Armed,shot,False,True,NC,Greensboro
2017-02-10,2017,2,February,Friday,23.0,18-25,M,B,undetermined,Foot,gun,Armed,shot,False,False,NJ,Bridgeton
2017-02-11,2017,2,February,Saturday,37.0,36-45,M,W,other,Not fleeing,gun,Armed,shot,False,False,SC,Greenville
2017-02-11,2017,2,February,Saturday,33.0,26-35,M,A,other,Car,vehicle,Armed,shot,False,False,HI,Aiea
2017-02-11,2017,2,February,Saturday,27.0,26-35,M,B,attack,Not fleeing,gun,Armed,shot,False,False,MO,Kansas City
2017-02-11,2017,2,February,Saturday,32.0,26-35,M,W,attack,Not fleeing,metal stick,Armed,shot,True,True,KY,Louisville
2017-02-12,2017,2,February,Sunday,,,M,,other,Other,vehicle,Armed,shot,False,False,TX,Terrell
2017-02-12,2017,2,February,Sunday,31.0,26-35,M,B,other,Other,gun,Armed,shot,False,False,NC,Durham
2017-02-12,2017,2,February,Sunday,26.0,26-35,M,H,other,Foot,knife,Armed,shot,True,False,CA,Santa Barbara
2017-02-13,2017,2,February,Monday,32.0,26-35,M,W,attack,Car,vehicle,Armed,shot,False,False,TN,Knoxville
2017-02-13,2017,2,February,Monday,53.0,46-55,M,W,attack,Not fleeing,gun,Armed,shot,False,False,AZ,Golden Shores
2017-02-13,2017,2,February,Monday,19.0,18-25,M,B,attack,Other,unarmed,Unarmed/Unknown,shot,False,False,MI,Detroit
2017-02-14,2017,2,February,Tuesday,53.0,46-55,M,W,other,Not fleeing,knife,Armed,shot,True,False,OH,Columbus
2017-02-14,2017,2,February,Tuesday,35.0,26-35,M,W,other,Other,vehicle,Armed,shot,False,False,IN,Vincennes
2017-02-14,2017,2,February,Tuesday,64.0,56-65,M,W,attack,Not fleeing,gun,Armed,shot,False,False,IN,Shelbyville
2017-02-15,2017,2,February,Wednesday,24.0,18-25,M,B,attack,Foot,gun,Armed,shot,False,False,NC,Durham
2017-02-15,2017,2,February,Wednesday,33.0,26-35,M,W,other,Not fleeing,knife,Armed,shot,False,False,MO,Cape Girardeau
2017-02-15,2017,2,February,Wednesday,55.0,46-55,M,H,attack,Not fleeing,unknown weapon,Armed,shot,False,False,CA,Newman
2017-02-16,2017,2,February,Thursday,17.0,<18,M,B,attack,Foot,gun,Armed,shot,False,False,NY,Brooklyn
2017-02-16,2017,2,February,Thursday,48.0,46-55,M,H,attack,Not fleeing,gun,Armed,shot,False,False,TX,San Antonio
2017-02-16,2017,2,February,Thursday,21.0,18-25,M,B,attack,Foot,gun,Armed,shot,False,False,CA,Gardena
2017-02-16,2017,2,February,Thursday,22.0,18-25,M,,other,Not fleeing,gun,Armed,shot,False,False,CA,Douglas City
2017-02-17,2017,2,February,Friday,30.0,26-35,M,W,attack,Not fleeing,unarmed,Unarmed/Unknown,shot,True,True,TX,Grand Prarie
2017-02-17,2017,2,February,Friday,34.0,26-35,M,W,attack,Not fleeing,knife,Armed,shot,True,False,OK,Tulsa
2017-02-17,2017,2,February,Friday,35.0,26-35,M,B,attack,Not fleeing,gun,Armed,shot,False,False,AK,Big Lake
2017-02-17,2017,2,February,Friday,32.0,26-35,M,W,attack,Not fleeing,gun,Armed,shot,False,False,CA,Oakland
2017-02-18,2017,2,February,Saturday,22.0,18-25,M,B,other,Not fleeing,toy weapon,Armed,shot,True,False,ME,Portland
2017-02-18,2017,2,February,Saturday,46.0,46-55,M,B,attack,Not fleeing,gun,Armed,shot,False,False,NC,Efland
2017-02-19,2017,2,February,Sunday,27.0,26-35,M,B,attack,Not fleeing,knife,Armed,shot,False,False,OH,Kent
2017-02-19,2017,2,February,Sunday,18.0,18-25,M,H,attack,Foot,toy weapon,Armed,shot,False,False,NY,New York
2017-02-19,2017,2,February,Sunday,33.0,26-35,M,W,attack,Not fleeing,gun,Armed,shot,False,False,AR,Bull Shoals
2017-02-19,2017,2,February,Sunday,26.0,26-35,M,H,attack,Not fleeing,gun,Armed,shot,False,False,AZ,Tucson
2017-02-20,2017,2,February,Monday,27.0,26-35,M,W,attack,Not fleeing,vehicle,Armed,shot,False,False,MO,St. Joseph
2017-02-20,2017,2,February,Monday,26.0,26-35,M,W,attack,Not fleeing,knife,Armed,shot and Tasered,False,False,FL,Brooksville
2017-02-21,2017,2,February,Tuesday,51.0,46-55,M,W,other,Not fleeing,gun,Armed,shot,True,False,OR,Beaverton
2017-02-21,2017,2,February,Tuesday,63.0,56-65,M,B,attack,Not fleeing,gun,Armed,shot,False,False,MO,St. Louis
2017-02-21,2017,2,February,Tuesday,38.0,36-45,M,H,attack,Not fleeing,gun,Armed,shot,False,True,UT,Roy
2017-02-21,2017,2,February,Tuesday,25.0,18-25,M,H,attack,Not fleeing,gun,Armed,shot,False,True,UT,Ogden
2017-02-21,2017,2,February,Tuesday,39.0,36-45,M,H,other,Other,gun,Armed,shot,False,False,CO,Colorado Springs
2017-02-22,2017,2,February,Wednesday,41.0,36-45,M,B,attack,Not fleeing,knife,Armed,shot,False,False,TX,Conroe
2017-02-22,2017,2,February,Wednesday,26.0,26-35,M,W,other,Not fleeing,knife,Armed,shot,True,False,WV,Princeton
2017-02-22,2017,2,February,Wednesday,30.0,26-35,F,B,other,Car,knife,Armed,shot,True,False,TX,Austin
2017-02-23,2017,2,February,Thursday,33.0,26-35,M,H,attack,Not fleeing,gun,Armed,shot,False,False,KS,Newton
2017-02-23,2017,2,February,Thursday,54.0,46-55,M,,attack,Not fleeing,gun,Armed,shot,False,False,OK,Fairfax
2017-02-23,2017,2,February,Thursday,38.0,36-45,M,W,attack,Not fleeing,gun,Armed,shot,False,False,OH,Columbus
2017-02-23,2017,2,February,Thursday,24.0,18-25,M,H,other,Foot,gun,Armed,shot,False,False,NV,Reno
2017-02-23,2017,2,February,Thursday,47.0,46-55,M,B,attack,Foot,gun,Armed,shot,False,True,DC,Washington
2017-02-24,2017,2,February,Friday,62.0,56-65,M,W,attack,Not fleeing,gun,Armed,shot,False,False,PA,Reading
2017-02-24,2017,2,February,Friday,30.0,26-35,M,W,attack,Not fleeing,gun,Armed,shot,True,False,KY,London
2017-02-24,2017,2,February,Friday,33.0,26-35,F,W,attack,Car,gun,Armed,shot,False,False,TX,Lake Jackson
2017-02-25,2017,2,February,Saturday,23.0,18-25,M,B,attack,Foot,toy weapon,Armed,shot,False,False,CA,Rocklin
2017-02-25,2017,2,February,Saturday,39.0,36-45,M,W,attack,Car,gun,Armed,shot,False,False,GA,Lumpkin
2017-02-26,2017,2,February,Sunday,,,M,W,other,Not fleeing,knife,Armed,shot,False,False,FL,Englewood
2017-02-26,2017,2,February,Sunday,46.0,46-55,F,W,other,Car,vehicle,Armed,shot,False,False,CA,Ripon
2017-02-26,2017,2,February,Sunday,36.0,36-45,M,W,other,Not fleeing,gun,Armed,shot,True,False,UT,Aragonite
2017-02-26,2017,2,February,Sunday,66.0,66+,M,W,other,Car,gun,Armed,shot,False,False,FL,Floral City
2017-02-27,2017,2,February,Monday,27.0,26-35,M,W,attack,Foot,gun,Armed,shot,True,False,NC,Shelby
2017-02-27,2017,2,February,Monday,40.0,36-45,M,W,attack,Not fleeing,gun,Armed,shot,False,False,WI,Corning
2017-02-28,2017,2,February,Tuesday,25.0,18-25,M,B,attack,Not fleeing,gun,Armed,shot,False,False,TX,Houston
2017-02-28,2017,2,February,Tuesday,20.0,18-25,M,B,attack,Foot,gun,Armed,shot,False,False,FL,Orlando
2017-02-28,2017,2,February,Tuesday,43.0,36-45,M,,undetermined,Not fleeing,,Unknown,shot,True,False,LA,Houma
2017-03-01,2017,3,March,Wednesday,40.0,36-45,M,B,attack,Not fleeing,knife,Armed,shot,False,True,TX,Lufkin
2017-03-02,2017,3,March,Thursday,33.0,26-35,M,W,attack,Not fleeing,unknown weapon,Armed,shot,True,False,WI,Rib Mountain
2017-03-02,2017,3,March,Thursday,34.0,26-35,M,H,other,Not fleeing,baseball bat,Armed,shot,False,False,CA,San Marcos
2017-03-02,2017,3,March,Thursday,27.0,26-35,M,H,attack,Not fleeing,toy weapon,Armed,shot,False,False,AZ,Phoenix
2017-03-02,2017,3,March,Thursday,25.0,18-25,M,H,undetermined,,undetermined,Unarmed/Unknown,shot,False,False,NV,Reno
2017-03-02,2017,3,March,Thursday,37.0,36-45,M,H,other,Not fleeing,knife,Armed,shot,True,False,NJ,Paterson
2017-03-03,2017,3,March,Friday,32.0,26-35,M,W,other,Not fleeing,gun,Armed,shot,True,False,CO,Englewood
2017-03-03,2017,3,March,Friday,25.0,18-25,M,N,attack,Not fleeing,toy weapon,Armed,shot,False,False,CA,Lemoore
2017-03-04,2017,3,March,Saturday,38.0,36-45,M,W,attack,Car,vehicle,Armed,shot,False,True,OK,Oklahoma City
2017-03-04,2017,3,March,Saturday,50.0,46-55,M,W,attack,Not fleeing,gun,Armed,shot,True,False,SC,Fountain Inn
2017-03-04,2017,3,March,Saturday,70.0,66+,M,H,other,Not fleeing,pipe,Armed,shot and Tasered,False,False,CA,Los Angeles
2017-03-04,2017,3,March,Saturday,26.0,26-35,M,W,other,Foot,metal object,Armed,shot,False,False,CA,Cabazon
2017-03-07,2017,3,March,Tuesday,,,M,W,other,Car,vehicle,Armed,shot,False,False,OH,Medina
2017-03-07,2017,3,March,Tuesday,41.0,36-45,M,B,other,Not fleeing,sharp object,Armed,shot and Tasered,False,False,CA,Ladera Heights
2017-03-08,2017,3,March,Wednesday,91.0,66+,M,W,attack,Not fleeing,gun,Armed,shot,False,False,PA,Union Township
2017-03-08,2017,3,March,Wednesday,,,M,,other,Not fleeing,knife,Armed,shot,False,False,CA,Riverside
2017-03-08,2017,3,March,Wednesday,25.0,18-25,M,W,other,Not fleeing,gun,Armed,shot,True,False,NC,Charlotte
2017-03-09,2017,3,March,Thursday,24.0,18-25,M,H,other,,knife,Armed,shot and Tasered,True,False,CA,Santa Clara
2017-03-09,2017,3,March,Thursday,29.0,26-35,M,W,other,Not fleeing,baseball bat and bottle,Armed,shot,True,False,CA,Huntington Beach
2017-03-10,2017,3,March,Friday,40.0,36-45,M,W,attack,Not fleeing,gun,Armed,shot,True,False,CA,Escondido
2017-03-11,2017,3,March,Saturday,51.0,46-55,M,W,attack,Not fleeing,gun,Armed,shot,False,False,TX,Midlothian
2017-03-11,2017,3,March,Saturday,30.0,26-35,M,B,attack,,gun,Armed,shot,False,False,LA,East Baton Rouge
2017-03-12,2017,3,March,Sunday,33.0,26-35,M,H,other,Not fleeing,knife,Armed,shot and Tasered,True,False,CA,Orange
2017-03-12,2017,3,March,Sunday,28.0,26-35,M,H,attack,Foot,knife,Armed,shot,False,True,WA,Bellingham
2017-03-13,2017,3,March,Monday,23.0,18-25,M,B,other,,vehicle,Armed,shot,False,True,OH,Euclid
2017-03-13,2017,3,March,Monday,23.0,18-25,M,W,other,Not fleeing,knife,Armed,shot,True,False,CA,Napa
2017-03-13,2017,3,March,Monday,20.0,18-25,M,B,other,Other,vehicle,Armed,shot,False,True,MD,Woodlawn
2017-03-14,2017,3,March,Tuesday,56.0,56-65,M,W,attack,,unarmed,Unarmed/Unknown,shot,True,False,NJ,Toms River
2017-03-14,2017,3,March,Tuesday,36.0,36-45,M,W,attack,Not fleeing,vehicle,Armed,shot,False,False,WA,Fife
2017-03-14,2017,3,March,Tuesday,18.0,18-25,M,W,attack,Not fleeing,unknown weapon,Armed,shot,False,False,CO,Westminster
2017-03-14,2017,3,March,Tuesday,43.0,36-45,M,W,attack,,gun,Armed,shot,False,False,FL,Panama City Beach
2017-03-14,2017,3,March,Tuesday,16.0,<18,F,H,other,,unarmed,Unarmed/Unknown,shot,False,False,CA,Hayward
2017-03-15,2017,3,March,Wednesday,29.0,26-35,M,B,other,Not fleeing,gun,Armed,shot,False,False,MN,St. Paul
2017-03-15,2017,3,March,Wednesday,25.0,18-25,M,W,other,Car,vehicle,Armed,shot,False,False,AZ,Phoenix
2017-03-16,2017,3,March,Thursday,34.0,26-35,M,B,attack,Not fleeing,gun,Armed,shot,False,False,MI,Warren
2017-03-16,2017,3,March,Thursday,32.0,26-35,M,B,other,Not fleeing,gun,Armed,shot,False,False,WI,Milwaukee
2017-03-16,2017,3,March,Thursday,32.0,26-35,M,B,attack,Not fleeing,gun,Armed,shot and Tasered,False,False,NC,Fayetteville
2017-03-16,2017,3,March,Thursday,58.0,56-65,M,W,attack,Not fleeing,gun,Armed,shot,True,False,FL,Deltona
2017-03-16,2017,3,March,Thursday,36.0,36-45,M,B,attack,Not fleeing,vehicle,Armed,shot,True,True,TN,Alamo
2017-03-17,2017,3,March,Friday,25.0,18-25,M,W,other,Not fleeing,knife,Armed,shot,False,False,ME,Presque Isle
2017-03-17,2017,3,March,Friday,59.0,56-65,F,W,attack,Not fleeing,toy weapon,Armed,shot,True,False,TN,Lakeland
2017-03-17,2017,3,March,Friday,25.0,18-25,M,B,other,Not fleeing,knife,Armed,shot and Tasered,True,False,CA,Chico
2017-03-18,2017,3,March,Saturday,25.0,18-25,M,W,attack,Not fleeing,gun,Armed,shot,False,False,KS,Wichita
2017-03-18,2017,3,March,Saturday,42.0,36-45,M,W,attack,Not fleeing,gun,Armed,shot,False,False,ID,Boise
2017-03-18,2017,3,March,Saturday,36.0,36-45,M,W,other,Car,vehicle,Armed,shot,False,False,GA,Cedartown
2017-03-19,2017,3,March,Sunday,59.0,56-65,M,W,attack,Other,gun,Armed,shot,False,False,MO,Affton
2017-03-19,2017,3,March,Sunday,21.0,18-25,F,B,other,Not fleeing,unarmed,Unarmed/Unknown,shot,False,False,FL,Gifford
2017-03-19,2017,3,March,Sunday,19.0,18-25,M,W,attack,Foot,gun,Armed,shot,False,False,FL,Cape Canaveral
2017-03-19,2017,3,March,Sunday,45.0,36-45,M,H,other,Car,gun,Armed,shot,True,False,FL,DeLand
2017-03-19,2017,3,March,Sunday,,,M,,attack,Not fleeing,knife,Armed,shot,False,False,CA,Desert Edge
2017-03-22,2017,3,March,Wednesday,42.0,36-45,M,W,other,Not fleeing,knife,Armed,shot,False,False,KY,Booneville
2017-03-22,2017,3,March,Wednesday,27.0,26-35,M,B,attack,Not fleeing,gun,Armed,shot,False,False,LA,Crowley
2017-03-22,2017,3,March,Wednesday,45.0,36-45,M,A,attack,,gun,Armed,shot,False,False,WI,Weston
2017-03-23,2017,3,March,Thursday,,,M,B,other,Not fleeing,machete,Armed,shot,True,False,WA,Des Moines
2017-03-23,2017,3,March,Thursday,42.0,36-45,M,B,attack,Car,knife,Armed,shot,False,False,AR,Sheridan
2017-03-23,2017,3,March,Thursday,24.0,18-25,M,H,attack,Not fleeing,knife,Armed,shot,False,False,AZ,Phoenix
2017-03-24,2017,3,March,Friday,39.0,36-45,M,B,other,Not fleeing,knife,Armed,shot,True,True,MD,Baltimore
2017-03-24,2017,3,March,Friday,18.0,18-25,M,W,attack,Not fleeing,gun,Armed,shot,False,False,CA,Cottonwood
2017-03-24,2017,3,March,Friday,26.0,26-35,M,H,other,Foot,gun,Armed,shot,False,False,TX,Cisco
2017-03-25,2017,3,March,Saturday,35.0,26-35,M,H,other,Foot,gun,Armed,shot,False,False,CA,Los Angeles
2017-03-26,2017,3,March,Sunday,53.0,46-55,M,W,attack,Not fleeing,gun,Armed,shot,False,False,CA,Anderson
2017-03-26,2017,3,March,Sunday,56.0,56-65,M,W,undetermined,Not fleeing,undetermined,Unarmed/Unknown,shot,True,False,FL,Delray Beach
2017-03-26,2017,3,March,Sunday,54.0,46-55,M,W,attack,Foot,gun,Armed,shot,False,False,AR,Little Rock
2017-03-26,2017,3,March,Sunday,36.0,36-45,M,W,attack,Other,gun,Armed,shot,False,False,AK,Wasilla
2017-03-27,2017,3,March,Monday,51.0,46-55,M,W,attack,Not fleeing,gun,Armed,shot,False,False,TN,Lewisburg
2017-03-27,2017,3,March,Monday,45.0,36-45,M,W,attack,Car,gun,Armed,shot,False,False,MS,Columbus
2017-03-27,2017,3,March,Monday,28.0,26-35,M,W,other,Not fleeing,knife,Armed,shot,False,True,MD,Montgomery Village
2017-03-28,2017,3,March,Tuesday,36.0,36-45,M,W,attack,Car,gun,Armed,shot,False,False,IN,Lafayette
2017-03-28,2017,3,March,Tuesday,73.0,66+,M,W,attack,Not fleeing,gun,Armed,shot,False,False,MI,Manistee
2017-03-29,2017,3,March,Wednesday,26.0,26-35,M,W,other,Not fleeing,gun,Armed,shot,False,False,TN,Chattanooga
2017-03-29,2017,3,March,Wednesday,41.0,36-45,M,W,attack,Car,gun,Armed,shot,False,False,IL,Stockton
2017-03-29,2017,3,March,Wednesday,59.0,56-65,M,W,attack,Car,gun,Armed,shot,False,False,OK,Byars
2017-03-29,2017,3,March,Wednesday,28.0,26-35,M,B,other,Car,vehicle,Armed,shot,False,False,DE,New Castle
2017-03-29,2017,3,March,Wednesday,45.0,36-45,M,W,attack,Not fleeing,gun,Armed,shot,False,False,KY,Lawrenceburg
2017-03-29,2017,3,March,Wednesday,27.0,26-35,M,W,other,Car,vehicle,Armed,shot,False,False,TX,Whitewright
2017-03-30,2017,3,March,Thursday,46.0,46-55,M,W,other,Car,vehicle,Armed,shot,False,False,NJ,Cranbury Township
2017-04-01,2017,4,April,Saturday,,,M,,attack,Foot,gun,Armed,shot,False,False,FL,Cantonment
2017-04-01,2017,4,April,Saturday,30.0,26-35,M,A,other,,knife,Armed,shot,False,False,LA,New Iberia
2017-04-03,2017,4,April,Monday,46.0,46-55,M,H,other,Not fleeing,vehicle,Armed,shot and Tasered,False,True,SC,Pendleton
2017-04-04,2017,4,April,Tuesday,47.0,46-55,M,H,other,Foot,unarmed,Unarmed/Unknown,shot,False,False,CA,Bakersfield
2017-04-04,2017,4,April,Tuesday,32.0,26-35,M,H,attack,Car,vehicle,Armed,shot,False,False,TX,Houston
2017-04-04,2017,4,April,Tuesday,65.0,56-65,M,W,attack,Car,gun,Armed,shot,False,False,CA,Napa
2017-04-05,2017,4,April,Wednesday,19.0,18-25,M,H,attack,Car,gun,Armed,shot,False,False,IN,Goshen
2017-04-05,2017,4,April,Wednesday,22.0,18-25,M,W,other,,vehicle,Armed,shot,False,False,AR,Little Rock
2017-04-06,2017,4,April,Thursday,39.0,36-45,M,B,attack,Not fleeing,toy weapon,Armed,shot,True,False,OH,Westerville
2017-04-06,2017,4,April,Thursday,38.0,36-45,M,W,attack,Not fleeing,gun,Armed,shot,True,False,OH,Madison Township
2017-04-06,2017,4,April,Thursday,68.0,66+,M,W,attack,Not fleeing,gun,Armed,shot,False,False,FL,Bradenton
2017-04-06,2017,4,April,Thursday,49.0,46-55,M,B,attack,Not fleeing,gun,Armed,shot,False,False,FL,Largo
2017-04-06,2017,4,April,Thursday,37.0,36-45,M,B,attack,Not fleeing,gun,Armed,shot,False,False,NJ,Newark
2017-04-07,2017,4,April,Friday,33.0,26-35,M,A,attack,Car,gun,Armed,shot,False,False,SD,Kyle
2017-04-08,2017,4,April,Saturday,25.0,18-25,M,W,other,Not fleeing,knife,Armed,shot,False,False,WI,Eau Claire
2017-04-09,2017,4,April,Sunday,36.0,36-45,M,H,attack,Not fleeing,knife,Armed,shot,False,False,CA,Santa Paula
2017-04-09,2017,4,April,Sunday,36.0,36-45,M,,other,Not fleeing,gun,Armed,shot,False,False,CA,Ontario
2017-04-10,2017,4,April,Monday,30.0,26-35,M,W,other,Not fleeing,gun,Armed,shot,False,False,OH,Cleveland
2017-04-10,2017,4,April,Monday,39.0,36-45,M,,other,Foot,gun,Armed,shot,False,True,TX,Houston
2017-04-12,2017,4,April,Wednesday,28.0,26-35,M,B,other,Not fleeing,gun,Armed,shot,False,False,CA,Los Angeles
2017-04-13,2017,4,April,Thursday,28.0,26-35,M,W,other,Not fleeing,vehicle,Armed,shot,False,False,AZ,Avondale
2017-04-13,2017,4,April,Thursday,25.0,18-25,M,W,attack,Car,gun,Armed,shot,False,False,KS,Udall
2017-04-13,2017,4,April,Thursday,57.0,56-65,M,,undetermined,,undetermined,Unarmed/Unknown,shot,False,False,CT,Suffield
2017-04-14,2017,4,April,Friday,35.0,26-35,M,W,other,Car,gun,Armed,shot,False,False,WA,Spanaway
2017-04-14,2017,4,April,Friday,24.0,18-25,M,N,other,Not fleeing,knife,Armed,shot,False,False,ND,Mandan
2017-04-14,2017,4,April,Friday,,,M,,attack,Not fleeing,gun,Armed,shot,True,False,NJ,Paterson
2017-04-15,2017,4,April,Saturday,33.0,26-35,M,B,attack,,gun,Armed,shot,False,False,AR,West Memphis
2017-04-15,2017,4,April,Saturday,56.0,56-65,M,W,other,Not fleeing,knife,Armed,shot,False,False,CA,Newport Beach
2017-04-15,2017,4,April,Saturday,56.0,56-65,M,W,attack,Not fleeing,gun,Armed,shot,True,False,OH,Colebrook Township
2017-04-15,2017,4,April,Saturday,16.0,<18,M,H,undetermined,Not fleeing,undetermined,Unarmed/Unknown,shot,False,True,CA,Fresno
2017-04-16,2017,4,April,Sunday,47.0,46-55,M,W,other,Not fleeing,gun,Armed,shot,False,False,MN,Vadnais Heights
2017-04-17,2017,4,April,Monday,33.0,26-35,M,W,other,Car,vehicle,Armed,shot,False,False,TN,Clarksville
2017-04-18,2017,4,April,Tuesday,32.0,26-35,M,W,attack,Car,vehicle,Armed,shot,False,False,WV,Brandywine
2017-04-19,2017,4,April,Wednesday,21.0,18-25,M,B,attack,Other,gun,Armed,shot,False,True,DE,Wilmington
2017-04-20,2017,4,April,Thursday,64.0,56-65,M,W,attack,Not fleeing,gun,Armed,shot,False,False,OK,Logan County
2017-04-20,2017,4,April,Thursday,19.0,18-25,M,B,attack,,gun,Armed,shot,False,False,WA,Seattle
2017-04-20,2017,4,April,Thursday,55.0,46-55,M,H,other,,knife,Armed,shot and Tasered,False,False,TX,San Antonio
2017-04-20,2017,4,April,Thursday,,,M,H,attack,Not fleeing,gun,Armed,shot,False,False,SC,Hardeeville
2017-04-20,2017,4,April,Thursday,25.0,18-25,M,H,other,Car,vehicle,Armed,shot,False,False,AZ,Glendale
2017-04-20,2017,4,April,Thursday,17.0,<18,F,W,undetermined,Car,unarmed,Unarmed/Unknown,shot,False,False,AZ,Glendale
2017-04-21,2017,4,April,Friday,25.0,18-25,M,W,other,Not fleeing,gun,Armed,shot,True,False,OR,West Linn
2017-04-22,2017,4,April,Saturday,43.0,36-45,M,A,attack,Foot,hatchet and gun,Armed,shot,False,False,CA,Yuba City
2017-04-22,2017,4,April,Saturday,39.0,36-45,M,B,other,Not fleeing,vehicle,Armed,shot,True,False,IN,Portage
2017-04-22,2017,4,April,Saturday,24.0,18-25,M,W,other,Not fleeing,knife,Armed,shot,True,False,OH,Hamilton
2017-04-23,2017,4,April,Sunday,70.0,66+,M,W,attack,Not fleeing,gun,Armed,shot,False,False,AZ,Prescott
2017-04-24,2017,4,April,Monday,15.0,<18,M,,attack,Not fleeing,gun,Armed,shot,False,False,TX,Killeen
2017-04-24,2017,4,April,Monday,79.0,66+,M,W,attack,Not fleeing,gun,Armed,shot,True,False,PA,Stewartstown
2017-04-24,2017,4,April,Monday,16.0,<18,M,B,other,Foot,gun,Armed,shot,False,True,TX,Houston
2017-04-24,2017,4,April,Monday,35.0,26-35,M,W,attack,Not fleeing,unarmed,Unarmed/Unknown,shot,False,False,OR,Wolf Creek
2017-04-25,2017,4,April,Tuesday,24.0,18-25,M,,other,Car,gun,Armed,shot,False,False,NJ,Newark
2017-04-25,2017,4,April,Tuesday,53.0,46-55,M,H,attack,,gun,Armed,shot,True,True,TX,Fort Worth
2017-04-25,2017,4,April,Tuesday,20.0,18-25,M,H,other,Car,vehicle,Armed,shot,False,False,CA,Bellflower
2017-04-25,2017,4,April,Tuesday,27.0,26-35,M,B,other,Not fleeing,knife,Armed,shot and Tasered,False,False,GA,Lizella
2017-04-26,2017,4,April,Wednesday,57.0,56-65,M,B,other,Not fleeing,Taser,Armed,shot and Tasered,False,False,FL,Jacksonville
2017-04-26,2017,4,April,Wednesday,53.0,46-55,M,W,undetermined,,undetermined,Unarmed/Unknown,shot,False,False,PA,Lewistown
2017-04-26,2017,4,April,Wednesday,32.0,26-35,M,W,other,Car,vehicle,Armed,shot,False,False,OH,Columbus
2017-04-27,2017,4,April,Thursday,26.0,26-35,M,B,attack,Not fleeing,gun,Armed,shot,False,False,DE,Middletown
2017-04-27,2017,4,April,Thursday,53.0,46-55,M,W,attack,Not fleeing,gun,Armed,shot,False,False,SD,Rapid City
2017-04-28,2017,4,April,Friday,32.0,26-35,M,B,attack,Not fleeing,gun,Armed,shot,False,False,GA,Atlanta
2017-04-28,2017,4,April,Friday,25.0,18-25,M,H,attack,Not fleeing,gun,Armed,shot,False,False,CA,San Mateo
2017-04-29,2017,4,April,Saturday,15.0,<18,M,B,undetermined,Not fleeing,unarmed,Unarmed/Unknown,shot,False,True,TX,Balch Springs
2017-04-29,2017,4,April,Saturday,59.0,56-65,M,W,other,Not fleeing,crossbow,Armed,shot,False,False,HI,Papaaloa
2017-04-29,2017,4,April,Saturday,35.0,26-35,M,B,attack,Not fleeing,gun,Armed,shot,False,False,VA,Newport News
2017-04-29,2017,4,April,Saturday,33.0,26-35,M,,attack,Not fleeing,vehicle,Armed,shot,False,False,NM,Eldorado
2017-04-30,2017,4,April,Sunday,32.0,26-35,M,W,attack,Not fleeing,gun,Armed,shot,True,False,OK,Tom
2017-04-30,2017,4,April,Sunday,49.0,46-55,M,W,attack,Not fleeing,gun,Armed,shot,False,False,CA,University City
2017-04-30,2017,4,April,Sunday,46.0,46-55,M,B,attack,Not fleeing,gun,Armed,shot,False,False,MI,Detroit
2017-05-01,2017,5,May,Monday,25.0,18-25,M,W,attack,Not fleeing,gun,Armed,shot,False,False,TX,Conroe
2017-05-02,2017,5,May,Tuesday,48.0,46-55,M,B,attack,Not fleeing,knife,Armed,shot and Tasered,False,False,TX,Irving
2017-05-02,2017,5,May,Tuesday,20.0,18-25,M,H,other,Not fleeing,gun,Armed,shot,True,False,TX,Austin
2017-05-03,2017,5,May,Wednesday,,,M,,attack,Not fleeing,knife,Armed,shot,True,False,CA,San Jose
2017-05-03,2017,5,May,Wednesday,24.0,18-25,M,W,attack,Not fleeing,gun,Armed,shot,True,False,CA,San Jose
2017-05-03,2017,5,May,Wednesday,18.0,18-25,M,B,attack,Not fleeing,gun,Armed,shot,False,True,MI,Grand Rapids
2017-05-03,2017,5,May,Wednesday,67.0,66+,M,W,attack,Not fleeing,gun,Armed,shot,True,False,GA,Peachtree City
2017-05-03,2017,5,May,Wednesday,26.0,26-35,M,W,attack,Not fleeing,knife,Armed,shot,False,True,CA,San Francisco
2017-05-04,2017,5,May,Thursday,54.0,46-55,F,,other,Not fleeing,gun,Armed,shot,True,False,TX,Katy
2017-05-06,2017,5,May,Saturday,15.0,<18,M,W,attack,Not fleeing,toy weapon,Armed,shot,True,True,CA,San Diego
2017-05-07,2017,5,May,Sunday,62.0,56-65,M,W,other,Not fleeing,ax,Armed,shot,True,False,NV,Las Vegas
2017-05-07,2017,5,May,Sunday,24.0,18-25,M,B,attack,Foot,gun,Armed,shot,False,False,TX,Austin
2017-05-07,2017,5,May,Sunday,27.0,26-35,M,B,undetermined,Other,undetermined,Unarmed/Unknown,shot,False,False,AL,Phenix City
2017-05-07,2017,5,May,Sunday,26.0,26-35,M,H,attack,Foot,unarmed,Unarmed/Unknown,shot,False,False,NY,Buffalo
2017-05-08,2017,5,May,Monday,32.0,26-35,M,B,attack,Foot,rock,Armed,shot,True,False,CA,Rancho Cordova
2017-05-08,2017,5,May,Monday,29.0,26-35,M,W,attack,Not fleeing,gun,Armed,shot,False,False,CA,Los Angeles
2017-05-09,2017,5,May,Tuesday,16.0,<18,M,H,undetermined,Car,vehicle,Armed,shot,False,False,CT,Bridgeport
2017-05-09,2017,5,May,Tuesday,25.0,18-25,M,B,attack,Not fleeing,gun,Armed,shot,True,False,FL,Jacksonville
2017-05-09,2017,5,May,Tuesday,,,M,,attack,Not fleeing,gun,Armed,shot,False,False,CO,Westminster
2017-05-09,2017,5,May,Tuesday,39.0,36-45,M,W,other,Foot,unarmed,Unarmed/Unknown,shot,False,False,SC,Lexington
2017-05-09,2017,5,May,Tuesday,34.0,26-35,M,W,attack,Not fleeing,gun,Armed,shot,False,False,OH,Tiffin
2017-05-09,2017,5,May,Tuesday,36.0,36-45,M,W,attack,Not fleeing,toy weapon,Armed,shot,True,False,MI,Brighton Township
2017-05-10,2017,5,May,Wednesday,24.0,18-25,M,B,other,Foot,knife,Armed,shot,True,False,OR,Portland
2017-05-10,2017,5,May,Wednesday,50.0,46-55,F,B,attack,Not fleeing,gun,Armed,shot,False,False,MO,St. Louis
2017-05-10,2017,5,May,Wednesday,50.0,46-55,M,W,other,Car,vehicle,Armed,shot and Tasered,False,False,CA,Barona Indian Reservation
2017-05-11,2017,5,May,Thursday,,,M,H,attack,Not fleeing,gun,Armed,shot,False,False,TX,Arlington
2017-05-12,2017,5,May,Friday,51.0,46-55,M,B,other,Not fleeing,knife,Armed,shot and Tasered,False,False,PA,Philadelphia
2017-05-12,2017,5,May,Friday,30.0,26-35,M,W,attack,Not fleeing,gun,Armed,shot,True,False,MT,Billings
2017-05-12,2017,5,May,Friday,35.0,26-35,M,W,undetermined,,undetermined,Unarmed/Unknown,shot,False,False,AL,Baldwin County
2017-05-12,2017,5,May,Friday,46.0,46-55,M,W,attack,Car,gun,Armed,shot,False,False,FL,Jupiter
2017-05-13,2017,5,May,Saturday,37.0,36-45,M,W,attack,Foot,gun,Armed,shot,False,False,WI,West Allis
2017-05-13,2017,5,May,Saturday,41.0,36-45,M,B,attack,,gun,Armed,shot,False,False,MO,Columbia
2017-05-14,2017,5,May,Sunday,41.0,36-45,M,H,attack,Car,gun,Armed,shot,False,False,AZ,Kingman
2017-05-14,2017,5,May,Sunday,48.0,46-55,M,W,attack,Not fleeing,gun,Armed,shot,True,False,VA,Pulaski
2017-05-15,2017,5,May,Monday,27.0,26-35,F,B,other,Not fleeing,gun,Armed,shot,False,False,AZ,Phoenix
2017-05-15,2017,5,May,Monday,29.0,26-35,M,B,other,Not fleeing,gun,Armed,shot,False,False,VA,Richmond
2017-05-15,2017,5,May,Monday,47.0,46-55,M,W,attack,Other,gun,Armed,shot,True,False,TN,Johnson City
2017-05-15,2017,5,May,Monday,,,M,,attack,Other,undetermined,Unarmed/Unknown,shot,False,False,CA,Long Beach
2017-05-15,2017,5,May,Monday,34.0,26-35,M,,attack,Foot,knife,Armed,shot,False,False,CA,Del Mar
2017-05-15,2017,5,May,Monday,48.0,46-55,M,W,attack,Not fleeing,crossbow,Armed,shot,False,False,OK,Wewoka
2017-05-16,2017,5,May,Tuesday,41.0,36-45,F,W,attack,Not fleeing,gun,Armed,shot,False,False,DC,Washington
2017-05-16,2017,5,May,Tuesday,25.0,18-25,M,,other,,knife,Armed,shot,False,False,AZ,Tempe
2017-05-16,2017,5,May,Tuesday,24.0,18-25,M,H,attack,Not fleeing,gun,Armed,shot,True,False,CA,Tustin
2017-05-16,2017,5,May,Tuesday,38.0,36-45,M,W,attack,Car,gun,Armed,shot,False,False,MT,Three Forks
2017-05-17,2017,5,May,Wednesday,28.0,26-35,M,W,attack,Car,vehicle,Armed,shot,False,False,VA,Arlington
2017-05-20,2017,5,May,Saturday,47.0,46-55,M,W,other,Not fleeing,fireworks,Armed,shot,True,False,PA,Lower Mount Bethel
2017-05-20,2017,5,May,Saturday,65.0,56-65,M,W,attack,Not fleeing,gun,Armed,shot,False,False,ME,Belgrade
2017-05-20,2017,5,May,Saturday,58.0,56-65,M,W,attack,Not fleeing,toy weapon,Armed,shot,True,True,CA,Pleasanton
2017-05-21,2017,5,May,Sunday,33.0,26-35,M,B,attack,Not fleeing,gun,Armed,shot,False,False,WI,Appleton
2017-05-21,2017,5,May,Sunday,43.0,36-45,M,W,attack,Car,gun,Armed,shot,False,False,PA,Allentown
2017-05-21,2017,5,May,Sunday,24.0,18-25,M,B,other,Not fleeing,undetermined,Unarmed/Unknown,shot,False,False,LA,Converse
2017-05-21,2017,5,May,Sunday,37.0,36-45,M,H,attack,Not fleeing,unarmed,Unarmed/Unknown,shot,False,False,FL,Orlando
2017-05-22,2017,5,May,Monday,,,M,W,attack,Not fleeing,knife,Armed,shot,False,False,ID,Mountain Home
2017-05-23,2017,5,May,Tuesday,21.0,18-25,M,H,attack,Other,gun,Armed,shot and Tasered,False,False,AZ,Glendale
2017-05-23,2017,5,May,Tuesday,65.0,56-65,M,W,attack,Not fleeing,gun,Armed,shot,False,False,NV,Pahrump
2017-05-23,2017,5,May,Tuesday,59.0,56-65,M,W,other,Not fleeing,gun,Armed,shot,False,False,CA,San Francisco
2017-05-23,2017,5,May,Tuesday,74.0,66+,M,W,attack,Not fleeing,gun,Armed,shot,False,False,TN,Knoxville
2017-05-24,2017,5,May,Wednesday,24.0,18-25,M,W,attack,Not fleeing,unarmed,Unarmed/Unknown,shot,True,True,OH,Canton
2017-05-24,2017,5,May,Wednesday,,,M,H,attack,Not fleeing,gun,Armed,shot,False,False,CA,Los Angeles
2017-05-25,2017,5,May,Thursday,23.0,18-25,M,W,attack,Car,gun,Armed,shot,False,False,AK,Fairbanks
2017-05-26,2017,5,May,Friday,59.0,56-65,M,H,undetermined,Not fleeing,undetermined,Unarmed/Unknown,shot,False,False,NM,San Rafael
2017-05-26,2017,5,May,Friday,33.0,26-35,M,,attack,Not fleeing,gun,Armed,shot,True,False,MO,St. Louis
2017-05-26,2017,5,May,Friday,34.0,26-35,M,W,attack,Not fleeing,toy weapon,Armed,shot,True,False,AZ,Tucson
2017-05-27,2017,5,May,Saturday,30.0,26-35,M,W,other,Car,vehicle,Armed,shot,False,False,TN,Oneida
2017-05-27,2017,5,May,Saturday,,,M,,attack,Not fleeing,gun,Armed,shot,False,False,GA,Austell
2017-05-28,2017,5,May,Sunday,,,M,,attack,Car,gun,Armed,shot,False,False,FL,Miami
2017-05-28,2017,5,May,Sunday,22.0,18-25,M,B,attack,Not fleeing,gun,Armed,shot,False,False,NC,Cary
2017-05-28,2017,5,May,Sunday,35.0,26-35,M,,other,Not fleeing,ax,Armed,shot and Tasered,True,False,CA,San Jose
2017-05-29,2017,5,May,Monday,37.0,36-45,M,W,other,Not fleeing,gun,Armed,shot,False,False,ME,Arundel
2017-05-29,2017,5,May,Monday,20.0,18-25,M,H,attack,Car,vehicle,Armed,shot,False,True,CA,Vacaville
2017-05-29,2017,5,May,Monday,62.0,56-65,M,,attack,Not fleeing,gun,Armed,shot,True,False,WV,Gerrardstown
2017-05-30,2017,5,May,Tuesday,18.0,18-25,M,H,attack,Car,gun,Armed,shot,False,False,UT,Salt Lake City
2017-05-31,2017,5,May,Wednesday,24.0,18-25,M,W,attack,,vehicle,Armed,shot,False,False,CA,Hesperia
2017-05-31,2017,5,May,Wednesday,17.0,<18,M,W,other,Other,gun,Armed,shot,False,False,CO,Centennial
2017-06-01,2017,6,June,Thursday,27.0,26-35,M,H,attack,Not fleeing,gun,Armed,shot,True,False,NV,Las Vegas
2017-06-02,2017,6,June,Friday,51.0,46-55,M,W,attack,Car,vehicle,Armed,shot,False,False,FL,Yulee
2017-06-02,2017,6,June,Friday,29.0,26-35,M,B,attack,Not fleeing,gun,Armed,shot,False,False,AL,Abbeville
2017-06-02,2017,6,June,Friday,34.0,26-35,M,B,undetermined,Not fleeing,undetermined,Unarmed/Unknown,shot,False,False,MS,Petal
2017-06-02,2017,6,June,Friday,18.0,18-25,M,A,attack,Foot,gun,Armed,shot,False,False,OK,Tulsa
2017-06-02,2017,6,June,Friday,17.0,<18,M,B,attack,Not fleeing,gun,Armed,shot,False,False,IL,Chicago
2017-06-02,2017,6,June,Friday,55.0,46-55,M,H,attack,Not fleeing,gun,Armed,shot,False,False,TX,Laredo
2017-06-03,2017,6,June,Saturday,44.0,36-45,M,W,attack,Not fleeing,gun,Armed,shot,False,False,AZ,Avondale
2017-06-04,2017,6,June,Sunday,27.0,26-35,M,W,attack,,gun,Armed,shot,False,False,FL,Callahan
2017-06-04,2017,6,June,Sunday,66.0,66+,M,W,attack,Not fleeing,gun,Armed,shot,True,False,CA,Campo
2017-06-05,2017,6,June,Monday,45.0,36-45,M,W,attack,Car,gun,Armed,shot,False,False,KY,Bardstown
2017-06-05,2017,6,June,Monday,47.0,46-55,M,B,other,,gun,Armed,shot,False,False,FL,Miami
2017-06-05,2017,6,June,Monday,34.0,26-35,M,W,attack,Other,gun,Armed,shot,False,False,FL,Lakes Wales
2017-06-05,2017,6,June,Monday,37.0,36-45,M,B,other,,gun,Armed,shot,False,False,TX,San Antonio
2017-06-06,2017,6,June,Tuesday,54.0,46-55,M,W,attack,Not fleeing,gun,Armed,shot,False,False,ME,Orrington
2017-06-06,2017,6,June,Tuesday,50.0,46-55,M,,attack,Car,gun,Armed,shot,False,False,WA,Vancouver
2017-06-07,2017,6,June,Wednesday,21.0,18-25,M,H,attack,,gun,Armed,shot,False,True,CA,Fresno
2017-06-07,2017,6,June,Wednesday,21.0,18-25,M,W,attack,Not fleeing,gun,Armed,shot,False,False,MO,St. Louis
2017-06-07,2017,6,June,Wednesday,35.0,26-35,M,W,attack,Not fleeing,gun,Armed,shot,False,True,MD,Dundalk
2017-06-07,2017,6,June,Wednesday,75.0,66+,M,W,undetermined,,undetermined,Unarmed/Unknown,shot,True,False,NC,Hudson
2017-06-08,2017,6,June,Thursday,,,F,W,attack,Not fleeing,gun,Armed,shot,False,False,CA,Long Beach
2017-06-08,2017,6,June,Thursday,45.0,36-45,M,H,attack,Not fleeing,gun,Armed,shot,False,False,CA,Bakersfield
2017-06-08,2017,6,June,Thursday,30.0,26-35,M,B,other,Foot,gun,Armed,shot and Tasered,False,False,PA,Philadelphia
2017-06-08,2017,6,June,Thursday,48.0,46-55,M,W,attack,,gun,Armed,shot,False,False,CO,Loveland
2017-06-08,2017,6,June,Thursday,58.0,56-65,M,W,attack,Not fleeing,gun,Armed,shot,True,False,OK,Roland
2017-06-09,2017,6,June,Friday,29.0,26-35,M,B,other,Not fleeing,knife,Armed,shot and Tasered,True,False,OK,Tulsa
2017-06-09,2017,6,June,Friday,44.0,36-45,M,H,attack,Car,gun,Armed,shot,False,False,IL,Lyons
2017-06-09,2017,6,June,Friday,82.0,66+,M,W,attack,,gun,Armed,shot,True,False,FL,Miami
2017-06-10,2017,6,June,Saturday,,,M,,undetermined,Car,undetermined,Unarmed/Unknown,shot,False,False,WA,Auburn
2017-06-10,2017,6,June,Saturday,53.0,46-55,M,W,other,Not fleeing,gun,Armed,shot,False,False,IA,North English
2017-06-10,2017,6,June,Saturday,60.0,56-65,M,W,other,Not fleeing,knife,Armed,shot,True,False,TX,Abilene
2017-06-11,2017,6,June,Sunday,19.0,18-25,M,B,other,Car,undetermined,Unarmed/Unknown,shot,False,False,WI,Milwaukee
2017-06-12,2017,6,June,Monday,45.0,36-45,M,H,other,Not fleeing,knife,Armed,shot and Tasered,False,False,CA,Selma
2017-06-12,2017,6,June,Monday,63.0,56-65,M,H,attack,Not fleeing,gun,Armed,shot,False,False,TX,Plano
2017-06-12,2017,6,June,Monday,50.0,46-55,M,W,attack,Not fleeing,gun,Armed,shot,False,False,KY,Trosper
2017-06-12,2017,6,June,Monday,35.0,26-35,M,W,other,Not fleeing,gun,Armed,shot,False,False,LA,Cade
2017-06-13,2017,6,June,Tuesday,24.0,18-25,M,W,attack,Foot,gun,Armed,shot,False,False,IL,Jerseyville
2017-06-13,2017,6,June,Tuesday,36.0,36-45,M,W,other,Not fleeing,gun,Armed,shot,False,False,NH,Hampton
2017-06-13,2017,6,June,Tuesday,35.0,26-35,M,B,other,Not fleeing,gun,Armed,shot,False,False,LA,Baton Rouge
2017-06-13,2017,6,June,Tuesday,33.0,26-35,M,B,attack,Not fleeing,gun,Armed,shot,False,False,MO,St Louis
2017-06-14,2017,6,June,Wednesday,20.0,18-25,M,A,attack,Not fleeing,pen,Armed,shot and Tasered,False,False,WA,Burien
2017-06-14,2017,6,June,Wednesday,66.0,66+,M,W,attack,Not fleeing,gun,Armed,shot,False,False,VA,Alexandria
2017-06-14,2017,6,June,Wednesday,54.0,46-55,M,W,other,Not fleeing,knife,Armed,shot,True,False,TN,Somerville
2017-06-15,2017,6,June,Thursday,40.0,36-45,M,W,undetermined,Car,gun,Armed,shot,False,False,NH,Newton
2017-06-16,2017,6,June,Friday,41.0,36-45,M,W,attack,Car,gun,Armed,shot,False,False,MS,Water Valley
2017-06-16,2017,6,June,Friday,30.0,26-35,M,,other,Not fleeing,gun,Armed,shot,False,True,CA,Rialto
2017-06-16,2017,6,June,Friday,32.0,26-35,M,H,other,Not fleeing,machete,Armed,shot,True,False,CA,Madera
2017-06-16,2017,6,June,Friday,24.0,18-25,F,,undetermined,Car,undetermined,Unarmed/Unknown,shot,False,False,MS,Water Valley
2017-06-16,2017,6,June,Friday,37.0,36-45,M,W,other,Foot,gun,Armed,shot,False,False,CA,Antioch
2017-06-17,2017,6,June,Saturday,28.0,26-35,F,,other,Not fleeing,vehicle,Armed,shot,False,False,CA,Montebello
2017-06-17,2017,6,June,Saturday,48.0,46-55,M,,attack,Not fleeing,gun,Armed,shot,False,False,SD,Rapid City
2017-06-18,2017,6,June,Sunday,30.0,26-35,F,B,other,Not fleeing,knife,Armed,shot,True,False,WA,Seattle
2017-06-18,2017,6,June,Sunday,64.0,56-65,M,W,other,Not fleeing,gun,Armed,shot,True,False,WI,Waukesha
2017-06-19,2017,6,June,Monday,21.0,18-25,M,N,attack,Foot,gun,Armed,shot,True,False,AK,Fairbanks
2017-06-19,2017,6,June,Monday,28.0,26-35,M,W,other,Not fleeing,gun,Armed,shot,False,False,TX,Dallas
2017-06-20,2017,6,June,Tuesday,,,M,,other,Not fleeing,knife,Armed,shot and Tasered,False,False,NV,Las Vegas
2017-06-20,2017,6,June,Tuesday,,,M,,attack,Other,toy weapon,Armed,shot,False,False,CA,South Gate
2017-06-20,2017,6,June,Tuesday,40.0,36-45,M,W,attack,Car,gun,Armed,shot,False,False,TN,Franklin
2017-06-20,2017,6,June,Tuesday,32.0,26-35,M,W,attack,Other,gun,Armed,shot,True,False,OH,St. Clair Township
2017-06-20,2017,6,June,Tuesday,50.0,46-55,M,W,other,Not fleeing,gun,Armed,shot,True,False,KS,Lehigh
2017-06-21,2017,6,June,Wednesday,33.0,26-35,M,W,undetermined,Car,vehicle,Armed,shot,False,False,MO,Nevada
2017-06-21,2017,6,June,Wednesday,37.0,36-45,M,,other,Not fleeing,knife,Armed,shot,False,False,OK,Millerton
2017-06-22,2017,6,June,Thursday,17.0,<18,M,H,other,Not fleeing,unarmed,Unarmed/Unknown,shot,False,False,CA,Palmdale
2017-06-23,2017,6,June,Friday,20.0,18-25,M,,attack,Not fleeing,gun,Armed,shot,False,False,CA,Hollywood Hills
2017-06-23,2017,6,June,Friday,34.0,26-35,M,H,attack,Car,vehicle,Armed,shot,False,False,AZ,Phoenix
2017-06-24,2017,6,June,Saturday,37.0,36-45,M,W,attack,Car,gun,Armed,shot,True,False,OR,Florence
2017-06-24,2017,6,June,Saturday,,,M,,undetermined,Not fleeing,undetermined,Unarmed/Unknown,shot,False,False,AL,Deer Park
2017-06-24,2017,6,June,Saturday,47.0,46-55,M,W,attack,Foot,gun,Armed,shot,False,False,OK,Tulsa
2017-06-24,2017,6,June,Saturday,20.0,18-25,M,B,other,Car,vehicle,Armed,shot,False,False,WA,Kent
2017-06-25,2017,6,June,Sunday,56.0,56-65,M,B,undetermined,Foot,gun,Armed,shot,False,False,SC,North Charleston
2017-06-25,2017,6,June,Sunday,24.0,18-25,M,B,attack,Not fleeing,gun,Armed,shot,False,True,OK,Oklahoma City
2017-06-25,2017,6,June,Sunday,47.0,46-55,M,W,attack,Not fleeing,gun,Armed,shot,False,False,AZ,Phoenix
2017-06-25,2017,6,June,Sunday,,,M,,attack,Not fleeing,gun,Armed,shot,False,False,NV,Las Vegas
2017-06-26,2017,6,June,Monday,36.0,36-45,M,,attack,Not fleeing,gun,Armed,shot,True,False,NM,Rowe
2017-06-27,2017,6,June,Tuesday,35.0,26-35,M,,attack,Foot,gun,Armed,shot and Tasered,False,False,TX,Amarillo
2017-06-28,2017,6,June,Wednesday,,,M,,attack,Not fleeing,gun,Armed,shot,True,True,CA,Los Angeles
2017-06-28,2017,6,June,Wednesday,37.0,36-45,M,B,attack,Not fleeing,screwdriver,Armed,shot,False,False,TN,Nashville
2017-06-29,2017,6,June,Thursday,45.0,36-45,M,B,other,Car,unarmed,Unarmed/Unknown,shot,False,False,IN,Indianapolis
2017-06-29,2017,6,June,Thursday,,,M,,undetermined,Not fleeing,undetermined,Unarmed/Unknown,shot,False,False,CA,Burbank
2017-06-29,2017,6,June,Thursday,23.0,18-25,M,,other,Not fleeing,vehicle,Armed,shot,False,False,GA,Marietta
2017-06-29,2017,6,June,Thursday,37.0,36-45,M,,other,Not fleeing,Taser,Armed,shot,False,False,FL,Deltona
2017-06-30,2017,6,June,Friday,,,F,,attack,Car,gun,Armed,shot,False,False,CO,Denver
2017-06-30,2017,6,June,Friday,23.0,18-25,M,,attack,Foot,undetermined,Unarmed/Unknown,shot,False,False,CO,Loveland
2017-06-30,2017,6,June,Friday,33.0,26-35,M,H,other,Foot,gun,Armed,shot,False,False,CO,Westminster
2017-07-01,2017,7,July,Saturday,23.0,18-25,M,H,other,Not fleeing,gun,Armed,shot,False,True,AZ,Glendale
2017-07-01,2017,7,July,Saturday,37.0,36-45,M,B,other,Not fleeing,gun,Armed,shot,False,True,IL,Lawndale
2017-07-01,2017,7,July,Saturday,19.0,18-25,M,,undetermined,,unknown weapon,Armed,shot,False,True,CO,Fort Collins
2017-07-02,2017,7,July,Sunday,,,M,,attack,Not fleeing,gun,Armed,shot,False,False,VA,Norfolk
2017-07-03,2017,7,July,Monday,53.0,46-55,M,,other,Not fleeing,gun,Armed,shot,False,True,WA,Spokane
2017-07-03,2017,7,July,Monday,,,M,,attack,Not fleeing,gun,Armed,shot,True,False,IN,Fishers
2017-07-03,2017,7,July,Monday,,,M,,attack,Foot,gun,Armed,shot,False,False,OR,Portland
2017-07-03,2017,7,July,Monday,45.0,36-45,M,,undetermined,Not fleeing,gun,Armed,shot,False,False,GA,Bonaire
2017-07-04,2017,7,July,Tuesday,,,M,,undetermined,Not fleeing,gun,Armed,shot,False,False,CO,Federal Heights
2017-07-04,2017,7,July,Tuesday,28.0,26-35,M,,undetermined,Other,gun,Armed,shot,False,False,NM,Albuquerque
2017-07-04,2017,7,July,Tuesday,36.0,36-45,M,B,attack,Not fleeing,knife,Armed,shot,False,False,OH,Vandalia
2017-07-04,2017,7,July,Tuesday,32.0,26-35,M,,undetermined,Car,vehicle,Armed,shot,True,False,UT,Centerville
2017-07-04,2017,7,July,Tuesday,39.0,36-45,M,,attack,Not fleeing,gun,Armed,shot,True,False,IL,Belleville
2017-07-04,2017,7,July,Tuesday,46.0,46-55,M,,other,Not fleeing,gun,Armed,shot,False,False,WA,Richland
2017-07-05,2017,7,July,Wednesday,34.0,26-35,M,B,attack,Foot,gun,Armed,shot,False,False,NY,New York
2017-07-05,2017,7,July,Wednesday,29.0,26-35,F,W,attack,Foot,gun,Armed,shot,False,True,IA,Des Moines
2017-07-05,2017,7,July,Wednesday,53.0,46-55,M,,undetermined,Not fleeing,undetermined,Unarmed/Unknown,shot,False,False,IL,Maeystown
2017-07-05,2017,7,July,Wednesday,45.0,36-45,M,W,attack,Not fleeing,gun,Armed,shot,False,False,OK,Sallisaw
2017-07-05,2017,7,July,Wednesday,24.0,18-25,M,H,undetermined,Foot,undetermined,Unarmed/Unknown,shot,False,False,CA,Vista
2017-07-05,2017,7,July,Wednesday,51.0,46-55,M,W,attack,,gun,Armed,shot,False,False,ME,Madison
2017-07-06,2017,7,July,Thursday,35.0,26-35,M,,other,Car,vehicle,Armed,shot,False,False,FL,Plant City
2017-07-06,2017,7,July,Thursday,27.0,26-35,M,,undetermined,,undetermined,Unarmed/Unknown,shot,False,False,LA,Mamou
2017-07-07,2017,7,July,Friday,33.0,26-35,M,B,undetermined,Not fleeing,,Unknown,shot,True,False,GA,Marietta
2017-07-07,2017,7,July,Friday,,,M,,attack,Car,gun,Armed,shot,False,False,AL,Huntsville
2017-07-07,2017,7,July,Friday,30.0,26-35,M,,undetermined,Not fleeing,gun,Armed,shot,False,True,OH,Columbus
2017-07-08,2017,7,July,Saturday,22.0,18-25,M,,other,Not fleeing,knife,Armed,shot,True,False,WA,Lacey
2017-07-08,2017,7,July,Saturday,,,M,,other,Not fleeing,knife,Armed,shot,True,False,FL,Crescent City
2017-07-08,2017,7,July,Saturday,50.0,46-55,F,W,attack,Not fleeing,gun,Armed,shot,False,False,NC,Newton Grove
2017-07-09,2017,7,July,Sunday,28.0,26-35,M,,attack,Not fleeing,gun,Armed,shot,False,False,OH,Uniontown
2017-07-09,2017,7,July,Sunday,34.0,26-35,M,,attack,Not fleeing,gun,Armed,shot,False,False,WA,Bainbridge Island
2017-07-09,2017,7,July,Sunday,24.0,18-25,M,,attack,Foot,gun,Armed,shot,False,False,IL,Chicago
2017-07-09,2017,7,July,Sunday,54.0,46-55,M,,attack,Not fleeing,gun,Armed,shot,False,False,OH,Akron
2017-07-10,2017,7,July,Monday,26.0,26-35,M,,attack,Not fleeing,vehicle,Armed,shot,False,False,MD,Mt Airy
2017-07-10,2017,7,July,Monday,39.0,36-45,M,,attack,Car,gun,Armed,shot,False,False,MN,North Branch
2017-07-11,2017,7,July,Tuesday,34.0,26-35,M,W,other,Car,gun,Armed,shot,True,False,WI,Milwaukee
2017-07-11,2017,7,July,Tuesday,27.0,26-35,M,,undetermined,,knife,Armed,shot,True,True,NV,Las Vegas
2017-07-11,2017,7,July,Tuesday,48.0,46-55,M,,other,Not fleeing,gun,Armed,shot,False,False,MO,Poplar Bluff
2017-07-11,2017,7,July,Tuesday,47.0,46-55,M,B,undetermined,Not fleeing,undetermined,Unarmed/Unknown,shot,False,False,KS,Leavenworth
2017-07-11,2017,7,July,Tuesday,,,M,,attack,Foot,gun,Armed,shot,False,False,AZ,Golden Valley
2017-07-12,2017,7,July,Wednesday,33.0,26-35,M,,attack,Not fleeing,gun,Armed,shot,False,False,OK,Oklahoma City
2017-07-12,2017,7,July,Wednesday,40.0,36-45,M,,undetermined,,,Unknown,shot,False,False,SC,Lake View
2017-07-12,2017,7,July,Wednesday,,,M,,other,Not fleeing,blunt object,Armed,shot,False,False,CA,Grover Beach
2017-07-13,2017,7,July,Thursday,55.0,46-55,M,W,undetermined,,gun,Armed,shot,False,False,AZ,Pima
2017-07-13,2017,7,July,Thursday,56.0,56-65,M,,other,Not fleeing,knife,Armed,shot,True,False,FL,Crystal Springs
2017-07-13,2017,7,July,Thursday,42.0,36-45,M,,attack,Not fleeing,knife,Armed,shot,False,False,AZ,Goodyear
2017-07-14,2017,7,July,Friday,34.0,26-35,M,,attack,Not fleeing,gun,Armed,shot,False,True,SC,Greenville
2017-07-15,2017,7,July,Saturday,29.0,26-35,M,,undetermined,Foot,undetermined,Unarmed/Unknown,shot,False,False,CA,Los Angeles
2017-07-15,2017,7,July,Saturday,40.0,36-45,F,W,undetermined,Not fleeing,unarmed,Unarmed/Unknown,shot,False,False,MN,Minneapolis
2017-07-15,2017,7,July,Saturday,23.0,18-25,M,,other,Not fleeing,gun,Armed,shot,True,False,CA,Moreno Valley
2017-07-15,2017,7,July,Saturday,,,M,,attack,Foot,gun,Armed,shot,False,False,TX,Arlington
2017-07-17,2017,7,July,Monday,25.0,18-25,F,,attack,Not fleeing,gun,Armed,shot,False,False,VA,Norfolk
2017-07-17,2017,7,July,Monday,52.0,46-55,M,,attack,Not fleeing,gun,Armed,shot,False,False,NM,Las Cruces
2017-07-17,2017,7,July,Monday,43.0,36-45,M,,attack,Car,gun,Armed,shot,False,False,VA,Culpeper
2017-07-17,2017,7,July,Monday,37.0,36-45,M,H,attack,Not fleeing,gun,Armed,shot,False,False,TX,San Antonio
2017-07-18,2017,7,July,Tuesday,32.0,26-35,M,W,attack,Not fleeing,gun,Armed,shot,False,False,AL,Clay
2017-07-18,2017,7,July,Tuesday,70.0,66+,M,,other,Not fleeing,gun,Armed,shot,True,False,OR,Springfield
2017-07-18,2017,7,July,Tuesday,36.0,36-45,M,,other,Not fleeing,gun,Armed,shot,False,False,AZ,Eagar
2017-07-19,2017,7,July,Wednesday,24.0,18-25,M,,attack,Not fleeing,gun,Armed,shot,False,False,CA,Fair Oaks
2017-07-19,2017,7,July,Wednesday,24.0,18-25,M,,other,Not fleeing,knife,Armed,shot,False,False,NM,Santa Fe
2017-07-19,2017,7,July,Wednesday,38.0,36-45,M,,attack,Not fleeing,unarmed,Unarmed/Unknown,shot,False,False,MI,Saginaw
2017-07-20,2017,7,July,Thursday,52.0,46-55,M,W,attack,Not fleeing,gun,Armed,shot,False,False,MO,Neosho
2017-07-20,2017,7,July,Thursday,27.0,26-35,M,B,attack,Car,gun,Armed,shot,False,False,MO,St. Louis
2017-07-21,2017,7,July,Friday,22.0,18-25,M,,other,Not fleeing,knife,Armed,shot,False,False,CA,Santa Ana
2017-07-21,2017,7,July,Friday,42.0,36-45,M,,attack,Foot,gun,Armed,shot,False,False,TX,Mission
2017-07-23,2017,7,July,Sunday,49.0,46-55,M,W,attack,Car,toy weapon,Armed,shot,False,False,MA,Spencer
2017-07-23,2017,7,July,Sunday,59.0,56-65,M,W,attack,Not fleeing,gun,Armed,shot,True,False,WI,Eau Claire
2017-07-23,2017,7,July,Sunday,41.0,36-45,M,H,attack,Not fleeing,gun,Armed,shot,False,False,MS,Southaven
2017-07-23,2017,7,July,Sunday,34.0,26-35,M,W,attack,Not fleeing,knife,Armed,shot,False,True,CA,Chico
2017-07-24,2017,7,July,Monday,31.0,26-35,M,W,attack,Car,gun,Armed,shot,True,False,MO,St. Louis
2017-07-25,2017,7,July,Tuesday,23.0,18-25,M,W,other,Foot,ax,Armed,shot,True,False,VA,Richmond
2017-07-25,2017,7,July,Tuesday,28.0,26-35,M,W,attack,Car,gun,Armed,shot,False,False,FL,Jacksonville
2017-07-25,2017,7,July,Tuesday,33.0,26-35,M,,attack,Not fleeing,gun,Armed,shot,True,False,AZ,Avondale
2017-07-25,2017,7,July,Tuesday,16.0,<18,M,B,undetermined,Not fleeing,undetermined,Unarmed/Unknown,shot,False,False,AR,Marion
2017-07-26,2017,7,July,Wednesday,35.0,26-35,M,,attack,Other,gun,Armed,shot,False,False,AZ,Phoenix
2017-07-26,2017,7,July,Wednesday,,,M,,attack,Not fleeing,gun,Armed,shot,False,False,TX,San Antonio
2017-07-26,2017,7,July,Wednesday,62.0,56-65,F,,attack,Not fleeing,knife,Armed,shot,True,False,FL,Vero Beach
2017-07-26,2017,7,July,Wednesday,25.0,18-25,M,B,attack,Car,vehicle,Armed,shot,False,False,OH,Dayton
2017-07-27,2017,7,July,Thursday,46.0,46-55,M,,other,Not fleeing,gun,Armed,shot,False,False,CA,Los Angeles
2017-07-27,2017,7,July,Thursday,39.0,36-45,M,B,attack,Car,gun,Armed,shot,False,False,LA,Homer
2017-07-27,2017,7,July,Thursday,25.0,18-25,M,,attack,Not fleeing,blunt object,Armed,shot,False,False,CA,Avenal
2017-07-27,2017,7,July,Thursday,31.0,26-35,M,,other,Not fleeing,knife,Armed,shot,False,False,WA,Wenatchee
2017-07-27,2017,7,July,Thursday,,,M,H,attack,Not fleeing,knife,Armed,shot,False,False,CA,Chowchilla
2017-07-28,2017,7,July,Friday,32.0,26-35,M,,other,Not fleeing,knife,Armed,shot,True,False,NY,Glenville
2017-07-28,2017,7,July,Friday,31.0,26-35,M,,attack,Not fleeing,gun,Armed,shot,False,False,MO,Kansas City
2017-07-28,2017,7,July,Friday,,,M,,attack,Car,vehicle,Armed,shot,False,False,NM,Albuquerque
2017-07-29,2017,7,July,Saturday,48.0,46-55,M,,attack,Car,gun,Armed,shot,False,False,ID,Melba
2017-07-31,2017,7,July,Monday,28.0,26-35,M,B,attack,Car,vehicle,Armed,shot,False,True,WI,Oshkosh
2017-07-31,2017,7,July,Monday,32.0,26-35,M,B,attack,Not fleeing,knife,Armed,shot,True,False,NY,Brooklyn
