date,year,month,age,age_group,gender,race,threat_level,flee,armed,armed_status,manner_of_death,signs_of_mental_illness,body_camera,state,city
2015-01-02,2015,1,53.0,46-55,M,A,attack,Not fleeing,gun,Armed,shot,True,False,WA,Shelton
2015-01-02,2015,1,47.0,46-55,M,W,attack,Not fleeing,gun,Armed,shot,False,False,OR,Aloha
2015-01-03,2015,1,23.0,18-25,M,H,other,Not fleeing,unarmed,Unarmed/Unknown,shot and Tasered,False,False,KS,Wichita
2015-01-04,2015,1,32.0,26-35,M,W,attack,Not fleeing,toy weapon,Armed,shot,True,False,CA,San Francisco
2015-01-04,2015,1,39.0,36-45,M,H,attack,Not fleeing,nail gun,Armed,shot,False,False,CO,Evans
2015-01-04,2015,1,18.0,18-25,M,W,attack,Not fleeing,gun,Armed,shot,False,False,OK,Guthrie
2015-01-05,2015,1,22.0,18-25,M,H,attack,Car,gun,Armed,shot,False,False,AZ,Chandler
2015-01-06,2015,1,35.0,26-35,M,W,attack,Not fleeing,gun,Armed,shot,False,False,KS,Assaria
2015-01-06,2015,1,34.0,26-35,F,W,other,Not fleeing,unarmed,Unarmed/Unknown,shot,False,True,IA,Burlington
2015-01-06,2015,1,47.0,46-55,M,B,attack,Not fleeing,toy weapon,Armed,shot,False,False,PA,Knoxville
2015-01-06,2015,1,25.0,18-25,M,W,attack,Not fleeing,knife,Armed,shot and Tasered,False,False,CA,Stockton
2015-01-07,2015,1,31.0,26-35,M,B,attack,Not fleeing,gun,Armed,shot,False,False,TX,Freeport
2015-01-07,2015,1,41.0,36-45,M,B,other,Not fleeing,knife,Armed,shot,True,False,OH,Columbus
2015-01-07,2015,1,30.0,26-35,M,W,attack,Car,gun,Armed,shot,False,False,IA,Des Moines
2015-01-07,2015,1,37.0,36-45,M,B,attack,Foot,gun,Armed,shot,False,True,LA,New Orleans
2015-01-08,2015,1,28.0,26-35,M,W,undetermined,Not fleeing,vehicle,Armed,shot,False,False,MT,Huntley
2015-01-08,2015,1,42.0,36-45,M,W,attack,Not fleeing,shovel,Armed,shot,False,True,UT,Salt Lake City
2015-01-08,2015,1,36.0,36-45,M,B,attack,Not fleeing,unarmed,Unarmed/Unknown,shot,False,False,AR,Strong
2015-01-08,2015,1,49.0,46-55,M,W,attack,Not fleeing,gun,Armed,shot,False,True,UT,Syracuse
2015-01-09,2015,1,71.0,66+,M,W,attack,Not fleeing,gun,Armed,shot,False,False,AR,England
2015-01-09,2015,1,33.0,26-35,M,H,attack,Not fleeing,gun,Armed,shot,False,False,TX,El Paso
2015-01-11,2015,1,39.0,36-45,M,W,attack,Not fleeing,gun,Armed,shot,True,False,IL,Arcola
2015-01-11,2015,1,23.0,18-25,M,H,attack,Not fleeing,gun,Armed,shot,False,False,CA,South Gate
2015-01-11,2015,1,29.0,26-35,M,H,attack,Foot,gun,Armed,shot and Tasered,False,False,NV,North Las Vegas
2015-01-13,2015,1,34.0,26-35,M,W,attack,Foot,gun,Armed,shot,False,True,NM,Albuquerque
2015-01-13,2015,1,43.0,36-45,M,W,other,Not fleeing,knife,Armed,shot,True,False,TX,Jourdanton
2015-01-14,2015,1,24.0,18-25,M,B,attack,Not fleeing,vehicle,Armed,shot,False,False,MN,St. Paul
2015-01-14,2015,1,29.0,26-35,M,W,attack,Not fleeing,vehicle,Armed,shot,False,False,MO,Franklin County
2015-01-14,2015,1,34.0,26-35,M,B,attack,Not fleeing,gun,Armed,shot,True,False,VA,Chesapeake
2015-01-14,2015,1,75.0,66+,M,W,attack,Not fleeing,knife,Armed,shot,False,False,NJ,Old Bridge
2015-01-14,2015,1,68.0,66+,M,W,attack,Not fleeing,gun,Armed,shot,False,False,TX,Lake Jackson
2015-01-14,2015,1,34.0,26-35,M,W,attack,Not fleeing,knife,Armed,shot,False,True,UT,Draper
2015-01-15,2015,1,27.0,26-35,M,B,attack,Foot,gun,Armed,shot,False,False,IN,Indianapolis
2015-01-15,2015,1,39.0,36-45,M,B,attack,Not fleeing,gun,Armed,shot,False,False,CO,Aurora
2015-01-15,2015,1,24.0,18-25,M,W,attack,Not fleeing,gun,Armed,shot,True,False,MN,Bloomington
2015-01-15,2015,1,36.0,36-45,M,H,other,Not fleeing,knife,Armed,shot,True,False,CA,Fairfield
2015-01-15,2015,1,33.0,26-35,M,W,attack,Not fleeing,gun,Armed,shot,False,False,LA,Evangeline Parish
2015-01-16,2015,1,41.0,36-45,M,W,attack,Car,gun,Armed,shot,False,False,TX,Mabank
2015-01-16,2015,1,48.0,46-55,M,O,other,Not fleeing,knife,Armed,shot and Tasered,False,False,CA,Fremont
2015-01-17,2015,1,21.0,18-25,M,B,attack,Foot,gun,Armed,shot,False,True,OK,Muskogee
2015-01-17,2015,1,24.0,18-25,M,H,attack,Not fleeing,gun,Armed,shot,False,False,CA,Los Angeles
2015-01-17,2015,1,27.0,26-35,M,H,attack,Not fleeing,knife,Armed,shot,False,False,TX,Fort Worth
2015-01-18,2015,1,32.0,26-35,M,W,attack,Not fleeing,gun,Armed,shot,True,False,AZ,Maricopa
2015-01-18,2015,1,67.0,66+,M,W,attack,Not fleeing,gun,Armed,shot and Tasered,True,False,KY,Gunlock
2015-01-19,2015,1,49.0,46-55,M,W,attack,Not fleeing,knife,Armed,shot,False,False,MA,Weymouth
2015-01-20,2015,1,42.0,36-45,M,B,other,Car,vehicle,Armed,shot,False,False,AZ,Scottsdale
2015-01-21,2015,1,36.0,36-45,M,W,attack,Not fleeing,gun,Armed,shot,False,False,CA,Hemet
2015-01-21,2015,1,36.0,36-45,M,H,attack,Foot,gun,Armed,shot,False,False,TX,Chapeno
2015-01-21,2015,1,19.0,18-25,M,B,attack,Not fleeing,gun,Armed,shot,False,False,MO,St. Louis
2015-01-21,2015,1,54.0,46-55,M,W,attack,Not fleeing,gun,Armed,shot,True,False,NH,Derry
2015-01-22,2015,1,25.0,18-25,M,B,attack,Car,toy weapon,Armed,shot,False,False,TX,Sierra Blanca
2015-01-22,2015,1,17.0,<18,F,W,other,Not fleeing,knife,Armed,shot and Tasered,True,False,TX,Longview
2015-01-23,2015,1,61.0,56-65,M,W,attack,Not fleeing,gun,Armed,shot,True,False,TX,Austin
2015-01-23,2015,1,29.0,26-35,M,B,other,Not fleeing,vehicle,Armed,shot,False,False,FL,Fort Lauderdale
2015-01-23,2015,1,56.0,56-65,M,H,other,Not fleeing,knife,Armed,shot,False,False,TX,Levelland
2015-01-24,2015,1,40.0,36-45,M,W,attack,Not fleeing,gun,Armed,shot,False,False,TX,Fort Worth
2015-01-24,2015,1,45.0,36-45,M,W,attack,Not fleeing,gun,Armed,shot,False,False,ID,Rexburg
2015-01-24,2015,1,26.0,26-35,M,B,other,Not fleeing,knife,Armed,shot,True,False,MD,Baltimore
2015-01-25,2015,1,26.0,26-35,M,H,attack,Car,gun,Armed,shot,False,False,CO,Pueblo
2015-01-25,2015,1,59.0,56-65,M,,attack,Not fleeing,gun,Armed,shot,False,False,NJ,Winslow
2015-01-26,2015,1,17.0,<18,F,H,other,Not fleeing,vehicle,Armed,shot,False,False,CO,Denver
2015-01-26,2015,1,68.0,66+,M,W,attack,Not fleeing,gun,Armed,shot,True,False,MN,New Hope
2015-01-26,2015,1,24.0,18-25,M,H,other,Car,unarmed,Unarmed/Unknown,shot,False,False,TX,Tahoka
2015-01-26,2015,1,34.0,26-35,M,H,other,Not fleeing,knife,Armed,shot,True,False,CA,Wasco
2015-01-27,2015,1,26.0,26-35,M,N,other,Not fleeing,vehicle,Armed,shot,False,False,AZ,Phoenix
2015-01-27,2015,1,29.0,26-35,M,W,attack,Not fleeing,gun,Armed,shot,False,False,AZ,Morenci
2015-01-27,2015,1,33.0,26-35,M,B,attack,Not fleeing,gun,Armed,shot,False,False,OH,Columbus
2015-01-27,2015,1,39.0,36-45,F,W,attack,Not fleeing,knife,Armed,shot,True,False,NE,Omaha
2015-01-28,2015,1,45.0,36-45,M,W,attack,Not fleeing,gun,Armed,shot,False,False,TX,Sunset
2015-01-28,2015,1,35.0,26-35,M,A,attack,Not fleeing,hammer,Armed,shot and Tasered,True,False,CA,Stockton
2015-01-28,2015,1,26.0,26-35,M,W,attack,Not fleeing,gun,Armed,shot,False,False,TX,Rosenberg
2015-01-29,2015,1,42.0,36-45,M,W,other,Foot,unarmed,Unarmed/Unknown,shot,False,False,OK,Stillwater
2015-01-29,2015,1,31.0,26-35,M,W,attack,Not fleeing,gun,Armed,shot,True,False,MI,Wyoming
2015-01-30,2015,1,48.0,46-55,M,W,attack,Foot,gun,Armed,shot,False,False,MT,Billings
2015-01-31,2015,1,31.0,26-35,M,H,attack,Not fleeing,gun,Armed,shot,False,False,TX,Houston
2015-01-31,2015,1,54.0,46-55,M,B,other,Not fleeing,knife,Armed,shot and Tasered,True,False,MD,Randallstown
2015-02-02,2015,2,17.0,<18,M,W,attack,Not fleeing,gun,Armed,shot,False,False,MI,Bay City
2015-02-02,2015,2,59.0,56-65,M,W,other,Foot,unarmed,Unarmed/Unknown,shot,False,False,PA,Hummelstown
2015-02-02,2015,2,42.0,36-45,M,W,attack,Not fleeing,gun,Armed,shot,True,False,CA,Apple Valley
2015-02-03,2015,2,23.0,18-25,M,B,attack,Foot,gun,Armed,shot,False,False,MO,St. Louis
2015-02-03,2015,2,38.0,36-45,F,B,attack,Car,gun,Armed,shot,False,False,CA,Emeryville
2015-02-03,2015,2,29.0,26-35,M,B,other,Not fleeing,knife,Armed,shot,True,False,CA,Antioch
2015-02-03,2015,2,45.0,36-45,M,W,attack,Not fleeing,gun,Armed,shot,True,False,GA,Douglas
2015-02-04,2015,2,28.0,26-35,M,B,attack,Not fleeing,unarmed,Unarmed/Unknown,shot,False,False,FL,Tallahassee
2015-02-04,2015,2,37.0,36-45,M,H,attack,Not fleeing,gun,Armed,shot,False,False,FL,Orlando
2015-02-04,2015,2,28.0,26-35,M,H,attack,Car,gun,Armed,shot,False,False,AZ,Tempe
2015-02-04,2015,2,28.0,26-35,M,H,other,Not fleeing,unarmed,Unarmed/Unknown,shot,False,False,AZ,Tempe
2015-02-04,2015,2,51.0,46-55,M,B,attack,Car,gun,Armed,shot,False,False,TX,Lorena
2015-02-04,2015,2,36.0,36-45,M,B,other,Not fleeing,knife,Armed,shot,False,False,TN,Memphis
2015-02-05,2015,2,59.0,56-65,M,W,other,Car,gun,Armed,shot,False,False,CA,Chino
2015-02-06,2015,2,25.0,18-25,M,B,attack,Not fleeing,gun,Armed,shot,False,False,OK,Oklahoma City
2015-02-07,2015,2,26.0,26-35,M,W,attack,Not fleeing,toy weapon,Armed,shot,False,False,CA,Calimesa
2015-02-07,2015,2,74.0,66+,M,B,attack,Not fleeing,gun,Armed,shot,False,False,NC,Gastonia
2015-02-08,2015,2,33.0,26-35,M,W,attack,Car,gun,Armed,shot,False,False,AK,Anchorage
2015-02-08,2015,2,27.0,26-35,M,W,attack,Not fleeing,gun,Armed,shot,False,False,TX,Austin
2015-02-08,2015,2,57.0,56-65,M,W,attack,Not fleeing,gun,Armed,shot,True,False,NY,New City
2015-02-08,2015,2,46.0,46-55,M,W,attack,Not fleeing,gun,Armed,shot,False,False,FL,Orange County
2015-02-08,2015,2,41.0,36-45,M,W,attack,Not fleeing,gun,Armed,shot,False,False,TX,Nocona
2015-02-09,2015,2,61.0,56-65,M,W,undetermined,Not fleeing,gun,Armed,shot,True,False,ME,Smyrna
2015-02-09,2015,2,45.0,36-45,M,B,attack,Not fleeing,gun,Armed,shot,False,False,TX,Dallas
2015-02-10,2015,2,35.0,26-35,M,H,other,Foot,unarmed,Unarmed/Unknown,shot and Tasered,True,False,WA,Pasco
2015-02-10,2015,2,49.0,46-55,M,B,attack,Not fleeing,gun,Armed,shot,False,False,TN,Whitehaven
2015-02-10,2015,2,45.0,36-45,M,W,attack,Car,gun,Armed,shot,True,False,CO,New Castle
2015-02-11,2015,2,23.0,18-25,M,B,other,Not fleeing,knife,Armed,shot,True,False,CA,San Jose
2015-02-11,2015,2,46.0,46-55,M,W,attack,Foot,toy weapon,Armed,shot,True,True,AL,Dadeville
2015-02-13,2015,2,23.0,18-25,M,W,attack,Car,vehicle,Armed,shot,False,False,CA,San Bernardino
2015-02-13,2015,2,21.0,18-25,M,H,attack,Car,gun,Armed,shot,False,False,KS,Kansas City
2015-02-13,2015,2,35.0,26-35,M,H,other,Not fleeing,unarmed,Unarmed/Unknown,shot,False,False,PA,Reading
2015-02-13,2015,2,27.0,26-35,M,W,attack,Not fleeing,gun,Armed,shot,False,False,TN,McLemoresville
2015-02-13,2015,2,37.0,36-45,M,H,other,Not fleeing,knife,Armed,shot,True,False,AZ,San Manuel
2015-02-14,2015,2,16.0,<18,M,W,attack,Car,gun,Armed,shot,True,False,MD,Essex
2015-02-14,2015,2,51.0,46-55,M,W,attack,Not fleeing,gun,Armed,shot,False,False,TX,Laredo
2015-02-15,2015,2,25.0,18-25,M,B,other,Not fleeing,unarmed,Unarmed/Unknown,shot and Tasered,True,False,FL,Miami Gardens
2015-02-15,2015,2,34.0,26-35,M,W,attack,Foot,gun,Armed,shot,False,False,MS,Iuka
2015-02-15,2015,2,34.0,26-35,M,W,other,Not fleeing,hatchet,Armed,shot,True,False,OR,Colton
2015-02-16,2015,2,56.0,56-65,M,W,attack,Not fleeing,gun,Armed,shot,False,False,AZ,Marana
2015-02-16,2015,2,26.0,26-35,M,W,attack,Not fleeing,gun,Armed,shot,False,False,ID,Boise
2015-02-16,2015,2,24.0,18-25,M,W,attack,Not fleeing,toy weapon,Armed,shot,True,False,UT,Provo
2015-02-17,2015,2,43.0,36-45,F,W,attack,Not fleeing,gun,Armed,shot,False,False,NC,Gaston County
2015-02-17,2015,2,31.0,26-35,M,W,other,Foot,unarmed,Unarmed/Unknown,shot,False,False,MO,Springfield
2015-02-17,2015,2,32.0,26-35,M,W,attack,Not fleeing,gun,Armed,shot,False,False,MI,Eaton Rapids Township
2015-02-17,2015,2,30.0,26-35,M,W,attack,Foot,toy weapon,Armed,shot,False,False,MA,Tewksbury
2015-02-17,2015,2,50.0,46-55,M,H,other,Not fleeing,vehicle,Armed,shot,False,False,TX,Del Rio
2015-02-18,2015,2,20.0,18-25,F,B,other,Not fleeing,undetermined,Unarmed/Unknown,shot,True,False,NC,Charlotte
2015-02-20,2015,2,,,M,H,attack,Car,gun,Armed,shot,False,False,TX,Houston
2015-02-20,2015,2,31.0,26-35,M,H,other,Not fleeing,unarmed,Unarmed/Unknown,shot,False,False,TX,Euless
2015-02-20,2015,2,38.0,36-45,M,B,attack,Not fleeing,gun,Armed,shot,False,False,AL,Homewood
2015-02-20,2015,2,77.0,66+,M,B,attack,Not fleeing,gun,Armed,shot,True,False,AL,Birmingham
2015-02-21,2015,2,41.0,36-45,M,W,attack,Not fleeing,gun,Armed,shot,False,False,NM,Ruidoso
2015-02-21,2015,2,51.0,46-55,M,W,attack,Not fleeing,knife,Armed,shot,False,False,IN,Indianapolis
2015-02-22,2015,2,50.0,46-55,M,W,attack,Not fleeing,gun,Armed,shot,False,False,FL,Palm Bay
2015-02-23,2015,2,42.0,36-45,M,W,attack,Car,knife,Armed,shot and Tasered,False,False,PA,Allentown
2015-02-23,2015,2,39.0,36-45,M,W,other,Not fleeing,unarmed,Unarmed/Unknown,shot and Tasered,False,False,NE,Omaha
2015-02-23,2015,2,47.0,46-55,M,W,attack,Not fleeing,gun,Armed,shot,True,False,LA,Denham Springs
2015-02-23,2015,2,37.0,36-45,M,W,other,Not fleeing,knife,Armed,shot,False,False,GA,Powder Springs
2015-02-23,2015,2,41.0,36-45,M,W,attack,Foot,gun,Armed,shot,False,False,GA,Clarkesville
2015-02-23,2015,2,16.0,<18,M,B,attack,Not fleeing,gun,Armed,shot,False,False,AL,Millbrook
2015-02-24,2015,2,30.0,26-35,M,W,attack,Not fleeing,knife,Armed,shot and Tasered,True,False,WI,Green Bay
2015-02-25,2015,2,27.0,26-35,M,B,other,Car,vehicle,Armed,shot,False,False,OK,Oklahoma City
2015-02-25,2015,2,43.0,36-45,M,W,attack,Not fleeing,gun,Armed,shot,True,False,NV,Las Vegas
2015-02-26,2015,2,31.0,26-35,M,W,other,Not fleeing,unarmed,Unarmed/Unknown,shot and Tasered,False,False,IN,Terre Haute
2015-02-26,2015,2,42.0,36-45,M,H,attack,Foot,gun,Armed,shot,False,False,FL,Lakeland
2015-02-26,2015,2,21.0,18-25,M,H,other,Not fleeing,knife,Armed,shot,False,False,CA,San Francisco
2015-02-26,2015,2,49.0,46-55,M,W,other,Not fleeing,unarmed,Unarmed/Unknown,shot,False,False,MS,Gulfport
2015-02-26,2015,2,34.0,26-35,F,W,attack,Car,gun,Armed,shot,False,False,GA,Sylvester
2015-02-27,2015,2,27.0,26-35,M,H,undetermined,Not fleeing,unarmed,Unarmed/Unknown,shot,False,False,CA,Santa Ana
2015-02-28,2015,2,24.0,18-25,M,W,attack,Not fleeing,gun,Armed,shot,False,False,SC,Pelzer
2015-02-28,2015,2,17.0,<18,M,W,attack,Not fleeing,unarmed,Unarmed/Unknown,shot and Tasered,False,True,MI,Roxand Township
2015-02-28,2015,2,34.0,26-35,M,B,other,Car,unarmed,Unarmed/Unknown,shot,False,False,MO,St Louis
2015-02-28,2015,2,28.0,26-35,F,H,other,Not fleeing,knife,Armed,shot,False,False,AZ,Tucson
2015-02-28,2015,2,28.0,26-35,M,B,attack,Car,gun,Armed,shot,False,False,MO,Columbia
2015-02-28,2015,2,40.0,36-45,M,B,attack,Car,gun,Armed,shot,True,False,NC,Tarboro
2015-02-28,2015,2,37.0,36-45,F,W,attack,Car,gun,Armed,shot,False,False,AZ,La Paz County
2015-03-01,2015,3,49.0,46-55,M,W,attack,Not fleeing,gun,Armed,shot,False,False,MS,Barton
2015-03-01,2015,3,43.0,36-45,M,B,attack,Not fleeing,unarmed,Unarmed/Unknown,shot and Tasered,True,True,CA,Los Angeles
2015-03-01,2015,3,35.0,26-35,M,A,attack,Not fleeing,gun,Armed,shot,False,False,TX,Houston
2015-03-02,2015,3,20.0,18-25,M,B,other,Foot,gun,Armed,shot,False,False,IL,Joilet
2015-03-03,2015,3,25.0,18-25,M,B,attack,Not fleeing,gun,Armed,shot,False,False,MD,Salisbury
2015-03-03,2015,3,25.0,18-25,M,W,attack,Not fleeing,knife,Armed,shot,False,False,AZ,Tempe
2015-03-04,2015,3,26.0,26-35,M,W,other,Not fleeing,unarmed,Unarmed/Unknown,shot,False,False,FL,Deltona
2015-03-04,2015,3,28.0,26-35,M,A,attack,Not fleeing,gun,Armed,shot,False,False,CA,Stockton
2015-03-05,2015,3,45.0,36-45,M,B,other,Not fleeing,knife,Armed,shot,True,False,WI,Milwaukee
2015-03-05,2015,3,36.0,36-45,M,H,other,Car,unarmed,Unarmed/Unknown,shot,False,False,CA,Burbank
2015-03-05,2015,3,34.0,26-35,M,W,attack,Not fleeing,gun,Armed,shot,False,False,NE,Lincoln
2015-03-06,2015,3,37.0,36-45,M,B,undetermined,Foot,unarmed,Unarmed/Unknown,shot,False,False,CO,Aurora
2015-03-06,2015,3,48.0,46-55,M,B,other,Not fleeing,vehicle,Armed,shot,False,False,FL,Putnam Hall
2015-03-06,2015,3,19.0,18-25,M,B,attack,Foot,unarmed,Unarmed/Unknown,shot,False,False,WI,Madison
2015-03-07,2015,3,29.0,26-35,M,W,attack,Not fleeing,gun,Armed,shot,False,False,AZ,Phoenix
2015-03-08,2015,3,40.0,36-45,M,H,attack,Not fleeing,gun,Armed,shot,False,False,OK,Oklahoma City
2015-03-08,2015,3,35.0,26-35,M,W,attack,Car,vehicle,Armed,shot,False,False,DE,Claymont
2015-03-08,2015,3,43.0,36-45,F,B,other,Not fleeing,knife,Armed,shot,True,True,CA,Anaheim
2015-03-09,2015,3,58.0,56-65,M,W,attack,Not fleeing,gun,Armed,shot,False,False,NC,Brevard
2015-03-09,2015,3,46.0,46-55,M,W,attack,Not fleeing,gun,Armed,shot,False,False,CO,Dinosaur
2015-03-09,2015,3,30.0,26-35,M,B,attack,Not fleeing,gun,Armed,shot,False,False,FL,Cocoa
2015-03-09,2015,3,27.0,26-35,M,B,other,Not fleeing,unarmed,Unarmed/Unknown,shot,True,False,GA,Atlanta
2015-03-10,2015,3,31.0,26-35,M,B,attack,Not fleeing,gun,Armed,shot,False,False,LA,Baton Rouge
2015-03-10,2015,3,23.0,18-25,M,W,attack,Not fleeing,knife,Armed,shot,False,True,GA,Port Wentworth
2015-03-10,2015,3,37.0,36-45,M,H,other,Car,sword,Armed,shot,True,False,CA,Ontario
2015-03-10,2015,3,64.0,56-65,M,B,attack,Not fleeing,gun,Armed,shot,False,True,OH,Cleveland
2015-03-11,2015,3,31.0,26-35,M,W,attack,Not fleeing,gun,Armed,shot,True,False,TN,Memphis
2015-03-11,2015,3,39.0,36-45,M,H,attack,Not fleeing,gun,Armed,shot,False,False,CA,Santa Ana
2015-03-11,2015,3,31.0,26-35,M,W,attack,Not fleeing,toy weapon,Armed,shot,True,False,AZ,Kingman
2015-03-11,2015,3,25.0,18-25,M,H,other,Not fleeing,vehicle,Armed,shot,False,False,CA,Los Angeles
2015-03-11,2015,3,54.0,46-55,M,W,attack,Not fleeing,gun,Armed,shot,False,False,AL,Bay Minette
2015-03-11,2015,3,53.0,46-55,M,W,attack,Not fleeing,gun,Armed,shot,True,False,AL,Hoover
2015-03-11,2015,3,37.0,36-45,M,B,other,Not fleeing,vehicle,Armed,shot,False,False,MD,Elkton
2015-03-12,2015,3,35.0,26-35,M,B,other,Not fleeing,unarmed,Unarmed/Unknown,shot,True,False,DC,Washington
2015-03-13,2015,3,59.0,56-65,M,W,attack,Not fleeing,gun,Armed,shot,False,False,MO,Kansas City
2015-03-13,2015,3,36.0,36-45,M,W,attack,Not fleeing,knife,Armed,shot,False,False,CA,Fontana
2015-03-13,2015,3,32.0,26-35,M,H,other,Foot,unarmed,Unarmed/Unknown,shot,False,False,CA,Walnut Creek
2015-03-13,2015,3,41.0,36-45,M,H,other,Other,gun,Armed,shot,False,False,CA,Napa
2015-03-14,2015,3,29.0,26-35,M,H,attack,Not fleeing,gun,Armed,shot,True,False,TX,San Antonio
2015-03-14,2015,3,53.0,46-55,M,W,other,Not fleeing,knife,Armed,shot,False,False,WV,Follansbee
2015-03-14,2015,3,26.0,26-35,M,W,attack,Car,gun,Armed,shot,False,False,WI,Kenosha
2015-03-15,2015,3,27.0,26-35,M,W,other,Not fleeing,machete,Armed,shot,False,False,MS,Ruth
2015-03-16,2015,3,28.0,26-35,M,W,attack,Not fleeing,gun,Armed,shot,True,False,MN,St. Paul
2015-03-16,2015,3,52.0,46-55,M,W,attack,Not fleeing,gun,Armed,shot,True,False,NC,Gastonia
2015-03-17,2015,3,20.0,18-25,M,W,attack,Not fleeing,gun,Armed,shot,True,False,TX,Onalaska
2015-03-17,2015,3,22.0,18-25,M,H,undetermined,Car,unarmed,Unarmed/Unknown,shot,False,False,CA,Sacramento
2015-03-17,2015,3,49.0,46-55,M,W,attack,Not fleeing,gun,Armed,shot,True,False,OR,Medford
2015-03-17,2015,3,24.0,18-25,M,W,attack,Foot,gun,Armed,shot,False,False,NC,Dublin
2015-03-17,2015,3,24.0,18-25,F,W,other,Not fleeing,vehicle,Armed,shot,True,False,CA,San Francisco
2015-03-18,2015,3,47.0,46-55,M,W,other,Not fleeing,knife,Armed,shot,False,False,CA,Bakersfield
2015-03-18,2015,3,49.0,46-55,F,W,attack,Not fleeing,gun,Armed,shot,False,False,AZ,Glendale
2015-03-18,2015,3,64.0,56-65,M,W,attack,Not fleeing,gun,Armed,shot,False,False,FL,Tallahassee
2015-03-19,2015,3,16.0,<18,M,B,attack,Car,gun,Armed,shot,False,False,FL,Jacksonville
2015-03-19,2015,3,20.0,18-25,M,W,attack,Not fleeing,unarmed,Unarmed/Unknown,shot,True,False,WA,Sumas
2015-03-19,2015,3,36.0,36-45,M,W,attack,Not fleeing,gun,Armed,shot,False,False,CA,Bakersfield
2015-03-19,2015,3,39.0,36-45,M,W,other,Not fleeing,box cutter,Armed,shot,True,True,AL,Lawrence County
2015-03-19,2015,3,18.0,18-25,M,B,attack,Not fleeing,unarmed,Unarmed/Unknown,shot,False,False,OH,Cleveland
2015-03-19,2015,3,31.0,26-35,M,W,attack,Not fleeing,gun,Armed,shot,False,True,ID,Middleton
2015-03-20,2015,3,24.0,18-25,M,N,attack,Car,gun,Armed,shot,False,False,AZ,Red Valley
2015-03-20,2015,3,63.0,56-65,M,B,attack,Not fleeing,machete,Armed,shot,True,False,LA,New Orleans
2015-03-20,2015,3,34.0,26-35,M,W,attack,Not fleeing,gun,Armed,shot,False,False,OK,Coal County
2015-03-21,2015,3,44.0,36-45,M,W,attack,Car,gun,Armed,shot,False,False,NY,Clarendon
2015-03-21,2015,3,60.0,56-65,M,W,attack,Not fleeing,gun,Armed,shot,True,False,IN,Harmony
2015-03-21,2015,3,42.0,36-45,M,W,attack,Not fleeing,gun,Armed,shot,False,False,OH,Columbus
2015-03-21,2015,3,21.0,18-25,M,W,attack,Not fleeing,gun,Armed,shot,False,False,AZ,Cottonwood
2015-03-22,2015,3,37.0,36-45,M,W,other,Not fleeing,knife,Armed,shot,True,False,CA,Vallejo
2015-03-22,2015,3,36.0,36-45,M,W,other,Foot,knife,Armed,shot and Tasered,True,False,OR,Portland
2015-03-22,2015,3,21.0,18-25,M,B,attack,Car,undetermined,Unarmed/Unknown,shot and Tasered,False,False,NY,Islip
2015-03-23,2015,3,24.0,18-25,M,B,attack,Not fleeing,gun,Armed,shot,False,False,CA,Santa Clara
2015-03-24,2015,3,38.0,36-45,M,W,attack,Not fleeing,gun,Armed,shot,False,False,WI,Fond du Lac
2015-03-24,2015,3,29.0,26-35,M,B,attack,Car,gun,Armed,shot,True,False,VA,Portsmouth
2015-03-24,2015,3,57.0,56-65,M,W,attack,Not fleeing,gun,Armed,shot,True,False,CA,San Jose
2015-03-25,2015,3,23.0,18-25,M,B,other,Car,undetermined,Unarmed/Unknown,shot,False,True,GA,Smyrna
2015-03-25,2015,3,27.0,26-35,M,B,attack,Foot,gun,Armed,shot,False,False,SC,Johnsonville
2015-03-25,2015,3,28.0,26-35,M,H,attack,Foot,gun,Armed,shot,False,False,CA,South Los Angeles
2015-03-25,2015,3,63.0,56-65,M,W,other,Not fleeing,gun,Armed,shot and Tasered,True,False,AZ,Glendale
2015-03-26,2015,3,53.0,46-55,F,W,attack,Not fleeing,gun,Armed,shot,False,False,KS,Gardner
2015-03-26,2015,3,35.0,26-35,M,H,other,Not fleeing,knife,Armed,shot,True,False,CA,Wilmington
2015-03-27,2015,3,56.0,56-65,M,W,attack,Not fleeing,gun,Armed,shot,True,False,CA,Encinitas
2015-03-27,2015,3,39.0,36-45,M,B,other,Not fleeing,knife,Armed,shot,False,False,FL,Fort Pierce
2015-03-27,2015,3,23.0,18-25,M,H,attack,Car,toy weapon,Armed,shot,False,False,CA,Bakersfield
2015-03-27,2015,3,40.0,36-45,M,W,attack,Foot,gun,Armed,shot,False,False,MA,Webster
2015-03-27,2015,3,26.0,26-35,F,B,other,Not fleeing,knife,Armed,shot,False,False,CA,Oxnard
2015-03-27,2015,3,42.0,36-45,M,W,attack,Car,gun,Armed,shot,False,False,WV,Fort Ashby
2015-03-27,2015,3,41.0,36-45,M,B,attack,Not fleeing,gun,Armed,shot,False,False,MA,Boston
2015-03-29,2015,3,26.0,26-35,M,W,attack,Car,vehicle,Armed,shot,False,False,OH,Jasper
2015-03-29,2015,3,29.0,26-35,M,B,attack,Not fleeing,gun,Armed,shot,False,False,KY,Elizabethtown
2015-03-30,2015,3,49.0,46-55,M,W,attack,Not fleeing,gun,Armed,shot,True,False,OR,Eugene
2015-03-30,2015,3,54.0,46-55,M,,attack,Not fleeing,gun,Armed,shot,False,False,NV,Boulder City
2015-03-31,2015,3,36.0,36-45,M,W,attack,Not fleeing,gun,Armed,shot,False,False,FL,Carollwood
2015-03-31,2015,3,21.0,18-25,M,H,attack,Not fleeing,toy weapon,Armed,shot,False,False,TX,Baytown
2015-03-31,2015,3,27.0,26-35,F,B,other,Car,vehicle,Armed,shot,False,False,MD,Fort Meade
2015-04-01,2015,4,37.0,36-45,M,B,attack,Not fleeing,gun,Armed,shot,False,False,CA,Hawthorne
2015-04-01,2015,4,36.0,36-45,M,W,attack,Not fleeing,knife,Armed,shot,False,False,NJ,Hamilton
2015-04-02,2015,4,32.0,26-35,M,B,attack,Foot,gun,Armed,shot,False,False,IL,Rock Island
2015-04-02,2015,4,63.0,56-65,M,W,attack,Not fleeing,gun,Armed,shot and Tasered,True,False,IL,Metropolis
2015-04-02,2015,4,44.0,36-45,M,B,other,Not fleeing,unarmed,Unarmed/Unknown,shot,False,False,OK,Tulsa
2015-04-02,2015,4,27.0,26-35,M,W,attack,Not fleeing,gun,Armed,shot,True,False,LA,Pineville
2015-04-03,2015,4,38.0,36-45,M,W,other,Not fleeing,knife,Armed,shot,False,True,VA,Winchester
2015-04-04,2015,4,17.0,<18,M,B,attack,Foot,gun,Armed,shot,False,False,IL,Zion
2015-04-04,2015,4,50.0,46-55,M,B,other,Foot,unarmed,Unarmed/Unknown,shot and Tasered,False,False,SC,North Charleston
2015-04-04,2015,4,31.0,26-35,M,B,attack,Not fleeing,gun,Armed,shot,False,True,CA,Orange
2015-04-04,2015,4,34.0,26-35,M,W,attack,Car,gun,Armed,shot,True,False,NM,Edgewood
2015-04-05,2015,4,51.0,46-55,M,W,other,Not fleeing,knife,Armed,shot,True,False,AZ,Phoenix
2015-04-05,2015,4,56.0,56-65,M,W,attack,Not fleeing,gun,Armed,shot,False,False,CA,Tehachapi
2015-04-06,2015,4,23.0,18-25,M,W,attack,Not fleeing,gun,Armed,shot,True,False,IN,Indianapolis
2015-04-06,2015,4,25.0,18-25,M,B,attack,Foot,gun,Armed,shot,False,False,LA,Harvey
2015-04-06,2015,4,31.0,26-35,M,W,attack,Car,gun,Armed,shot,False,False,ID,Jefferson County
2015-04-07,2015,4,32.0,26-35,M,W,attack,Car,gun,Armed,shot,False,False,OK,Pottawatomie County
2015-04-08,2015,4,60.0,56-65,M,W,attack,Car,gun,Armed,shot,False,False,TX,San Antonio
2015-04-08,2015,4,42.0,36-45,M,B,attack,Car,vehicle,Armed,shot,False,False,GA,Valdosta
2015-04-08,2015,4,39.0,36-45,M,H,attack,Foot,gun,Armed,shot,False,False,CA,Los Angeles
2015-04-08,2015,4,28.0,26-35,M,A,other,Not fleeing,knife,Armed,shot,True,False,CA,Sunnyvale
2015-04-09,2015,4,54.0,46-55,M,,attack,Other,vehicle,Armed,shot and Tasered,False,False,OK,Kellyville
2015-04-09,2015,4,22.0,18-25,M,W,attack,Not fleeing,sword,Armed,shot,False,False,FL,Navarre
2015-04-09,2015,4,29.0,26-35,M,B,attack,Car,gun,Armed,shot,False,False,IN,Monon
2015-04-09,2015,4,31.0,26-35,M,W,attack,Not fleeing,gun,Armed,shot,True,False,PA,Straban Township
2015-04-09,2015,4,28.0,26-35,M,W,attack,Not fleeing,gun,Armed,shot,False,False,SC,Boiling Springs
2015-04-10,2015,4,21.0,18-25,M,H,attack,Not fleeing,knife,Armed,shot,False,False,CA,Corning
2015-04-10,2015,4,38.0,36-45,M,W,attack,Car,gun,Armed,shot,False,False,KS,Topeka
2015-04-11,2015,4,66.0,66+,M,W,attack,Not fleeing,gun,Armed,shot,True,True,OK,Sand Springs
2015-04-12,2015,4,36.0,36-45,M,B,attack,Foot,gun,Armed,shot,False,True,IN,Indianapolis
2015-04-12,2015,4,83.0,66+,M,W,other,Not fleeing,machete,Armed,shot,True,False,OK,Oklahoma City
2015-04-12,2015,4,32.0,26-35,M,W,attack,Car,gun,Armed,shot,True,False,NC,Salemburg
2015-04-13,2015,4,27.0,26-35,M,H,attack,Not fleeing,gun,Armed,shot,False,False,IL,Alton
2015-04-14,2015,4,26.0,26-35,M,B,undetermined,Foot,undetermined,Unarmed/Unknown,shot,False,False,TX,DeSoto
2015-04-14,2015,4,31.0,26-35,M,W,attack,Not fleeing,machete,Armed,shot,True,False,AR,Jonesboro
2015-04-15,2015,4,22.0,18-25,M,B,undetermined,Foot,gun,Armed,shot,False,False,FL,Miami
2015-04-15,2015,4,41.0,36-45,M,B,attack,Not fleeing,knife,Armed,shot,False,False,SC,Spartanburg
2015-04-15,2015,4,41.0,36-45,M,B,other,Car,unarmed,Unarmed/Unknown,shot,False,False,TX,Houston
2015-04-15,2015,4,51.0,46-55,M,W,attack,Car,toy weapon,Armed,shot,False,True,MO,Columbia
2015-04-15,2015,4,72.0,66+,M,W,attack,Not fleeing,gun,Armed,shot,True,False,CO,Caon City
2015-04-15,2015,4,52.0,46-55,M,H,attack,Not fleeing,toy weapon,Armed,shot,True,False,CA,Montclair
2015-04-16,2015,4,47.0,46-55,M,H,other,Not fleeing,knife,Armed,shot,False,False,CA,Shafter
2015-04-17,2015,4,18.0,18-25,M,B,attack,Foot,gun,Armed,shot,False,False,IL,Chicago
2015-04-17,2015,4,29.0,26-35,M,H,attack,Not fleeing,gun,Armed,shot,False,False,CA,Hemet
2015-04-17,2015,4,23.0,18-25,M,B,other,Not fleeing,knife,Armed,shot,True,True,MO,Jennings
2015-04-18,2015,4,43.0,36-45,M,H,attack,Not fleeing,gun,Armed,shot,True,False,AZ,Phoenix
2015-04-18,2015,4,45.0,36-45,M,W,attack,Not fleeing,gun,Armed,shot,False,False,FL,Panama City
2015-04-19,2015,4,40.0,36-45,M,W,attack,Not fleeing,gun,Armed,shot,True,False,KY,Wilmore
2015-04-19,2015,4,44.0,36-45,M,W,attack,Not fleeing,knife,Armed,shot,False,False,NE,Sidney
2015-04-20,2015,4,25.0,18-25,M,H,other,Not fleeing,gun,Armed,shot,False,False,TX,Mission
2015-04-21,2015,4,35.0,26-35,M,B,attack,Not fleeing,vehicle,Armed,shot,False,False,NJ,Trenton
2015-04-21,2015,4,37.0,36-45,M,N,other,Foot,unarmed,Unarmed/Unknown,shot,True,False,WA,Lakewood
2015-04-21,2015,4,59.0,56-65,M,W,other,Not fleeing,knife,Armed,shot,True,False,SC,Irmo
2015-04-21,2015,4,35.0,26-35,M,H,other,Not fleeing,knife,Armed,shot,True,False,CA,Los Angeles
2015-04-22,2015,4,18.0,18-25,M,B,undetermined,Not fleeing,unarmed,Unarmed/Unknown,shot,False,False,VA,Portsmouth
2015-04-22,2015,4,51.0,46-55,M,H,other,Not fleeing,knife,Armed,shot,False,False,AZ,Bisbee
2015-04-22,2015,4,30.0,26-35,M,W,attack,Foot,gun,Armed,shot,True,False,NY,Queens
2015-04-22,2015,4,31.0,26-35,M,B,attack,Foot,gun,Armed,shot,False,False,TX,Fort Worth
2015-04-22,2015,4,39.0,36-45,M,A,attack,Not fleeing,gun,Armed,shot,False,False,CO,Eldorado Springs
2015-04-23,2015,4,26.0,26-35,M,W,attack,Not fleeing,gun,Armed,shot,True,False,CA,Sylmar
2015-04-23,2015,4,51.0,46-55,M,W,attack,Not fleeing,gun,Armed,shot,False,False,OK,Rufe
2015-04-23,2015,4,19.0,18-25,M,H,other,Not fleeing,unarmed,Unarmed/Unknown,shot,False,False,CA,Long Beach
2015-04-24,2015,4,46.0,46-55,F,W,attack,Car,vehicle,Armed,shot,False,False,CA,Windsor
2015-04-24,2015,4,49.0,46-55,M,W,attack,Not fleeing,gun,Armed,shot,False,False,OR,Eugene
2015-04-24,2015,4,63.0,56-65,M,W,attack,Car,gun,Armed,shot,False,False,OK,Miami
2015-04-24,2015,4,20.0,18-25,M,B,attack,Foot,gun,Armed,shot,False,True,CO,Trinidad
2015-04-25,2015,4,25.0,18-25,M,W,other,Not fleeing,machete,Armed,shot,True,True,TX,Victoria
2015-04-25,2015,4,24.0,18-25,M,B,attack,Foot,unarmed,Unarmed/Unknown,shot,True,False,NY,New York
2015-04-25,2015,4,58.0,56-65,M,W,other,Not fleeing,knife,Armed,shot,True,False,FL,Clermont
2015-04-26,2015,4,29.0,26-35,M,W,attack,Not fleeing,unarmed,Unarmed/Unknown,shot,False,False,OK,Bunch
2015-04-26,2015,4,76.0,66+,M,W,attack,Not fleeing,gun,Armed,shot,False,False,CA,Kings County
2015-04-26,2015,4,45.0,36-45,M,W,attack,Not fleeing,gun,Armed,shot,False,False,CA,Fountain Valley
2015-04-27,2015,4,20.0,18-25,M,B,other,Not fleeing,hammer,Armed,shot,False,False,MI,Detroit
2015-04-28,2015,4,58.0,56-65,M,W,attack,Not fleeing,gun,Armed,shot,False,False,OH,Mansfield
2015-04-28,2015,4,21.0,18-25,M,B,attack,Not fleeing,gun,Armed,shot,False,True,LA,New Orleans
2015-04-28,2015,4,27.0,26-35,M,W,attack,Not fleeing,gun,Armed,shot,True,False,IL,Marion
2015-04-29,2015,4,26.0,26-35,M,W,other,Foot,knife,Armed,shot,False,False,OK,Chickasha
2015-04-29,2015,4,33.0,26-35,M,H,attack,Not fleeing,gun,Armed,shot,True,False,AZ,Mesa
2015-04-29,2015,4,27.0,26-35,M,H,attack,Not fleeing,gun,Armed,shot,False,False,CA,Elk Grove
2015-04-29,2015,4,25.0,18-25,F,B,attack,Not fleeing,gun,Armed,shot,False,False,GA,Atlanta
2015-04-29,2015,4,53.0,46-55,M,B,attack,Not fleeing,gun,Armed,shot,True,False,VA,Emporia
2015-04-29,2015,4,53.0,46-55,M,W,attack,Not fleeing,gun,Armed,shot,True,False,TN,Nashville
2015-04-30,2015,4,42.0,36-45,M,O,other,Not fleeing,unarmed,Unarmed/Unknown,shot,True,True,CA,San Diego
2015-04-30,2015,4,22.0,18-25,M,H,other,Not fleeing,metal object,Armed,shot and Tasered,False,False,TX,El Paso
2015-05-02,2015,5,52.0,46-55,M,W,attack,Not fleeing,gun,Armed,shot,False,True,DE,Smyrna
2015-05-03,2015,5,36.0,36-45,M,W,attack,Not fleeing,gun,Armed,shot,True,True,UT,Roosevelt
2015-05-03,2015,5,30.0,26-35,M,B,attack,Not fleeing,gun,Armed,shot,False,False,TX,Garland
2015-05-03,2015,5,34.0,26-35,M,O,attack,Not fleeing,gun,Armed,shot,False,False,TX,Garland
2015-05-03,2015,5,44.0,36-45,M,H,attack,Not fleeing,gun,Armed,shot,False,False,NM,Albuquerque
2015-05-03,2015,5,53.0,46-55,M,W,attack,Not fleeing,gun,Armed,shot,False,False,KY,Chavies
2015-05-04,2015,5,36.0,36-45,M,W,attack,Not fleeing,toy weapon,Armed,shot,True,False,WA,Kennewick
2015-05-05,2015,5,29.0,26-35,M,B,attack,Not fleeing,unarmed,Unarmed/Unknown,shot,False,True,CA,Venice
2015-05-05,2015,5,32.0,26-35,M,A,attack,Not fleeing,knife,Armed,shot,False,False,CA,South El Monte
2015-05-05,2015,5,46.0,46-55,M,W,attack,Not fleeing,gun,Armed,shot,True,False,VA,Pulaski
2015-05-06,2015,5,18.0,18-25,M,W,attack,Car,gun,Armed,shot,False,False,NC,Wake Forest
2015-05-07,2015,5,72.0,66+,M,,other,Not fleeing,knife,Armed,shot,True,False,GA,Lawrenceville
2015-05-07,2015,5,38.0,36-45,M,W,other,Car,knife,Armed,shot,False,False,NY,Beacon
2015-05-07,2015,5,21.0,18-25,M,B,attack,Car,vehicle,Armed,shot,False,False,CA,Cerritos
2015-05-08,2015,5,35.0,26-35,M,W,attack,Not fleeing,sword,Armed,shot,False,False,AZ,Kearny
2015-05-08,2015,5,58.0,56-65,M,W,attack,Not fleeing,gun,Armed,shot,True,False,NY,Constantia
2015-05-08,2015,5,48.0,46-55,M,B,attack,Not fleeing,gun,Armed,shot,False,False,LA,Harvey
2015-05-08,2015,5,31.0,26-35,M,B,attack,Car,vehicle,Armed,shot,False,False,MN,Fridley
2015-05-10,2015,5,47.0,46-55,M,W,attack,Not fleeing,gun,Armed,shot,False,False,WA,Tacoma
2015-05-10,2015,5,34.0,26-35,M,B,other,Car,vehicle,Armed,shot,False,False,MD,Landover
2015-05-11,2015,5,30.0,26-35,M,B,attack,Car,vehicle,Armed,shot,False,False,TX,Fort Worth
2015-05-11,2015,5,28.0,26-35,M,W,other,Not fleeing,machete,Armed,shot,True,False,FL,St. Augustine
2015-05-12,2015,5,28.0,26-35,M,B,other,Foot,gun,Armed,shot,False,False,FL,Jacksonville
2015-05-12,2015,5,46.0,46-55,M,O,attack,Not fleeing,gun,Armed,shot and Tasered,False,False,HI,Honolulu
2015-05-12,2015,5,40.0,36-45,M,W,other,Not fleeing,undetermined,Unarmed/Unknown,shot,True,False,CA,Rancho Santa Margarita
2015-05-14,2015,5,37.0,36-45,M,W,attack,Car,gun,Armed,shot,True,False,MI,Portage
2015-05-14,2015,5,53.0,46-55,M,W,attack,Not fleeing,gun,Armed,shot,True,False,FL,St. Augustine
2015-05-15,2015,5,41.0,36-45,M,W,attack,Not fleeing,gun,Armed,shot,True,False,IL,Rockford
2015-05-15,2015,5,42.0,36-45,M,W,attack,Not fleeing,toy weapon,Armed,shot,True,False,CA,Sacramento
2015-05-16,2015,5,45.0,36-45,M,B,attack,Foot,gun,Armed,shot,False,False,IL,Harvey
2015-05-17,2015,5,34.0,26-35,M,W,attack,Foot,gun,Armed,shot,True,True,CA,San Diego
2015-05-17,2015,5,18.0,18-25,M,W,attack,Not fleeing,gun,Armed,shot,True,False,FL,St. Petersburg
2015-05-17,2015,5,27.0,26-35,M,W,other,Not fleeing,sword,Armed,shot,False,False,NM,Ruidoso
2015-05-19,2015,5,54.0,46-55,M,H,attack,Not fleeing,unarmed,Unarmed/Unknown,shot,False,False,VA,Arlington
2015-05-19,2015,5,35.0,26-35,M,W,attack,Not fleeing,gun,Armed,shot,False,False,AR,Cabot
2015-05-19,2015,5,17.0,<18,M,W,attack,Other,gun,Armed,shot,False,False,CO,Grand Junction
2015-05-20,2015,5,29.0,26-35,M,B,attack,Not fleeing,gun,Armed,shot,False,False,PA,Lancaster
2015-05-20,2015,5,52.0,46-55,M,W,other,Not fleeing,knife,Armed,shot and Tasered,False,False,OH,Green
2015-05-20,2015,5,38.0,36-45,M,B,attack,Not fleeing,gun,Armed,shot,False,False,KY,Owensboro
2015-05-20,2015,5,39.0,36-45,F,W,other,Car,knife,Armed,shot and Tasered,False,False,WY,Gillette
2015-05-20,2015,5,26.0,26-35,M,B,attack,Not fleeing,gun,Armed,shot,False,False,NE,Omaha
2015-05-21,2015,5,22.0,18-25,M,H,undetermined,Not fleeing,gun,Armed,shot,True,False,TX,El Paso
2015-05-21,2015,5,29.0,26-35,M,B,attack,Not fleeing,knife,Armed,shot,False,False,FL,Ft. Lauderdale
2015-05-21,2015,5,43.0,36-45,M,W,attack,Not fleeing,knife,Armed,shot,False,False,SC,North Charleston
2015-05-21,2015,5,24.0,18-25,M,H,other,Not fleeing,knife,Armed,shot,True,False,NJ,Hackensack
2015-05-21,2015,5,32.0,26-35,M,B,attack,Not fleeing,gun,Armed,shot,False,False,SC,Charleston
2015-05-22,2015,5,40.0,36-45,M,W,attack,Not fleeing,toy weapon,Armed,shot,False,False,PA,Somerset
2015-05-23,2015,5,25.0,18-25,M,B,attack,Not fleeing,gun,Armed,shot,False,False,MI,Detroit
2015-05-23,2015,5,47.0,46-55,M,W,attack,Not fleeing,gun,Armed,shot,False,False,MO,Sedalia
2015-05-23,2015,5,40.0,36-45,M,W,attack,Car,gun,Armed,shot,False,False,AZ,Eagar
2015-05-25,2015,5,31.0,26-35,F,W,attack,Not fleeing,gun,Armed,shot,True,False,TX,Austin
2015-05-25,2015,5,36.0,36-45,M,B,attack,Not fleeing,knife,Armed,shot,True,False,AL,Huntsville
2015-05-26,2015,5,62.0,56-65,M,W,attack,Not fleeing,gun,Armed,shot,True,False,WA,Snohomish
2015-05-26,2015,5,51.0,46-55,M,B,attack,Not fleeing,gun,Armed,shot,False,False,NY,Queens
2015-05-26,2015,5,24.0,18-25,M,W,attack,Not fleeing,undetermined,Unarmed/Unknown,shot,False,False,LA,Bossier City
2015-05-27,2015,5,39.0,36-45,M,W,attack,Not fleeing,knife,Armed,shot,False,False,NJ,Ideal Beach
2015-05-27,2015,5,24.0,18-25,M,W,attack,Not fleeing,toy weapon,Armed,shot,True,False,OK,Edmond
2015-05-27,2015,5,57.0,56-65,M,W,attack,Not fleeing,knife,Armed,shot,True,False,GA,Rockville
2015-05-27,2015,5,20.0,18-25,M,O,other,Not fleeing,unarmed,Unarmed/Unknown,shot and Tasered,False,False,CA,Long Beach
2015-05-27,2015,5,33.0,26-35,M,W,other,Not fleeing,screwdriver,Armed,shot and Tasered,True,False,CA,Alpine
2015-05-28,2015,5,60.0,56-65,M,W,attack,Not fleeing,gun,Armed,shot,False,False,SC,Lancaster
2015-05-28,2015,5,32.0,26-35,M,B,attack,Not fleeing,gun,Armed,shot,False,False,CO,Northglenn
2015-05-28,2015,5,40.0,36-45,M,B,attack,Not fleeing,gun,Armed,shot,False,False,GA,Carrollton
2015-05-28,2015,5,18.0,18-25,M,W,attack,Not fleeing,lawn mower blade,Armed,shot and Tasered,False,False,MI,Trenton
2015-05-29,2015,5,36.0,36-45,M,B,other,Not fleeing,knife,Armed,shot,False,False,NJ,Lyndhurst
2015-05-29,2015,5,35.0,26-35,M,W,attack,Not fleeing,gun,Armed,shot,False,False,OK,Okmulgee County
2015-05-29,2015,5,55.0,46-55,M,W,attack,Not fleeing,gun,Armed,shot,False,False,OR,Wilderville
2015-05-30,2015,5,19.0,18-25,M,W,attack,Foot,unarmed,Unarmed/Unknown,shot,False,False,AZ,Cottonwood
2015-05-30,2015,5,39.0,36-45,M,H,attack,Not fleeing,toy weapon,Armed,shot,False,False,TN,Nashville
2015-05-31,2015,5,40.0,36-45,M,,attack,Not fleeing,gun,Armed,shot,True,False,OR,Medford
2015-05-31,2015,5,47.0,46-55,M,W,attack,Not fleeing,toy weapon,Armed,shot,False,True,TX,Palestine
2015-06-01,2015,6,23.0,18-25,M,W,attack,Other,gun,Armed,shot,True,False,NY,Greece
2015-06-02,2015,6,26.0,26-35,M,B,other,Not fleeing,knife,Armed,shot,False,False,MA,Roslindale
2015-06-02,2015,6,26.0,26-35,M,W,attack,Not fleeing,knife,Armed,shot,True,False,TX,Azle
2015-06-03,2015,6,46.0,46-55,M,H,attack,Car,gun,Armed,shot,False,False,CA,Delano
2015-06-03,2015,6,36.0,36-45,M,H,attack,Not fleeing,unarmed,Unarmed/Unknown,shot and Tasered,False,False,NM,Los Lunas
2015-06-03,2015,6,18.0,18-25,M,H,attack,Car,gun,Armed,shot,True,False,TX,Ellis County
2015-06-03,2015,6,33.0,26-35,M,H,other,Car,knife,Armed,shot,False,False,TX,Fuqua
2015-06-03,2015,6,56.0,56-65,M,W,attack,Not fleeing,gun,Armed,shot,True,False,NJ,Byram
2015-06-05,2015,6,50.0,46-55,M,H,attack,Not fleeing,gun,Armed,shot,False,False,CA,Santa Maria
2015-06-05,2015,6,45.0,36-45,F,W,other,Car,vehicle,Armed,shot,False,False,WV,Morgantown
2015-06-06,2015,6,30.0,26-35,M,B,attack,Not fleeing,gun,Armed,shot and Tasered,False,True,CA,Oakland
2015-06-06,2015,6,53.0,46-55,M,W,attack,Not fleeing,gun,Armed,shot,False,False,FL,North Port
2015-06-06,2015,6,45.0,36-45,M,H,attack,Foot,gun,Armed,shot,False,False,CA,Watsonsville
2015-06-06,2015,6,42.0,36-45,M,W,other,Not fleeing,box cutter,Armed,shot,True,False,TX,Midland
2015-06-06,2015,6,27.0,26-35,M,H,attack,Car,gun,Armed,shot,False,False,CO,Strasburg
2015-06-07,2015,6,36.0,36-45,M,W,attack,Not fleeing,gun,Armed,shot,False,False,FL,Melbourne
2015-06-07,2015,6,58.0,56-65,M,W,attack,Not fleeing,gun,Armed,shot,True,False,WA,Woodland
2015-06-08,2015,6,54.0,46-55,M,,attack,Not fleeing,gun,Armed,shot,True,False,IN,Beech Grove
2015-06-08,2015,6,30.0,26-35,M,H,other,Not fleeing,knife,Armed,shot,True,True,CA,Anaheim
2015-06-08,2015,6,69.0,66+,M,W,attack,Not fleeing,gun,Armed,shot,True,False,AZ,Sun City
2015-06-09,2015,6,30.0,26-35,M,W,attack,Not fleeing,unarmed,Unarmed/Unknown,shot,False,False,OH,Findlay
2015-06-09,2015,6,45.0,36-45,M,W,attack,Car,gun,Armed,shot,False,False,TX,Tomball
2015-06-09,2015,6,22.0,18-25,M,B,attack,Not fleeing,gun,Armed,shot,False,False,OH,Cincinnati
2015-06-09,2015,6,28.0,26-35,M,W,other,Car,unarmed,Unarmed/Unknown,shot,False,False,IA,Des Moines
2015-06-10,2015,6,19.0,18-25,M,B,attack,Not fleeing,gun,Armed,shot,False,False,NY,Bronx
2015-06-11,2015,6,40.0,36-45,M,B,attack,Not fleeing,gun,Armed,shot,False,False,FL,Pompano Beach
2015-06-11,2015,6,86.0,66+,M,,attack,Not fleeing,gun,Armed,shot,True,False,TN,Columbia
2015-06-11,2015,6,46.0,46-55,M,B,other,Not fleeing,undetermined,Unarmed/Unknown,shot,False,False,FL,Miami
2015-06-11,2015,6,28.0,26-35,M,H,attack,Not fleeing,gun,Armed,shot,True,False,TX,Bexar County
2015-06-11,2015,6,22.0,18-25,M,H,other,Not fleeing,knife,Armed,shot,True,False,NJ,Hackensack
2015-06-12,2015,6,17.0,<18,F,W,attack,Not fleeing,toy weapon,Armed,shot,True,False,IN,Kokomo
2015-06-13,2015,6,46.0,46-55,M,W,attack,Not fleeing,gun,Armed,shot,False,False,IN,Fort Wayne
2015-06-13,2015,6,35.0,26-35,M,B,other,Not fleeing,flagpole,Armed,shot,False,False,KY,Louisville
2015-06-13,2015,6,35.0,26-35,M,W,attack,Not fleeing,guns and explosives,Armed,shot,True,False,TX,Hutchins
2015-06-14,2015,6,28.0,26-35,M,H,attack,Car,vehicle,Armed,shot,False,False,CA,Stockton
2015-06-14,2015,6,15.0,<18,M,W,attack,Not fleeing,gun,Armed,shot,True,False,FL,Cocoa
2015-06-15,2015,6,22.0,18-25,M,B,other,Foot,unarmed,Unarmed/Unknown,shot,False,False,CA,South Lake Tahoe
2015-06-16,2015,6,28.0,26-35,M,H,attack,Not fleeing,gun,Armed,shot,False,False,CA,Visalia
2015-06-16,2015,6,31.0,26-35,M,N,attack,Not fleeing,gun,Armed,shot,False,False,ND,Wood Lake
2015-06-17,2015,6,40.0,36-45,F,W,attack,Car,gun,Armed,shot,False,False,AL,Clanton
2015-06-17,2015,6,48.0,46-55,M,W,attack,Not fleeing,gun,Armed,shot,True,False,NM,Hobbs
2015-06-18,2015,6,58.0,56-65,M,W,attack,Foot,knife,Armed,shot,False,False,NY,Coney Island
2015-06-19,2015,6,44.0,36-45,M,H,other,Foot,knife,Armed,shot,True,False,MA,Boston
2015-06-19,2015,6,21.0,18-25,M,B,attack,Not fleeing,gun,Armed,shot,True,False,OH,Cincinnati
2015-06-19,2015,6,50.0,46-55,M,H,attack,Not fleeing,gun,Armed,shot,False,False,CO,Greeley
2015-06-20,2015,6,23.0,18-25,M,B,attack,Foot,gun,Armed,shot,False,False,IL,Chicago
2015-06-21,2015,6,24.0,18-25,M,H,other,Not fleeing,unarmed,Unarmed/Unknown,shot,True,False,CA,Azusa
2015-06-21,2015,6,49.0,46-55,M,W,other,Not fleeing,cordless drill,Armed,shot,True,False,TX,Houston
2015-06-22,2015,6,60.0,56-65,M,W,attack,Foot,gun,Armed,shot,False,False,NC,Ronda
2015-06-22,2015,6,35.0,26-35,M,H,attack,Not fleeing,gun,Armed,shot,False,False,CA,Citrus Heights
2015-06-22,2015,6,29.0,26-35,M,W,attack,Not fleeing,gun,Armed,shot,True,False,GA,Augusta
2015-06-22,2015,6,20.0,18-25,M,B,attack,Car,gun,Armed,shot,False,False,PA,Pittsburgh
2015-06-23,2015,6,34.0,26-35,M,W,other,Car,unarmed,Unarmed/Unknown,shot,False,False,IN,Indianapolis
2015-06-23,2015,6,22.0,18-25,M,W,attack,Not fleeing,knife,Armed,shot,False,False,KS,Hutchinson
2015-06-23,2015,6,49.0,46-55,M,W,other,Foot,knife,Armed,shot,True,False,TX,Weatherford
2015-06-23,2015,6,32.0,26-35,M,W,attack,Not fleeing,gun,Armed,shot,False,False,NE,Omaha
2015-06-24,2015,6,26.0,26-35,M,B,attack,Not fleeing,gun,Armed,shot,False,True,VA,York County
2015-06-25,2015,6,41.0,36-45,M,B,other,Not fleeing,unarmed,Unarmed/Unknown,shot,True,False,MD,Owings Mills
2015-06-25,2015,6,61.0,56-65,M,W,attack,Not fleeing,gun,Armed,shot,False,False,CA,Fresno
2015-06-26,2015,6,49.0,46-55,M,W,attack,Other,gun,Armed,shot,False,False,NY,Malone
2015-06-26,2015,6,28.0,26-35,M,H,other,Foot,gun,Armed,shot,False,False,TX,San Antonio
2015-06-27,2015,6,35.0,26-35,M,W,attack,Not fleeing,gun,Armed,shot,False,True,OK,Tahlequah
2015-06-28,2015,6,29.0,26-35,M,W,attack,Not fleeing,toy weapon,Armed,shot,False,False,OR,Portland
2015-06-29,2015,6,51.0,46-55,M,W,attack,Not fleeing,gun,Armed,shot,True,False,NY,Edinburg
2015-06-30,2015,6,52.0,46-55,M,W,attack,Not fleeing,gun,Armed,shot,False,False,NC,Franklin
2015-07-01,2015,7,24.0,18-25,M,B,attack,Foot,vehicle,Armed,shot,False,False,OR,McMinnville
2015-07-01,2015,7,32.0,26-35,M,W,attack,Car,gun,Armed,shot,False,False,OR,Josephine County
2015-07-02,2015,7,45.0,36-45,M,W,attack,Not fleeing,toy weapon,Armed,shot,True,False,MA,Brockton
2015-07-02,2015,7,60.0,56-65,M,A,other,Not fleeing,knife,Armed,shot,False,False,CA,San Diego
2015-07-02,2015,7,23.0,18-25,M,B,attack,Foot,unarmed,Unarmed/Unknown,shot,False,False,FL,Jacksonville
2015-07-02,2015,7,59.0,56-65,M,,attack,Not fleeing,crossbow,Armed,shot,True,False,WV,Meadow Bridge
2015-07-03,2015,7,27.0,26-35,M,H,attack,Not fleeing,knife,Armed,shot and Tasered,False,False,CA,West Covina
2015-07-03,2015,7,46.0,46-55,M,H,attack,Not fleeing,gun,Armed,shot,False,False,CA,Lancaster
2015-07-03,2015,7,33.0,26-35,M,H,attack,Not fleeing,gun,Armed,shot,True,False,NJ,Camden
2015-07-03,2015,7,40.0,36-45,M,W,attack,Not fleeing,gun,Armed,shot,False,False,FL,Miami Beach
2015-07-04,2015,7,42.0,36-45,M,B,attack,Foot,gun,Armed,shot,False,False,OK,Oklahoma City
2015-07-04,2015,7,37.0,36-45,M,W,attack,Not fleeing,gun,Armed,shot,False,False,TN,Morristown
2015-07-04,2015,7,23.0,18-25,M,B,attack,Foot,gun,Armed,shot,False,False,VA,Newport News
2015-07-04,2015,7,36.0,36-45,M,W,attack,Not fleeing,gun,Armed,shot,False,False,NV,Henderson
2015-07-05,2015,7,19.0,18-25,M,W,attack,Foot,unarmed,Unarmed/Unknown,shot,False,False,CA,Pleasanton
2015-07-05,2015,7,35.0,26-35,M,W,attack,Foot,gun,Armed,shot,False,False,TX,Austin
2015-07-05,2015,7,25.0,18-25,M,W,attack,Not fleeing,toy weapon,Armed,shot and Tasered,True,False,TX,Austin
2015-07-05,2015,7,43.0,36-45,M,W,other,Not fleeing,unarmed,Unarmed/Unknown,shot,False,False,CA,Hawaiian Gardens
2015-07-06,2015,7,20.0,18-25,M,W,attack,Not fleeing,gun,Armed,shot,False,False,OK,Oklahoma City
2015-07-06,2015,7,42.0,36-45,M,W,other,Not fleeing,knife,Armed,shot,True,True,NH,Bath
2015-07-06,2015,7,42.0,36-45,M,H,attack,Car,knife,Armed,shot and Tasered,False,False,CA,Atwater
2015-07-06,2015,7,31.0,26-35,M,W,attack,Other,vehicle,Armed,shot and Tasered,True,False,CA,Lakewood
2015-07-06,2015,7,29.0,26-35,M,B,attack,Not fleeing,knife,Armed,shot,False,False,CA,Los Angeles
2015-07-07,2015,7,18.0,18-25,M,B,attack,Not fleeing,gun,Armed,shot,False,False,TX,Houston
2015-07-07,2015,7,33.0,26-35,M,W,other,Not fleeing,metal pole,Armed,shot,False,False,AZ,Mesa
2015-07-07,2015,7,59.0,56-65,M,W,attack,Not fleeing,gun,Armed,shot,False,False,TX,Dallas
2015-07-07,2015,7,47.0,46-55,M,H,attack,Not fleeing,gun,Armed,shot,False,False,CA,Bakersfield
2015-07-07,2015,7,39.0,36-45,M,H,attack,Not fleeing,gun,Armed,shot,True,False,TX,Edinburg
2015-07-07,2015,7,37.0,36-45,M,B,attack,Foot,knife,Armed,shot,False,False,NJ,Atlantic City
2015-07-07,2015,7,35.0,26-35,M,W,attack,Car,gun,Armed,shot,False,False,MO,Sugar Creek
2015-07-07,2015,7,28.0,26-35,M,W,other,Not fleeing,knife,Armed,shot,False,False,KY,Elizabethtown
2015-07-08,2015,7,59.0,56-65,M,W,attack,Not fleeing,gun,Armed,shot,False,False,OR,Beaverton
2015-07-08,2015,7,62.0,56-65,M,W,attack,Car,vehicle,Armed,shot,False,True,NC,Ashe County
2015-07-09,2015,7,50.0,46-55,M,W,attack,Not fleeing,gun,Armed,shot,False,False,UT,Parowan
2015-07-09,2015,7,68.0,66+,M,W,attack,Foot,gun,Armed,shot,False,False,AZ,Phoenix
2015-07-09,2015,7,27.0,26-35,M,B,attack,Foot,gun,Armed,shot,False,False,IL,Chicago
2015-07-09,2015,7,17.0,<18,M,W,attack,Not fleeing,gun,Armed,shot,True,False,CA,Boulder Creek
2015-07-09,2015,7,38.0,36-45,M,W,attack,Other,Taser,Armed,shot and Tasered,False,False,CA,Los Angeles
2015-07-09,2015,7,21.0,18-25,M,B,other,Not fleeing,sword,Armed,shot,False,False,MO,Kansas City
2015-07-10,2015,7,54.0,46-55,M,W,attack,Not fleeing,gun,Armed,shot,True,True,NV,Las Vegas
2015-07-10,2015,7,20.0,18-25,M,B,attack,Not fleeing,gun,Armed,shot,False,False,GA,Covington
2015-07-10,2015,7,25.0,18-25,M,B,attack,Not fleeing,gun,Armed,shot,False,False,IL,Chicago
2015-07-11,2015,7,31.0,26-35,M,W,attack,Not fleeing,gun,Armed,shot,False,False,CA,Olivehurst
2015-07-12,2015,7,35.0,26-35,M,N,other,Foot,knife,Armed,shot,True,False,CO,Denver
2015-07-12,2015,7,36.0,36-45,M,B,attack,Not fleeing,unarmed,Unarmed/Unknown,shot and Tasered,False,False,FL,Plantation
2015-07-12,2015,7,60.0,56-65,M,W,attack,Foot,gun,Armed,shot,False,False,TX,Austin
2015-07-12,2015,7,24.0,18-25,M,W,attack,Not fleeing,gun,Armed,shot,False,False,IL,River Forest
2015-07-12,2015,7,27.0,26-35,M,W,attack,Not fleeing,gun,Armed,shot,False,False,WY,Casper
2015-07-13,2015,7,20.0,18-25,M,B,attack,Not fleeing,gun,Armed,shot,False,False,GA,Stone Mountain
2015-07-13,2015,7,24.0,18-25,M,W,attack,Car,gun,Armed,shot,False,False,CA,Dunsmuir
2015-07-13,2015,7,23.0,18-25,M,H,attack,Not fleeing,vehicle,Armed,shot,False,False,MA,Lynn
2015-07-13,2015,7,41.0,36-45,M,W,other,Not fleeing,box cutter,Armed,shot and Tasered,False,False,CA,Los Angeles
2015-07-14,2015,7,20.0,18-25,M,B,attack,Not fleeing,gun,Armed,shot,False,False,FL,Mascotte
2015-07-14,2015,7,76.0,66+,M,,attack,Not fleeing,gun,Armed,shot,False,False,OH,Southington
2015-07-15,2015,7,43.0,36-45,M,W,other,Not fleeing,metal pipe,Armed,shot and Tasered,True,False,MI,Marion
2015-07-16,2015,7,25.0,18-25,M,B,other,Not fleeing,metal hand tool,Armed,shot and Tasered,True,False,CA,Moreno Valley
2015-07-16,2015,7,29.0,26-35,M,H,other,Not fleeing,sword,Armed,shot,True,False,WI,Wauwatosa
2015-07-16,2015,7,35.0,26-35,M,B,attack,Not fleeing,gun,Armed,shot,False,False,FL,Homestead
2015-07-16,2015,7,30.0,26-35,M,W,attack,Other,gun,Armed,shot,False,False,KS,Kansas City
2015-07-16,2015,7,24.0,18-25,M,O,attack,Not fleeing,gun,Armed,shot,True,False,TN,Chattanooga
2015-07-16,2015,7,23.0,18-25,M,N,attack,Not fleeing,gun,Armed,shot,False,False,WY,Cheyenne
2015-07-16,2015,7,29.0,26-35,M,W,attack,Foot,gun,Armed,shot,False,False,AL,Opp
2015-07-17,2015,7,27.0,26-35,M,W,other,Foot,knife,Armed,shot,False,False,WA,Seattle
2015-07-17,2015,7,23.0,18-25,M,B,attack,Foot,unarmed,Unarmed/Unknown,shot and Tasered,False,False,FL,Orlando
2015-07-17,2015,7,50.0,46-55,M,W,attack,Not fleeing,gun,Armed,shot,True,False,CA,Needles
2015-07-17,2015,7,19.0,18-25,M,B,attack,Foot,unarmed,Unarmed/Unknown,shot,False,False,TN,Memphis
2015-07-17,2015,7,24.0,18-25,M,H,other,Other,undetermined,Unarmed/Unknown,shot,False,False,TX,Brownsville
2015-07-18,2015,7,22.0,18-25,M,W,attack,Not fleeing,knife,Armed,shot,True,False,CO,Fort Collins
2015-07-18,2015,7,46.0,46-55,M,W,attack,Not fleeing,gun,Armed,shot,False,False,AZ,Phoenix
2015-07-18,2015,7,65.0,56-65,M,W,attack,Not fleeing,gun,Armed,shot,False,False,KS,Colby
2015-07-19,2015,7,43.0,36-45,M,B,other,Car,unarmed,Unarmed/Unknown,shot,False,True,OH,Mt. Auburn
2015-07-20,2015,7,35.0,26-35,M,W,attack,Other,gun,Armed,shot,False,False,TX,Winnie
2015-07-20,2015,7,54.0,46-55,M,,other,Not fleeing,knife,Armed,shot,False,False,CA,Fremont
2015-07-21,2015,7,47.0,46-55,M,W,other,Not fleeing,unarmed,Unarmed/Unknown,shot,False,False,GA,White
2015-07-21,2015,7,24.0,18-25,M,W,other,Car,gun,Armed,shot,False,False,FL,Oakland Park
2015-07-21,2015,7,35.0,26-35,M,W,attack,Not fleeing,gun,Armed,shot,False,False,GA,Jesup
2015-07-22,2015,7,25.0,18-25,M,H,attack,Not fleeing,gun,Armed,shot,False,False,WI,Monroe
2015-07-22,2015,7,26.0,26-35,M,B,other,Other,knife,Armed,shot and Tasered,False,False,OK,Oklahoma City
2015-07-22,2015,7,27.0,26-35,M,B,attack,Not fleeing,gun,Armed,shot,False,False,PA,Philadelphia
2015-07-23,2015,7,34.0,26-35,M,B,attack,Not fleeing,gun,Armed,shot,False,False,OH,Dayton
2015-07-23,2015,7,31.0,26-35,M,W,attack,Not fleeing,unarmed,Unarmed/Unknown,shot and Tasered,True,False,MN,Plymouth
2015-07-23,2015,7,32.0,26-35,M,W,attack,Not fleeing,gun,Armed,shot,False,False,SC,Myrtle Beach
2015-07-23,2015,7,47.0,46-55,M,W,attack,Not fleeing,toy weapon,Armed,shot,False,False,WY,Douglas
2015-07-23,2015,7,44.0,36-45,F,W,attack,Not fleeing,gun,Armed,shot,True,False,CA,Meadow Vista
2015-07-24,2015,7,44.0,36-45,M,W,attack,Not fleeing,gun,Armed,shot,False,False,CA,Studio City
2015-07-24,2015,7,30.0,26-35,M,W,other,Not fleeing,knife,Armed,shot and Tasered,False,False,NC,Pinnacle
2015-07-25,2015,7,60.0,56-65,M,W,attack,Car,blunt object,Armed,shot,True,False,LA,New Orleans
2015-07-25,2015,7,50.0,46-55,M,W,attack,Not fleeing,gun,Armed,shot,True,False,GA,Decatur
2015-07-25,2015,7,36.0,36-45,M,B,attack,Not fleeing,toy weapon,Armed,shot,False,False,NV,Las Vegas
2015-07-25,2015,7,59.0,56-65,M,B,attack,Not fleeing,gun,Armed,shot,False,False,FL,Micanopy
2015-07-26,2015,7,33.0,26-35,M,B,attack,Not fleeing,gun,Armed,shot,False,False,LA,Shreveport
2015-07-26,2015,7,19.0,18-25,M,W,other,Other,vehicle,Armed,shot,False,False,SC,Seneca
2015-07-27,2015,7,56.0,56-65,M,W,attack,Not fleeing,knife,Armed,shot,False,False,SC,Irmo
2015-07-27,2015,7,45.0,36-45,M,W,attack,Car,toy weapon,Armed,shot,True,False,LA,Houma
2015-07-27,2015,7,22.0,18-25,M,W,other,Not fleeing,knife,Armed,shot and Tasered,False,False,CO,Boulder
2015-07-28,2015,7,41.0,36-45,M,,other,Not fleeing,knife,Armed,shot,False,False,AR,Manila
2015-07-29,2015,7,34.0,26-35,M,H,undetermined,Foot,gun,Armed,shot,False,False,NM,Las Cruces
2015-07-29,2015,7,53.0,46-55,M,W,attack,Not fleeing,gun,Armed,shot,True,False,UT,Logan
2015-07-30,2015,7,48.0,46-55,M,W,attack,Not fleeing,gun,Armed,shot,False,False,NV,Gardnerville Ranchos
2015-07-30,2015,7,25.0,18-25,M,W,attack,Car,gun,Armed,shot,False,False,CA,Dunsmuir
2015-07-30,2015,7,30.0,26-35,M,H,attack,Not fleeing,gun,Armed,shot,False,False,TX,Fort Worth
2015-07-30,2015,7,47.0,46-55,M,H,attack,Not fleeing,metal stick,Armed,shot and Tasered,False,False,CA,Whittier
2015-07-31,2015,7,33.0,26-35,M,H,attack,Not fleeing,gun,Armed,shot,False,True,NM,Albuquerque
2015-07-31,2015,7,34.0,26-35,M,W,attack,Not fleeing,gun,Armed,shot,False,False,NM,Roswell
2015-08-01,2015,8,52.0,46-55,M,,attack,Not fleeing,gun,Armed,shot,False,False,WV,Nitro
2015-08-01,2015,8,29.0,26-35,M,H,attack,Not fleeing,gun,Armed,shot,False,False,AZ,Tucson
2015-08-02,2015,8,63.0,56-65,M,W,other,Not fleeing,vehicle,Armed,shot,True,False,TX,Houston
2015-08-03,2015,8,49.0,46-55,M,B,attack,Not fleeing,gun,Armed,shot,False,False,CA,Oakland
2015-08-03,2015,8,18.0,18-25,M,W,attack,Foot,gun,Armed,shot,False,False,PA,Campbelltown
2015-08-03,2015,8,71.0,66+,M,W,attack,Not fleeing,gun,Armed,shot,False,False,VA,Powhatan County
2015-08-03,2015,8,35.0,26-35,M,W,attack,Not fleeing,toy weapon,Armed,shot,True,False,IN,Muncie
2015-08-04,2015,8,55.0,46-55,M,H,other,Not fleeing,undetermined,Unarmed/Unknown,shot,True,False,CA,San Diego County
2015-08-04,2015,8,31.0,26-35,M,B,undetermined,Not fleeing,gun,Armed,shot,True,True,IL,Rantoul
2015-08-05,2015,8,18.0,18-25,M,W,attack,Not fleeing,knife,Armed,shot,False,False,KY,Louisville
2015-08-05,2015,8,51.0,46-55,M,W,other,Not fleeing,knife,Armed,shot,True,False,WI,Greenfield
2015-08-05,2015,8,39.0,36-45,M,B,attack,Not fleeing,gun,Armed,shot,False,False,HI,Maui
2015-08-05,2015,8,20.0,18-25,M,B,attack,Foot,gun,Armed,shot,False,False,VA,Richmond
2015-08-05,2015,8,29.0,26-35,M,W,attack,Not fleeing,hatchet,Armed,shot,True,False,TN,Antioch
2015-08-05,2015,8,40.0,36-45,M,W,attack,Not fleeing,gun,Armed,shot,False,False,WA,Tacoma
2015-08-06,2015,8,42.0,36-45,M,H,attack,Not fleeing,knife,Armed,shot,False,False,KY,Elsmere
2015-08-06,2015,8,22.0,18-25,M,B,attack,Car,gun,Armed,shot,False,False,TX,El Paso
2015-08-07,2015,8,19.0,18-25,M,B,other,Not fleeing,unarmed,Unarmed/Unknown,shot,False,False,TX,Arlington
2015-08-07,2015,8,24.0,18-25,M,H,other,Not fleeing,sharp object,Armed,shot,True,True,NV,Las Vegas
2015-08-07,2015,8,30.0,26-35,M,W,attack,Not fleeing,toy weapon,Armed,shot,True,False,CA,Fresno
2015-08-07,2015,8,53.0,46-55,M,W,other,Car,vehicle,Armed,shot,False,False,MT,Superior
2015-08-07,2015,8,25.0,18-25,M,B,attack,Not fleeing,gun,Armed,shot,False,False,NC,Greenville
2015-08-07,2015,8,28.0,26-35,M,B,attack,Not fleeing,knife,Armed,shot,False,False,CA,Long Beach
2015-08-08,2015,8,33.0,26-35,M,,attack,Not fleeing,gun,Armed,shot,False,False,TX,Brookshire
2015-08-08,2015,8,24.0,18-25,M,B,attack,Car,gun,Armed,shot,False,False,SC,Summerville
2015-08-08,2015,8,59.0,56-65,M,W,attack,Not fleeing,gun,Armed,shot,False,False,NC,Gastonia
2015-08-08,2015,8,46.0,46-55,M,W,attack,Not fleeing,gun,Armed,shot,False,False,WA,Spokane
2015-08-09,2015,8,15.0,<18,M,B,attack,Not fleeing,vehicle,Armed,shot,False,False,IN,Indianapolis
2015-08-09,2015,8,41.0,36-45,M,W,attack,Not fleeing,gun,Armed,shot,True,False,OK,Ardmore
2015-08-09,2015,8,77.0,66+,M,,attack,Not fleeing,toy weapon,Armed,shot,True,False,PA,Pittston
2015-08-09,2015,8,22.0,18-25,M,H,attack,Foot,meat cleaver,Armed,shot,False,False,CA,San Jose
2015-08-10,2015,8,24.0,18-25,M,W,other,Not fleeing,vehicle,Armed,shot,False,False,AZ,Gilbert
2015-08-11,2015,8,34.0,26-35,M,W,attack,Not fleeing,gun,Armed,shot,False,False,ID,Sandpoint
2015-08-11,2015,8,48.0,46-55,M,W,other,Not fleeing,knife,Armed,shot and Tasered,False,False,TX,Waco
2015-08-12,2015,8,24.0,18-25,M,W,attack,Not fleeing,gun,Armed,shot,False,False,TX,Odessa
2015-08-12,2015,8,27.0,26-35,M,B,attack,Car,gun,Armed,shot,False,True,CA,Oakland
2015-08-12,2015,8,30.0,26-35,F,B,other,Not fleeing,knife,Armed,shot and Tasered,False,False,CA,Los Angeles
2015-08-12,2015,8,27.0,26-35,M,H,attack,Car,gun,Armed,shot,False,False,CA,Hemet
2015-08-12,2015,8,27.0,26-35,M,B,attack,Car,gun,Armed,shot,False,False,OH,Toledo
2015-08-12,2015,8,49.0,46-55,M,W,undetermined,Car,gun,Armed,shot,False,False,NM,Hobbs
2015-08-14,2015,8,38.0,36-45,M,B,attack,Not fleeing,gun,Armed,shot,False,False,NY,Staten Island
2015-08-14,2015,8,26.0,26-35,M,H,attack,Not fleeing,gun,Armed,shot,False,False,TX,Boerne
2015-08-14,2015,8,30.0,26-35,M,B,attack,Foot,unarmed,Unarmed/Unknown,shot,True,False,MD,District Heights
2015-08-14,2015,8,53.0,46-55,M,W,attack,Car,box cutter,Armed,shot and Tasered,False,False,CT,Bolton
2015-08-15,2015,8,43.0,36-45,M,W,attack,Not fleeing,unarmed,Unarmed/Unknown,shot and Tasered,False,False,IN,Hanover
2015-08-15,2015,8,23.0,18-25,M,B,attack,Not fleeing,gun,Armed,shot,False,False,CA,Sunnyvale
2015-08-15,2015,8,34.0,26-35,M,B,attack,Not fleeing,,Unknown,shot,False,False,CA,Inyokern
2015-08-15,2015,8,30.0,26-35,M,W,attack,Not fleeing,gun,Armed,shot,False,False,NV,Carson City
2015-08-16,2015,8,29.0,26-35,M,H,other,Not fleeing,gun,Armed,shot,False,False,CA,San Jose
2015-08-16,2015,8,47.0,46-55,M,W,attack,Not fleeing,gun,Armed,shot,False,False,TX,Kerrville
2015-08-17,2015,8,35.0,26-35,M,B,attack,Not fleeing,gun,Armed,shot,False,False,TX,Houston
2015-08-17,2015,8,40.0,36-45,M,H,other,Foot,unarmed,Unarmed/Unknown,shot,False,False,CA,San Jose
2015-08-19,2015,8,18.0,18-25,M,B,attack,Foot,gun,Armed,shot,False,False,MO,St. Louis
2015-08-19,2015,8,24.0,18-25,M,B,attack,Car,gun,Armed,shot,False,False,MI,Bloomfield Township
2015-08-19,2015,8,29.0,26-35,M,W,attack,Foot,gun,Armed,shot,True,False,WA,Hunters
2015-08-19,2015,8,44.0,36-45,M,W,attack,Not fleeing,gun,Armed,shot,True,False,NC,Canton
2015-08-20,2015,8,19.0,18-25,M,W,attack,Not fleeing,gun,Armed,shot,True,False,OH,Beverly
2015-08-20,2015,8,50.0,46-55,M,W,attack,Not fleeing,unarmed,Unarmed/Unknown,shot and Tasered,True,False,AL,Tuscaloosa
2015-08-20,2015,8,17.0,<18,M,H,attack,Not fleeing,gun,Armed,shot,True,False,CA,Ontario
2015-08-21,2015,8,57.0,56-65,M,W,attack,Not fleeing,gun,Armed,shot,True,False,WA,Grapeview
2015-08-21,2015,8,30.0,26-35,M,W,attack,Car,vehicle,Armed,shot,False,False,MD,North East
2015-08-21,2015,8,38.0,36-45,M,W,other,Not fleeing,knife,Armed,shot,False,False,NC,Wake Forest
2015-08-22,2015,8,31.0,26-35,M,W,attack,Not fleeing,gun,Armed,shot,False,False,MN,Cohasset
2015-08-22,2015,8,39.0,36-45,M,B,attack,Foot,gun,Armed,shot and Tasered,False,False,NY,Troy
2015-08-22,2015,8,29.0,26-35,M,W,undetermined,Not fleeing,carjack,Armed,shot,False,False,CA,Bakersfield
2015-08-22,2015,8,26.0,26-35,M,W,attack,Car,vehicle,Armed,shot,False,False,KS,Wichita
2015-08-22,2015,8,64.0,56-65,M,W,other,Not fleeing,knife,Armed,shot,False,False,VA,King George
2015-08-23,2015,8,36.0,36-45,M,W,attack,Not fleeing,gun,Armed,shot,True,False,FL,Jacksonville
2015-08-23,2015,8,36.0,36-45,M,W,attack,Car,gun,Armed,shot,False,False,AL,Arab
2015-08-23,2015,8,21.0,18-25,M,W,attack,Not fleeing,toy weapon,Armed,shot,False,False,NJ,Brick Township
2015-08-23,2015,8,53.0,46-55,M,B,attack,Not fleeing,gun,Armed,shot,False,False,NC,Archdale
2015-08-23,2015,8,57.0,56-65,M,W,attack,Not fleeing,gun,Armed,shot,False,False,NV,Las Vegas
2015-08-25,2015,8,30.0,26-35,M,H,attack,Foot,gun,Armed,shot,False,False,NM,Santa Fe
2015-08-25,2015,8,34.0,26-35,M,B,attack,Not fleeing,knife,Armed,shot,False,False,PA,West Chester
2015-08-25,2015,8,53.0,46-55,M,W,attack,Not fleeing,gun,Armed,shot,False,False,FL,Thonotosassa
2015-08-25,2015,8,45.0,36-45,M,W,attack,Not fleeing,gun,Armed,shot,False,False,AZ,Phoenix
2015-08-25,2015,8,22.0,18-25,M,H,attack,Not fleeing,gun,Armed,shot,False,False,FL,Miami
2015-08-26,2015,8,22.0,18-25,M,W,attack,Not fleeing,toy weapon,Armed,shot,True,False,TN,Hendersonville
2015-08-26,2015,8,46.0,46-55,M,W,attack,Car,gun,Armed,shot,False,False,TN,Chattanooga
2015-08-26,2015,8,27.0,26-35,M,W,attack,Not fleeing,gun,Armed,shot,True,False,UT,West Jordan
2015-08-27,2015,8,42.0,36-45,M,B,attack,Not fleeing,box cutter,Armed,shot and Tasered,False,False,TX,Dallas
2015-08-27,2015,8,30.0,26-35,M,B,attack,Not fleeing,chain,Armed,shot,False,True,CA,Oakland
2015-08-27,2015,8,54.0,46-55,M,W,other,Not fleeing,box cutter,Armed,shot,False,True,CA,San Diego
2015-08-27,2015,8,29.0,26-35,M,H,attack,Not fleeing,contractor's level,Armed,shot,False,False,CA,Los Angeles
2015-08-28,2015,8,41.0,36-45,M,H,undetermined,Not fleeing,undetermined,Unarmed/Unknown,shot,True,False,TX,San Antonio
2015-08-28,2015,8,28.0,26-35,M,W,attack,Not fleeing,gun,Armed,shot,True,True,UT,Spanish Fork
2015-08-28,2015,8,61.0,56-65,M,B,other,Not fleeing,unarmed,Unarmed/Unknown,shot,False,False,NY,Mount Vernon
2015-08-28,2015,8,23.0,18-25,M,W,attack,Not fleeing,gun,Armed,shot,False,False,TX,Longview
2015-08-29,2015,8,25.0,18-25,M,B,attack,Foot,gun,Armed,shot,False,False,NV,North Las Vegas
2015-08-29,2015,8,,,M,W,other,Not fleeing,knife,Armed,shot,False,False,TX,San Antonio
2015-08-29,2015,8,29.0,26-35,M,H,undetermined,Car,unarmed,Unarmed/Unknown,shot,False,False,IL,Chicago
2015-08-30,2015,8,20.0,18-25,M,W,attack,Not fleeing,gun,Armed,shot,False,False,OK,Cushing
2015-08-30,2015,8,40.0,36-45,M,H,attack,Not fleeing,gun,Armed,shot,False,False,AZ,Tucson
2015-08-31,2015,8,45.0,36-45,M,W,attack,Foot,knife,Armed,shot,False,False,CO,Loveland
2015-09-01,2015,9,33.0,26-35,M,B,attack,Foot,guns and explosives,Armed,shot,False,False,WV,Bluefield
2015-09-01,2015,9,76.0,66+,M,W,attack,Not fleeing,gun,Armed,shot,False,False,OH,Twinsburg
2015-09-01,2015,9,47.0,46-55,M,W,attack,Not fleeing,gun,Armed,shot,False,False,NM,Artesia
2015-09-02,2015,9,45.0,36-45,M,W,attack,Not fleeing,gun,Armed,shot,True,True,AZ,Prescott
2015-09-03,2015,9,40.0,36-45,M,H,attack,Not fleeing,unarmed,Unarmed/Unknown,shot,True,True,CA,Fresno
2015-09-04,2015,9,37.0,36-45,M,W,attack,Not fleeing,gun,Armed,shot,True,False,SD,Mitchell
2015-09-04,2015,9,49.0,46-55,M,H,attack,Not fleeing,metal pipe,Armed,shot and Tasered,False,False,IN,French Lick
2015-09-04,2015,9,27.0,26-35,M,W,attack,Car,gun,Armed,shot,False,False,CA,Weitchpec
2015-09-04,2015,9,36.0,36-45,M,W,attack,Not fleeing,gun,Armed,shot,False,False,TX,Springtown
2015-09-04,2015,9,23.0,18-25,M,W,other,Not fleeing,knife,Armed,shot,True,False,NH,Merrimack
2015-09-05,2015,9,21.0,18-25,M,B,attack,Not fleeing,toy weapon,Armed,shot,True,False,NC,Durham
2015-09-05,2015,9,32.0,26-35,M,H,other,Not fleeing,metal pipe,Armed,shot,True,True,CA,Ontario
2015-09-05,2015,9,35.0,26-35,M,B,attack,Not fleeing,gun,Armed,shot,False,False,VA,Virginia Beach
2015-09-05,2015,9,28.0,26-35,F,B,undetermined,Not fleeing,unarmed,Unarmed/Unknown,shot,False,False,VA,Virginia Beach
2015-09-06,2015,9,59.0,56-65,M,H,attack,Car,gun,Armed,shot,False,False,FL,Little Havana
2015-09-06,2015,9,28.0,26-35,M,B,attack,Car,gun,Armed,shot,True,False,LA,Shreveport
2015-09-06,2015,9,45.0,36-45,M,W,attack,Not fleeing,gun,Armed,shot,False,False,NM,Hobbs
2015-09-07,2015,9,45.0,36-45,M,H,other,Foot,metal pipe,Armed,shot,False,True,CA,Fresno
2015-09-08,2015,9,19.0,18-25,M,N,attack,Not fleeing,gun,Armed,shot,False,False,AK,Fairbanks
2015-09-09,2015,9,25.0,18-25,M,W,attack,Not fleeing,gun,Armed,shot,False,False,WI,Ashwaubenon
2015-09-09,2015,9,37.0,36-45,M,B,other,Not fleeing,guns and explosives,Armed,shot,True,False,MO,Kansas City
2015-09-09,2015,9,33.0,26-35,M,N,attack,Car,gun,Armed,shot,False,False,AK,Fairbanks
2015-09-09,2015,9,59.0,56-65,M,A,attack,Not fleeing,knife,Armed,shot,False,False,CA,El Monte
2015-09-10,2015,9,31.0,26-35,M,A,attack,Not fleeing,knife,Armed,shot,False,False,NY,Potsdam
2015-09-10,2015,9,35.0,26-35,M,,other,Not fleeing,knife,Armed,shot,True,False,CA,Fontana
2015-09-10,2015,9,29.0,26-35,M,B,attack,Not fleeing,gun,Armed,shot,False,False,IN,Indianapolis
2015-09-10,2015,9,32.0,26-35,M,W,attack,Foot,gun,Armed,shot,False,False,CA,Lodi
2015-09-10,2015,9,41.0,36-45,M,H,attack,Car,gun,Armed,shot,False,False,CA,Downey
2015-09-11,2015,9,31.0,26-35,M,W,attack,Not fleeing,gun,Armed,shot,False,False,PA,Chester
2015-09-11,2015,9,44.0,36-45,M,W,attack,Car,gun,Armed,shot,False,False,CO,Broomfield
2015-09-12,2015,9,23.0,18-25,M,W,undetermined,Other,undetermined,Unarmed/Unknown,shot,False,False,AL,Sylacauga
2015-09-12,2015,9,45.0,36-45,M,W,attack,Not fleeing,gun,Armed,shot,False,False,TN,West Knox
2015-09-13,2015,9,39.0,36-45,M,W,attack,Not fleeing,gun,Armed,shot,True,False,IA,Wellman
2015-09-13,2015,9,67.0,66+,M,B,attack,Not fleeing,gun,Armed,shot,True,False,OK,McAlester
2015-09-13,2015,9,29.0,26-35,M,W,attack,Car,gun,Armed,shot,False,False,TX,Clute
2015-09-14,2015,9,25.0,18-25,M,B,attack,Car,gun,Armed,shot,False,False,KY,Princeton
2015-09-14,2015,9,28.0,26-35,M,W,attack,Not fleeing,unarmed,Unarmed/Unknown,shot,True,False,CA,Barstow
2015-09-15,2015,9,21.0,18-25,M,B,attack,Not fleeing,unknown weapon,Armed,shot,False,False,LA,Chalmette
2015-09-15,2015,9,32.0,26-35,M,H,attack,Not fleeing,gun,Armed,shot,False,True,CA,Panorama City
2015-09-15,2015,9,51.0,46-55,M,H,undetermined,Car,gun,Armed,shot,True,False,FL,Miami
2015-09-15,2015,9,39.0,36-45,M,H,attack,Not fleeing,gun,Armed,shot,False,False,CA,Los Angeles
2015-09-15,2015,9,27.0,26-35,M,B,other,Not fleeing,gun,Armed,shot,False,False,LA,Alexandria
2015-09-16,2015,9,31.0,26-35,M,W,attack,Foot,gun,Armed,shot,True,False,SD,Lead
2015-09-17,2015,9,50.0,46-55,M,W,attack,Not fleeing,gun,Armed,shot,False,False,MI,Beaverton
2015-09-17,2015,9,,,M,W,attack,Not fleeing,gun,Armed,shot,False,False,KY,Brodhead
2015-09-18,2015,9,32.0,26-35,M,W,undetermined,Car,vehicle,Armed,shot,False,False,CA,San Bernardino
2015-09-18,2015,9,47.0,46-55,M,W,undetermined,Not fleeing,undetermined,Unarmed/Unknown,shot,False,False,TN,Dickson
2015-09-19,2015,9,46.0,46-55,M,W,attack,Car,gun,Armed,shot,False,False,LA,Slidell
2015-09-19,2015,9,57.0,56-65,M,W,attack,Not fleeing,gun,Armed,shot,True,True,AL,Washington County
2015-09-20,2015,9,23.0,18-25,M,W,attack,Not fleeing,gun,Armed,shot,False,True,VA,Harrisonburg
2015-09-20,2015,9,56.0,56-65,M,W,attack,Not fleeing,gun,Armed,shot,False,False,IN,Shelbyville
2015-09-21,2015,9,24.0,18-25,M,H,attack,Not fleeing,gun,Armed,shot,True,False,TX,Dallas
2015-09-21,2015,9,27.0,26-35,M,W,attack,Not fleeing,gun,Armed,shot,False,False,CA,Sand City
2015-09-21,2015,9,23.0,18-25,F,W,attack,Not fleeing,gun,Armed,shot,False,False,CA,Sand City
2015-09-21,2015,9,21.0,18-25,M,W,attack,Not fleeing,unarmed,Unarmed/Unknown,shot and Tasered,False,False,TX,Paris
2015-09-21,2015,9,26.0,26-35,M,W,attack,Not fleeing,gun,Armed,shot,False,False,FL,Barberville
2015-09-21,2015,9,34.0,26-35,M,H,other,Foot,stapler,Armed,shot,False,False,FL,Auburndale
2015-09-22,2015,9,32.0,26-35,M,B,attack,Car,gun,Armed,shot,False,False,CA,Oakland
2015-09-22,2015,9,33.0,26-35,M,W,attack,Not fleeing,gun,Armed,shot,True,False,FL,Niceville
2015-09-22,2015,9,55.0,46-55,M,W,attack,Not fleeing,gun,Armed,shot,True,False,CA,Happy Valley
2015-09-22,2015,9,26.0,26-35,M,,attack,Not fleeing,gun,Armed,shot,False,False,NV,North Las Vegas
2015-09-23,2015,9,48.0,46-55,M,O,attack,Not fleeing,knife,Armed,shot,False,False,UT,Salt Lake City
2015-09-23,2015,9,35.0,26-35,M,W,attack,Not fleeing,gun,Armed,shot,False,False,TX,McKinney
2015-09-23,2015,9,19.0,18-25,M,B,other,Foot,unarmed,Unarmed/Unknown,shot,False,False,MD,Reisterstown
2015-09-23,2015,9,45.0,36-45,M,W,attack,Not fleeing,gun,Armed,shot,False,False,VA,Grayson County
2015-09-23,2015,9,28.0,26-35,M,B,undetermined,Not fleeing,gun,Armed,shot,True,False,DE,Wilmington
2015-09-24,2015,9,42.0,36-45,M,H,attack,Not fleeing,knife,Armed,shot,False,False,FL,Miami
2015-09-24,2015,9,17.0,<18,M,W,attack,Not fleeing,gun,Armed,shot,False,False,CO,Fountain
2015-09-24,2015,9,30.0,26-35,M,O,other,Not fleeing,screwdriver,Armed,shot,True,False,MN,St. Paul
2015-09-25,2015,9,21.0,18-25,M,W,undetermined,Other,unarmed,Unarmed/Unknown,shot,False,False,OH,Akron
2015-09-25,2015,9,33.0,26-35,M,B,other,Not fleeing,box cutter,Armed,shot and Tasered,False,False,IL,Chicago
2015-09-25,2015,9,45.0,36-45,M,W,attack,Not fleeing,gun,Armed,shot,False,False,AZ,Wilhoit
2015-09-26,2015,9,46.0,46-55,M,B,attack,Not fleeing,knife,Armed,shot,False,False,LA,Baton Rouge
2015-09-26,2015,9,23.0,18-25,M,H,attack,Not fleeing,gun,Armed,shot,False,False,NM,Lovington
2015-09-27,2015,9,37.0,36-45,F,H,other,Not fleeing,knife,Armed,shot,True,True,CA,Los Angeles
2015-09-27,2015,9,43.0,36-45,M,W,attack,Not fleeing,gun,Armed,shot,False,False,GA,Rossville
2015-09-27,2015,9,40.0,36-45,M,H,attack,Not fleeing,gun,Armed,shot,False,False,TX,Ponder
2015-09-28,2015,9,31.0,26-35,M,B,attack,Foot,unarmed,Unarmed/Unknown,shot and Tasered,False,False,FL,Miami
2015-09-28,2015,9,59.0,56-65,M,H,attack,Not fleeing,toy weapon,Armed,shot,False,True,CA,San Ysidro
2015-09-29,2015,9,46.0,46-55,M,N,attack,Not fleeing,blunt object,Armed,shot,False,False,SD,Rapid City
2015-09-29,2015,9,37.0,36-45,M,W,attack,Not fleeing,unarmed,Unarmed/Unknown,shot,False,False,MN,Mora
2015-09-30,2015,9,28.0,26-35,M,B,attack,Car,gun,Armed,shot,False,False,WV,Beckley
2015-10-02,2015,10,28.0,26-35,M,H,attack,Car,gun,Armed,shot,False,False,AZ,Sierra Vista
2015-10-02,2015,10,26.0,26-35,M,H,attack,Not fleeing,knife,Armed,shot and Tasered,False,False,CA,Rialto
2015-10-02,2015,10,55.0,46-55,F,W,other,Not fleeing,knife,Armed,shot,True,False,OR,Aloha
2015-10-02,2015,10,29.0,26-35,M,W,undetermined,Not fleeing,unarmed,Unarmed/Unknown,shot,False,False,TX,Amarillo
2015-10-04,2015,10,45.0,36-45,M,,undetermined,Not fleeing,beer bottle,Armed,shot,False,False,CA,Van Nuys
2015-10-04,2015,10,27.0,26-35,M,W,attack,Foot,gun,Armed,shot,True,False,AL,Muscle Shoals
2015-10-04,2015,10,31.0,26-35,M,B,attack,Not fleeing,gun,Armed,shot,False,False,IL,Chicago
2015-10-05,2015,10,51.0,46-55,M,W,attack,Foot,gun,Armed,shot,False,False,TX,Hurst
2015-10-05,2015,10,50.0,46-55,M,W,attack,Not fleeing,gun,Armed,shot,False,False,NJ,Woodbridge
2015-10-05,2015,10,27.0,26-35,M,O,other,Not fleeing,unarmed,Unarmed/Unknown,shot,False,False,OH,Akron
2015-10-05,2015,10,18.0,18-25,M,B,attack,Not fleeing,gun,Armed,shot,False,False,OK,Midwest City
2015-10-06,2015,10,39.0,36-45,M,,attack,Not fleeing,gun,Armed,shot,True,False,CA,Monterey
2015-10-07,2015,10,46.0,46-55,M,H,attack,Not fleeing,machete,Armed,shot,False,False,FL,West Palm Beach
2015-10-09,2015,10,19.0,18-25,M,B,other,Not fleeing,knife,Armed,shot,False,False,MD,Columbia
2015-10-09,2015,10,62.0,56-65,F,,attack,Not fleeing,gun,Armed,shot,False,False,CA,Aguanga
2015-10-10,2015,10,49.0,46-55,M,W,attack,Not fleeing,vehicle,Armed,shot,True,False,MA,Beverly
2015-10-10,2015,10,31.0,26-35,M,W,attack,Not fleeing,gun,Armed,shot,False,False,CT,Old Saybrook
2015-10-10,2015,10,38.0,36-45,M,W,other,Car,vehicle,Armed,shot,True,False,CA,Pinion Hills
2015-10-10,2015,10,40.0,36-45,M,W,attack,Not fleeing,crossbow,Armed,shot,False,False,MI,Cato Township
2015-10-10,2015,10,35.0,26-35,M,H,undetermined,Not fleeing,unknown weapon,Armed,shot and Tasered,False,False,IL,Lisle
2015-10-11,2015,10,34.0,26-35,M,H,undetermined,Other,undetermined,Unarmed/Unknown,shot,False,False,CA,San Bernardino
2015-10-11,2015,10,44.0,36-45,M,A,attack,Not fleeing,gun,Armed,shot,False,False,LA,Lakes Charles
2015-10-11,2015,10,23.0,18-25,M,B,attack,Not fleeing,gun,Armed,shot,False,False,SC,Taylors
2015-10-11,2015,10,43.0,36-45,M,H,other,Car,machete,Armed,shot,False,False,TX,West Odessa
2015-10-12,2015,10,,,M,B,attack,Not fleeing,gun,Armed,shot,False,False,OK,Lawton
2015-10-12,2015,10,31.0,26-35,M,W,attack,Not fleeing,gun,Armed,shot,False,False,MS,Brookhaven
2015-10-14,2015,10,27.0,26-35,M,W,attack,Not fleeing,gun,Armed,shot,False,False,GA,Cartersville
2015-10-14,2015,10,46.0,46-55,F,W,attack,Car,gun,Armed,shot,True,False,FL,Naples
2015-10-14,2015,10,18.0,18-25,M,H,other,Car,vehicle,Armed,shot,False,False,CA,Indio
2015-10-14,2015,10,59.0,56-65,M,,attack,Not fleeing,gun,Armed,shot,False,False,CA,Seaside
2015-10-14,2015,10,57.0,56-65,M,B,attack,Not fleeing,gun,Armed,shot,False,False,AL,Monroeville
2015-10-15,2015,10,15.0,<18,M,H,attack,Car,gun,Armed,shot,False,False,FL,Miami
2015-10-15,2015,10,25.0,18-25,M,B,attack,Not fleeing,gun,Armed,shot,False,False,OH,Columbus
2015-10-15,2015,10,50.0,46-55,F,W,attack,Car,gun,Armed,shot,True,False,NV,Las Vegas
2015-10-15,2015,10,31.0,26-35,M,W,attack,Car,toy weapon,Armed,shot,False,False,OH,Parma
2015-10-15,2015,10,35.0,26-35,M,W,attack,Foot,gun,Armed,shot,False,False,WA,Kirkland
2015-10-15,2015,10,27.0,26-35,M,H,attack,Not fleeing,gun,Armed,shot,False,False,CA,San Francisco
2015-10-15,2015,10,20.0,18-25,M,B,attack,Not fleeing,gun,Armed,shot,False,False,TX,Houston
2015-10-16,2015,10,27.0,26-35,M,H,attack,Not fleeing,unarmed,Unarmed/Unknown,shot,False,False,CA,Valinda
2015-10-16,2015,10,45.0,36-45,M,,attack,Not fleeing,gun,Armed,shot,False,False,GA,Barrow County
2015-10-16,2015,10,33.0,26-35,M,B,undetermined,Foot,undetermined,Unarmed/Unknown,shot,False,False,MS,Columbus
2015-10-17,2015,10,22.0,18-25,M,H,attack,Not fleeing,toy weapon,Armed,shot,False,False,CA,Modesto
2015-10-17,2015,10,28.0,26-35,M,B,other,Not fleeing,knife,Armed,shot and Tasered,True,False,PA,York
2015-10-18,2015,10,31.0,26-35,M,B,undetermined,Not fleeing,gun,Armed,shot,False,False,FL,Palm Beach Gardens
2015-10-18,2015,10,28.0,26-35,M,W,attack,Not fleeing,knife,Armed,shot,True,False,CA,Fresno
2015-10-19,2015,10,53.0,46-55,M,B,attack,Not fleeing,vehicle,Armed,shot,False,False,CA,Los Angeles
2015-10-20,2015,10,30.0,26-35,M,W,attack,Not fleeing,toy weapon,Armed,shot,False,False,KY,Louisville
2015-10-20,2015,10,39.0,36-45,M,B,attack,Not fleeing,toy weapon,Armed,shot,False,False,CA,San Diego
2015-10-20,2015,10,40.0,36-45,M,H,attack,Not fleeing,gun,Armed,shot,False,False,NM,Truth or Consequences
2015-10-20,2015,10,30.0,26-35,M,W,attack,Not fleeing,knife,Armed,shot,False,False,LA,Mandeville
2015-10-20,2015,10,21.0,18-25,M,W,attack,Foot,gun,Armed,shot,False,False,IA,Cedar Rapids
2015-10-21,2015,10,35.0,26-35,M,H,other,Other,knife,Armed,shot,False,False,CA,Calexico
2015-10-21,2015,10,21.0,18-25,M,H,attack,Not fleeing,unarmed,Unarmed/Unknown,shot,True,False,CA,West Goshen
2015-10-21,2015,10,47.0,46-55,M,W,attack,Not fleeing,gun,Armed,shot,True,False,MI,Kentwood
2015-10-22,2015,10,38.0,36-45,M,B,attack,Not fleeing,knife,Armed,shot,False,False,LA,Shreveport
2015-10-22,2015,10,36.0,36-45,M,B,attack,Car,gun,Armed,shot,False,False,CA,Carmichael
2015-10-22,2015,10,53.0,46-55,M,W,other,Not fleeing,undetermined,Unarmed/Unknown,shot,False,False,KY,Pine Top
2015-10-24,2015,10,,,M,,attack,Not fleeing,gun,Armed,shot,False,False,NY,New Paltz
2015-10-24,2015,10,34.0,26-35,M,H,attack,Not fleeing,gun,Armed,shot,False,False,CA,Highgrove
2015-10-24,2015,10,34.0,26-35,M,B,attack,Not fleeing,gun,Armed,shot,False,True,FL,Cape Coral
2015-10-24,2015,10,30.0,26-35,M,B,undetermined,Not fleeing,undetermined,Unarmed/Unknown,shot,False,False,CA,Cathedral City
2015-10-24,2015,10,28.0,26-35,M,W,attack,Not fleeing,gun,Armed,shot,True,False,OH,Zanesville
2015-10-24,2015,10,47.0,46-55,M,W,attack,Not fleeing,gun,Armed,shot,False,False,WI,Paddock Lake
2015-10-24,2015,10,49.0,46-55,M,W,attack,Not fleeing,undetermined,Unarmed/Unknown,shot,False,False,AK,Kenai Peninsula
2015-10-25,2015,10,36.0,36-45,M,W,attack,Not fleeing,gun,Armed,shot,False,False,GA,Talking Rock
2015-10-26,2015,10,45.0,36-45,M,B,other,Not fleeing,vehicle,Armed,shot,False,False,MD,Frederick
2015-10-26,2015,10,21.0,18-25,F,B,attack,Not fleeing,gun,Armed,shot,False,False,DC,Washington
2015-10-26,2015,10,18.0,18-25,M,O,attack,Foot,unarmed,Unarmed/Unknown,shot,False,False,FL,Tampa
2015-10-27,2015,10,25.0,18-25,M,B,attack,Not fleeing,gun,Armed,shot,False,True,GA,Savannah
2015-10-28,2015,10,29.0,26-35,M,B,attack,Not fleeing,unarmed,Unarmed/Unknown,shot,False,False,CA,Point Loma
2015-10-28,2015,10,57.0,56-65,M,W,attack,Not fleeing,gun,Armed,shot,False,False,MS,Smithville
2015-10-28,2015,10,34.0,26-35,M,B,attack,Not fleeing,gun,Armed,shot,False,False,FL,Jacksonville
2015-10-28,2015,10,35.0,26-35,M,W,attack,Car,gun,Armed,shot,False,False,OR,Salem
2015-10-29,2015,10,,,M,B,other,Not fleeing,gun,Armed,shot,False,False,OH,Columbus
2015-10-29,2015,10,18.0,18-25,M,W,attack,Not fleeing,gun,Armed,shot,False,False,TN,Hohenwald
2015-10-30,2015,10,62.0,56-65,M,W,attack,Other,gun,Armed,shot,False,False,KY,Burkesville
2015-10-30,2015,10,29.0,26-35,M,H,attack,Car,gun,Armed,shot,False,False,TX,Mesquite
2015-10-30,2015,10,25.0,18-25,M,B,other,Foot,gun,Armed,shot,False,False,TX,Houston
2015-10-30,2015,10,30.0,26-35,M,W,attack,Foot,knife,Armed,shot and Tasered,False,False,OK,Norwood
2015-10-31,2015,10,33.0,26-35,M,W,attack,Not fleeing,gun,Armed,shot,False,False,CO,Colorado Springs
2015-10-31,2015,10,56.0,56-65,M,B,other,Car,unarmed,Unarmed/Unknown,shot,False,False,AL,Opelika
2015-11-01,2015,11,49.0,46-55,M,W,attack,Not fleeing,gun,Armed,shot,False,False,MN,Hutchinson
2015-11-01,2015,11,20.0,18-25,M,W,attack,Not fleeing,gun,Armed,shot,False,False,CA,Eureka
2015-11-01,2015,11,62.0,56-65,M,W,undetermined,Not fleeing,gun,Armed,shot,False,True,ID,Council
2015-11-02,2015,11,62.0,56-65,M,B,attack,Car,gun,Armed,shot,False,False,DC,Washington
2015-11-03,2015,11,6.0,<18,M,W,other,Car,unarmed,Unarmed/Unknown,shot,False,True,LA,Marksville
2015-11-04,2015,11,30.0,26-35,M,W,attack,Foot,gun,Armed,shot,False,False,MO,Springfield
2015-11-04,2015,11,57.0,56-65,M,B,attack,Car,gun,Armed,shot,False,False,TX,Houston
2015-11-04,2015,11,18.0,18-25,M,O,attack,Foot,knife,Armed,shot,False,False,CA,Merced
2015-11-04,2015,11,47.0,46-55,M,W,other,Foot,unarmed,Unarmed/Unknown,shot,False,True,CA,Pacific Beach
2015-11-05,2015,11,48.0,46-55,M,W,attack,Not fleeing,gun,Armed,shot,False,False,WV,Morgantown
2015-11-05,2015,11,20.0,18-25,M,W,attack,Car,gun,Armed,shot,True,False,OK,Hominy
2015-11-05,2015,11,30.0,26-35,M,W,attack,Not fleeing,hammer,Armed,shot,False,False,MO,Lakeshire
2015-11-05,2015,11,36.0,36-45,F,W,attack,Not fleeing,gun,Armed,shot,True,False,SC,Goose Creek
2015-11-06,2015,11,51.0,46-55,M,W,attack,Not fleeing,gun,Armed,shot,True,False,OR,Portland
2015-11-06,2015,11,55.0,46-55,M,W,other,Car,vehicle,Armed,shot,False,False,NV,Las Vegas
2015-11-06,2015,11,48.0,46-55,M,W,undetermined,Not fleeing,undetermined,Unarmed/Unknown,shot,False,False,NC,Wadesboro
2015-11-09,2015,11,20.0,18-25,M,B,attack,Car,vehicle,Armed,shot,False,False,SC,Spartanburg
2015-11-09,2015,11,25.0,18-25,M,H,attack,Not fleeing,gun,Armed,shot,True,False,TX,North Laredo
2015-11-09,2015,11,26.0,26-35,M,W,attack,Not fleeing,gun,Armed,shot,False,False,WV,Braxton County
2015-11-09,2015,11,45.0,36-45,M,H,attack,Not fleeing,gun,Armed,shot,False,False,CA,San Jose
2015-11-09,2015,11,35.0,26-35,M,H,other,Not fleeing,bean-bag gun,Armed,shot and Tasered,False,False,CA,Los Angeles
2015-11-10,2015,11,63.0,56-65,M,W,attack,Not fleeing,toy weapon,Armed,shot,True,False,CO,Colorado Springs
2015-11-10,2015,11,34.0,26-35,M,H,attack,Not fleeing,gun,Armed,shot,False,False,CA,Chico
2015-11-10,2015,11,36.0,36-45,M,H,other,Car,vehicle,Armed,shot,False,False,CO,Brighton
2015-11-10,2015,11,22.0,18-25,M,W,attack,Not fleeing,gun,Armed,shot,False,False,MT,Dillon
2015-11-11,2015,11,31.0,26-35,M,H,other,Car,vehicle,Armed,shot,False,False,NM,Albuquerque
2015-11-11,2015,11,25.0,18-25,M,H,attack,Not fleeing,gun,Armed,shot,False,False,CA,San Francisco
2015-11-11,2015,11,57.0,56-65,M,W,attack,Not fleeing,gun,Armed,shot,False,False,SC,Aiken
2015-11-11,2015,11,32.0,26-35,M,B,attack,Not fleeing,gun,Armed,shot,False,False,MD,Baltimore
2015-11-12,2015,11,42.0,36-45,M,B,other,Not fleeing,knife,Armed,shot,False,False,CA,Sunnyvale
2015-11-13,2015,11,52.0,46-55,M,W,attack,Not fleeing,toy weapon,Armed,shot,False,False,TN,Gibson County
2015-11-13,2015,11,25.0,18-25,M,H,undetermined,,undetermined,Unarmed/Unknown,shot,False,False,CA,Jurupa Valley
2015-11-13,2015,11,25.0,18-25,M,W,attack,Foot,gun,Armed,shot,False,False,GA,Eden
2015-11-14,2015,11,31.0,26-35,M,H,other,Not fleeing,hammer,Armed,shot,False,False,CA,Jurupa Valley
2015-11-15,2015,11,39.0,36-45,M,B,attack,Not fleeing,toy weapon,Armed,shot,False,False,CA,Oakland
2015-11-15,2015,11,32.0,26-35,M,W,attack,Not fleeing,Taser,Armed,shot and Tasered,False,False,NC,Spring Lake
2015-11-15,2015,11,16.0,<18,M,B,attack,Not fleeing,unknown weapon,Armed,shot,False,False,PA,Germantown
2015-11-15,2015,11,24.0,18-25,M,B,undetermined,Not fleeing,unarmed,Unarmed/Unknown,shot,False,False,MN,Minneapolis
2015-11-16,2015,11,28.0,26-35,M,W,undetermined,Car,vehicle,Armed,shot,False,False,TX,Leon County
2015-11-16,2015,11,25.0,18-25,M,W,other,Car,vehicle,Armed,shot,False,False,GA,Whitfield County
2015-11-17,2015,11,41.0,36-45,M,W,undetermined,Car,gun,Armed,shot,False,False,TX,Weatherford
2015-11-17,2015,11,28.0,26-35,M,B,attack,Foot,gun,Armed,shot,True,False,FL,Miami
2015-11-17,2015,11,21.0,18-25,M,B,attack,Not fleeing,gun,Armed,shot,False,False,SC,Cayce
2015-11-17,2015,11,30.0,26-35,M,B,other,Car,vehicle,Armed,shot,False,False,TX,Weatherford
2015-11-17,2015,11,58.0,56-65,M,W,other,Not fleeing,unarmed,Unarmed/Unknown,shot,False,False,GA,Arlington
2015-11-17,2015,11,47.0,46-55,M,W,attack,Not fleeing,gun,Armed,shot,True,False,NJ,Little Egg Harbor
2015-11-18,2015,11,25.0,18-25,M,B,other,Not fleeing,unknown weapon,Armed,shot,False,False,FL,Opa-Locka
2015-11-18,2015,11,44.0,36-45,M,B,attack,Not fleeing,gun,Armed,shot,False,False,MI,Berrien County
2015-11-19,2015,11,34.0,26-35,M,B,attack,,gun,Armed,shot,False,False,FL,Manatee
2015-11-19,2015,11,27.0,26-35,M,B,attack,Not fleeing,knife,Armed,shot,False,False,FL,Fort Pierce
2015-11-19,2015,11,34.0,26-35,M,B,other,Not fleeing,knife,Armed,shot,False,False,DC,Washington
2015-11-20,2015,11,39.0,36-45,M,W,attack,Not fleeing,gun,Armed,shot,True,False,GA,Paulding County
2015-11-20,2015,11,29.0,26-35,M,B,attack,Not fleeing,unarmed,Unarmed/Unknown,shot,True,False,CA,Barstow
2015-11-21,2015,11,24.0,18-25,M,W,attack,Foot,unarmed,Unarmed/Unknown,shot,False,False,OK,Colbert
2015-11-22,2015,11,47.0,46-55,M,W,attack,Not fleeing,knife,Armed,shot,True,False,CA,Fontana
2015-11-22,2015,11,45.0,36-45,M,W,attack,Not fleeing,gun,Armed,shot,False,False,NV,Reno
2015-11-22,2015,11,28.0,26-35,M,H,attack,Not fleeing,gun,Armed,shot,False,False,CO,Denver
2015-11-23,2015,11,49.0,46-55,M,H,other,Not fleeing,knife,Armed,shot and Tasered,False,True,TX,Corpus Christi
2015-11-23,2015,11,50.0,46-55,M,W,attack,Not fleeing,gun,Armed,shot,False,False,OH,Columbus
2015-11-24,2015,11,45.0,36-45,M,W,other,Not fleeing,toy weapon,Armed,shot,False,False,MN,Columbia Heights
2015-11-24,2015,11,32.0,26-35,M,W,attack,Foot,toy weapon,Armed,shot and Tasered,True,True,NV,Las Vegas
2015-11-24,2015,11,24.0,18-25,M,B,attack,Not fleeing,gun,Armed,shot,False,False,NJ,Camden
2015-11-25,2015,11,23.0,18-25,M,W,attack,Not fleeing,knife,Armed,shot,False,False,MO,Springfield
2015-11-25,2015,11,52.0,46-55,M,W,attack,Not fleeing,gun,Armed,shot,False,False,AZ,Eagar
2015-11-25,2015,11,37.0,36-45,F,W,attack,Not fleeing,gun,Armed,shot,False,False,MO,Ozark
2015-11-26,2015,11,26.0,26-35,M,W,other,Car,unarmed,Unarmed/Unknown,shot,False,True,CA,Chico
2015-11-27,2015,11,58.0,56-65,M,W,attack,Not fleeing,gun,Armed,shot,False,False,MO,Lampe
2015-11-28,2015,11,50.0,46-55,M,W,other,Not fleeing,baseball bat and fireplace poker,Armed,shot,False,False,TX,Seagoville
2015-11-29,2015,11,22.0,18-25,M,W,attack,Not fleeing,gun,Armed,shot,False,False,OH,Celina
2015-11-29,2015,11,53.0,46-55,M,W,attack,Not fleeing,gun,Armed,shot,False,False,MO,Maysville
2015-11-29,2015,11,69.0,66+,M,H,attack,Not fleeing,gun,Armed,shot,True,False,AZ,Sun City
2015-11-29,2015,11,23.0,18-25,M,H,attack,Foot,gun,Armed,shot,False,False,CA,Bakersfield
2015-11-29,2015,11,29.0,26-35,M,W,attack,,gun,Armed,shot,False,False,NE,Lincoln
2015-11-30,2015,11,25.0,18-25,M,A,attack,Car,vehicle,Armed,shot,False,False,CO,Aurora
2015-11-30,2015,11,18.0,18-25,M,B,attack,Foot,gun,Armed,shot,False,False,GA,Atlanta
2015-11-30,2015,11,31.0,26-35,M,H,other,Not fleeing,undetermined,Unarmed/Unknown,shot,False,False,TX,Wink
2015-12-01,2015,12,23.0,18-25,M,W,attack,Foot,gun,Armed,shot,False,False,ME,Bangor
2015-12-01,2015,12,18.0,18-25,M,H,attack,Not fleeing,gun,Armed,shot,False,False,CA,Norwalk
2015-12-02,2015,12,35.0,26-35,M,H,attack,Car,gun,Armed,shot,False,False,CO,Denver
2015-12-02,2015,12,27.0,26-35,F,O,attack,Car,gun,Armed,shot,False,False,CA,San Bernardino
2015-12-02,2015,12,28.0,26-35,M,O,attack,Car,gun,Armed,shot,False,False,CA,San Bernardino
2015-12-02,2015,12,26.0,26-35,M,B,other,Not fleeing,knife,Armed,shot,False,False,CA,San Francisco
2015-12-02,2015,12,32.0,26-35,M,H,other,Not fleeing,gun,Armed,shot,False,False,TX,San Antonio
2015-12-02,2015,12,36.0,36-45,M,H,attack,Not fleeing,gun,Armed,shot,False,False,NM,Deming
2015-12-03,2015,12,66.0,66+,M,W,attack,Not fleeing,gun,Armed,shot,False,False,NE,Big Springs
2015-12-04,2015,12,47.0,46-55,M,W,other,Not fleeing,metal stick,Armed,shot and Tasered,False,False,AZ,Mesa
2015-12-04,2015,12,21.0,18-25,M,B,attack,Not fleeing,gun,Armed,shot,False,False,PA,Mount Washington
2015-12-05,2015,12,24.0,18-25,M,W,attack,Foot,gun,Armed,shot,False,False,TX,Irving
2015-12-05,2015,12,51.0,46-55,M,W,other,Not fleeing,straight edge razor,Armed,shot and Tasered,False,True,FL,Miami
2015-12-05,2015,12,60.0,56-65,M,W,other,Not fleeing,gun,Armed,shot,False,False,WI,Neenah
2015-12-05,2015,12,61.0,56-65,F,W,attack,Not fleeing,gun,Armed,shot,False,False,MO,St. Louis
2015-12-05,2015,12,38.0,36-45,M,H,attack,Not fleeing,gun,Armed,shot,False,False,CA,Indio
2015-12-06,2015,12,35.0,26-35,M,W,attack,Car,gun,Armed,shot,False,False,WA,Seattle
2015-12-06,2015,12,46.0,46-55,M,B,attack,Not fleeing,gun,Armed,shot,True,False,OH,Richmond Heights
2015-12-06,2015,12,48.0,46-55,M,W,other,Not fleeing,knife,Armed,shot,True,False,WY,Laramie
2015-12-08,2015,12,36.0,36-45,M,B,other,Foot,unarmed,Unarmed/Unknown,shot,False,False,NY,Yonkers
2015-12-08,2015,12,33.0,26-35,M,B,attack,Not fleeing,gun,Armed,shot,False,False,OH,Cleveland
2015-12-09,2015,12,66.0,66+,M,W,attack,Not fleeing,gun,Armed,shot,False,False,KY,Leitchfield
2015-12-09,2015,12,51.0,46-55,M,,attack,Not fleeing,gun,Armed,shot,True,False,OK,Pryor
2015-12-10,2015,12,34.0,26-35,M,W,attack,Not fleeing,gun,Armed,shot,False,False,IN,Indianapolis
2015-12-10,2015,12,55.0,46-55,M,B,attack,Not fleeing,gun,Armed,shot,False,False,SC,Taylors
2015-12-10,2015,12,54.0,46-55,M,W,attack,Not fleeing,knife,Armed,shot,False,False,CA,Marina
2015-12-10,2015,12,,,M,,attack,Not fleeing,gun,Armed,shot,False,False,CA,Hemet
2015-12-11,2015,12,36.0,36-45,M,W,attack,Not fleeing,unarmed,Unarmed/Unknown,shot,False,False,AZ,Tucson
2015-12-12,2015,12,25.0,18-25,M,B,attack,Not fleeing,knife,Armed,shot,True,False,IN,Indianapolis
2015-12-12,2015,12,24.0,18-25,M,B,attack,Not fleeing,gun and knife,Armed,shot,False,False,TN,Chattanooga
2015-12-12,2015,12,28.0,26-35,M,B,attack,Not fleeing,gun,Armed,shot,False,False,CA,Lynwood
2015-12-12,2015,12,36.0,36-45,M,W,attack,Not fleeing,Taser,Armed,shot,False,False,OK,Healdton
2015-12-12,2015,12,20.0,18-25,M,W,attack,Not fleeing,gun,Armed,shot,True,False,PA,East Stroudsburg
2015-12-12,2015,12,49.0,46-55,M,H,attack,,knife,Armed,shot,False,False,CA,San Bernardino
2015-12-12,2015,12,,,M,,attack,,unknown weapon,Armed,shot,False,False,CO,Aurora
2015-12-13,2015,12,51.0,46-55,F,W,attack,Not fleeing,gun,Armed,shot,True,False,TX,Arlington
2015-12-13,2015,12,21.0,18-25,M,W,other,Not fleeing,ax,Armed,shot,True,False,TX,Denton
2015-12-13,2015,12,30.0,26-35,M,O,attack,Not fleeing,knife,Armed,shot,False,False,WA,Thurston County
2015-12-13,2015,12,32.0,26-35,M,H,attack,Not fleeing,gun,Armed,shot,False,False,CO,Mountain View
2015-12-14,2015,12,33.0,26-35,M,B,attack,Not fleeing,gun,Armed,shot,False,True,LA,New Orleans
2015-12-14,2015,12,52.0,46-55,M,W,other,Not fleeing,knife,Armed,shot and Tasered,True,False,MD,Middle River
2015-12-14,2015,12,56.0,56-65,M,W,undetermined,Not fleeing,undetermined,Unarmed/Unknown,shot,False,False,TN,Humboldt
2015-12-14,2015,12,48.0,46-55,F,W,attack,Not fleeing,gun,Armed,shot,True,False,NV,Las Vegas
2015-12-14,2015,12,39.0,36-45,M,A,other,Not fleeing,knife,Armed,shot,False,False,CA,Long Beach
2015-12-14,2015,12,19.0,18-25,M,H,undetermined,,undetermined,Unarmed/Unknown,shot,False,True,CA,Gilroy
2015-12-14,2015,12,45.0,36-45,M,H,attack,Not fleeing,gun,Armed,shot,False,False,NV,Las Vegas
2015-12-14,2015,12,33.0,26-35,M,W,attack,Not fleeing,gun,Armed,shot,False,False,WV,Mount Hope
2015-12-15,2015,12,51.0,46-55,M,B,attack,Car,vehicle,Armed,shot,False,False,NC,Dallas
2015-12-16,2015,12,,,M,W,attack,Not fleeing,knife,Armed,shot,True,False,CA,Camarillo
2015-12-17,2015,12,25.0,18-25,M,W,other,Not fleeing,machete,Armed,shot,True,False,OH,Kent
2015-12-17,2015,12,24.0,18-25,M,W,attack,Other,gun,Armed,shot,False,False,CA,Modesto
2015-12-18,2015,12,22.0,18-25,F,W,attack,Other,gun,Armed,shot,False,False,OH,Northwood
2015-12-18,2015,12,32.0,26-35,M,W,attack,Car,vehicle,Armed,shot,False,False,TN,Knoxville
2015-12-18,2015,12,58.0,56-65,M,H,attack,Not fleeing,toy weapon,Armed,shot,True,False,NM,Taos
2015-12-19,2015,12,24.0,18-25,M,B,attack,,gun,Armed,shot,False,False,VA,Concord
2015-12-19,2015,12,26.0,26-35,M,H,attack,Not fleeing,undetermined,Unarmed/Unknown,shot,True,False,CA,Los Angeles
2015-12-20,2015,12,30.0,26-35,M,B,attack,Not fleeing,gun,Armed,shot,False,False,CA,Palmdale
2015-12-20,2015,12,31.0,26-35,M,H,attack,Not fleeing,gun,Armed,shot,True,False,TX,Amarillo
2015-12-21,2015,12,34.0,26-35,M,H,attack,Not fleeing,gun,Armed,shot,False,False,CA,Hemet
2015-12-21,2015,12,48.0,46-55,M,B,attack,Not fleeing,gun,Armed,shot,False,False,GA,Douglasville
2015-12-21,2015,12,,,M,B,other,Not fleeing,unarmed,Unarmed/Unknown,shot,True,False,LA,Breaux Bridge
2015-12-21,2015,12,21.0,18-25,M,W,attack,Not fleeing,gun,Armed,shot,True,False,PA,Canaan Township
2015-12-21,2015,12,39.0,36-45,M,W,attack,Not fleeing,gun,Armed,shot,False,False,FL,Deltona
2015-12-21,2015,12,25.0,18-25,M,B,attack,Not fleeing,gun,Armed,shot,False,False,CO,Aurora
2015-12-21,2015,12,30.0,26-35,M,W,attack,Not fleeing,gun,Armed,shot,False,False,CA,Smartsville
2015-12-22,2015,12,61.0,56-65,M,,attack,Not fleeing,gun,Armed,shot,False,True,KY,Ludlow
2015-12-22,2015,12,56.0,56-65,M,W,attack,Not fleeing,gun,Armed,shot,False,True,VT,Burlington
2015-12-22,2015,12,29.0,26-35,M,W,undetermined,Car,undetermined,Unarmed/Unknown,shot,False,False,FL,Brooksville
2015-12-22,2015,12,19.0,18-25,M,H,undetermined,Foot,gun,Armed,shot,False,True,NM,Albuquerque
2015-12-23,2015,12,35.0,26-35,M,B,other,Not fleeing,unarmed,Unarmed/Unknown,shot,True,False,MI,Dearborn
2015-12-24,2015,12,36.0,36-45,M,W,other,Car,vehicle,Armed,shot,False,False,LA,Winnsboro
2015-12-24,2015,12,54.0,46-55,M,,attack,Not fleeing,gun,Armed,shot,True,False,LA,Pride
2015-12-24,2015,12,24.0,18-25,M,B,attack,Not fleeing,gun,Armed,shot,False,False,MI,Lansing
2015-12-24,2015,12,23.0,18-25,M,H,other,Not fleeing,knife,Armed,shot,False,False,CA,Porterville
2015-12-24,2015,12,18.0,18-25,M,B,attack,Not fleeing,gun,Armed,shot,False,False,NC,Charlotte
2015-12-25,2015,12,31.0,26-35,M,W,attack,Not fleeing,knife,Armed,shot,True,False,CA,Palo Alto
2015-12-26,2015,12,41.0,36-45,M,W,other,Not fleeing,brick,Armed,shot,True,False,AZ,Phoenix
2015-12-26,2015,12,55.0,46-55,F,B,other,,unarmed,Unarmed/Unknown,shot,False,False,IL,Chicago
2015-12-26,2015,12,19.0,18-25,M,B,undetermined,Not fleeing,baseball bat,Armed,shot,True,False,IL,Chicago
2015-12-26,2015,12,38.0,36-45,M,H,attack,Not fleeing,gun,Armed,shot,False,True,ID,Homedale
2015-12-27,2015,12,36.0,36-45,M,W,undetermined,Car,undetermined,Unarmed/Unknown,shot,False,False,MS,Lucedale
2015-12-27,2015,12,34.0,26-35,M,W,other,Not fleeing,knife,Armed,shot,True,True,AZ,Tempe
2015-12-27,2015,12,52.0,46-55,M,W,undetermined,Not fleeing,undetermined,Unarmed/Unknown,shot,False,False,LA,Franklin
2015-12-28,2015,12,28.0,26-35,M,W,attack,Not fleeing,toy weapon,Armed,shot,False,True,VA,Suffolk
2015-12-29,2015,12,50.0,46-55,F,O,other,Not fleeing,knife,Armed,shot,True,False,CA,Santa Nella
2015-12-29,2015,12,,,M,A,undetermined,Not fleeing,unknown weapon,Armed,shot,False,False,CA,Rosemead
2015-12-30,2015,12,55.0,46-55,M,H,attack,Not fleeing,knife,Armed,shot,False,True,CA,Fresno
2015-12-30,2015,12,39.0,36-45,M,,undetermined,,undetermined,Unarmed/Unknown,shot,False,False,WY,Rawlins
2015-12-31,2015,12,23.0,18-25,M,B,other,Not fleeing,unarmed,Unarmed/Unknown,shot,False,True,NV,Las Vegas
2016-01-01,2016,1,30.0,26-35,M,W,other,Not fleeing,knife,Armed,shot,False,True,CA,San Diego
2016-01-02,2016,1,37.0,36-45,M,W,other,Not fleeing,knife,Armed,shot and Tasered,False,False,MT,Livingston
2016-01-02,2016,1,54.0,46-55,M,W,attack,Car,gun,Armed,shot,False,False,TX,Maryneal
2016-01-02,2016,1,37.0,36-45,M,W,attack,Not fleeing,gun,Armed,shot,False,False,SD,Sioux Falls
2016-01-03,2016,1,30.0,26-35,M,B,attack,Not fleeing,gun,Armed,shot,False,False,NC,Charlotte
2016-01-04,2016,1,27.0,26-35,M,B,undetermined,Not fleeing,undetermined,Unarmed/Unknown,shot,False,False,LA,Ragley
2016-01-04,2016,1,22.0,18-25,M,B,attack,Foot,gun,Armed,shot,False,True,OK,Oklahoma City
2016-01-05,2016,1,29.0,26-35,M,W,attack,Foot,vehicle,Armed,shot,False,False,WA,Olympia
2016-01-05,2016,1,39.0,36-45,M,W,other,Foot,knife,Armed,shot,False,False,TN,Johnson City
2016-01-05,2016,1,33.0,26-35,M,B,attack,Not fleeing,gun,Armed,shot,False,False,NC,Charlotte
2016-01-05,2016,1,52.0,46-55,M,W,other,Not fleeing,gun,Armed,shot,True,False,CA,Redding
2016-01-05,2016,1,28.0,26-35,M,H,other,Foot,hand torch,Armed,shot,False,False,CA,Ceres
2016-01-05,2016,1,54.0,46-55,M,W,other,Not fleeing,knife,Armed,shot and Tasered,True,False,PA,Upper Darby
2016-01-06,2016,1,38.0,36-45,M,W,other,Foot,toy weapon,Armed,shot,True,False,IL,Zion
2016-01-06,2016,1,32.0,26-35,M,H,attack,Not fleeing,gun,Armed,shot,True,False,NM,Carrizozo
2016-01-06,2016,1,34.0,26-35,M,W,attack,Not fleeing,gun,Armed,shot,False,False,KY,Daviess County
2016-01-08,2016,1,26.0,26-35,M,W,other,Not fleeing,knife,Armed,shot,False,False,WI,Geneva
2016-01-08,2016,1,50.0,46-55,M,W,attack,Not fleeing,gun,Armed,shot,True,False,GA,Acworth
2016-01-10,2016,1,37.0,36-45,M,W,other,Not fleeing,chain saw,Armed,shot,True,False,WA,Kelso
2016-01-10,2016,1,45.0,36-45,F,W,attack,Not fleeing,toy weapon,Armed,shot,True,False,MD,Rising Sun
2016-01-11,2016,1,56.0,56-65,M,W,attack,Car,vehicle,Armed,shot,False,False,CA,San Fernando
2016-01-11,2016,1,45.0,36-45,M,W,attack,Foot,toy weapon,Armed,shot,True,False,OH,Cincinnati
2016-01-11,2016,1,32.0,26-35,M,W,other,Not fleeing,gun,Armed,shot,False,False,CO,Denver
2016-01-11,2016,1,12.0,<18,F,W,other,Not fleeing,unarmed,Unarmed/Unknown,shot,False,False,PA,Penn Township
2016-01-12,2016,1,49.0,46-55,M,N,other,Not fleeing,knife,Armed,shot,True,False,AK,Spenard
2016-01-12,2016,1,58.0,56-65,M,W,attack,Not fleeing,gun,Armed,shot,True,False,VA,Norfolk
2016-01-13,2016,1,29.0,26-35,M,W,other,Foot,gun,Armed,shot,False,True,TN,Sevierville
2016-01-13,2016,1,60.0,56-65,M,W,attack,Not fleeing,gun,Armed,shot,True,False,WA,Cle Elum
2016-01-14,2016,1,40.0,36-45,M,W,attack,Not fleeing,gun,Armed,shot,True,False,IL,Hurst
2016-01-14,2016,1,39.0,36-45,M,H,other,Not fleeing,knife,Armed,shot,False,False,CA,Santa Clarita
2016-01-15,2016,1,26.0,26-35,M,W,attack,Not fleeing,gun,Armed,shot,False,False,WV,Elkins
2016-01-15,2016,1,24.0,18-25,M,B,attack,Not fleeing,gun,Armed,shot,False,False,MI,Southfield
2016-01-16,2016,1,34.0,26-35,M,H,other,Foot,toy weapon,Armed,shot,False,False,CA,Hollywood Hills
2016-01-16,2016,1,27.0,26-35,M,W,attack,Foot,gun,Armed,shot,False,False,TX,San Antonio
2016-01-16,2016,1,44.0,36-45,M,W,other,Not fleeing,toy weapon,Armed,shot,False,False,OR,Beaverton
2016-01-16,2016,1,25.0,18-25,F,W,other,Car,unarmed,Unarmed/Unknown,shot,False,False,CA,El Cajon
2016-01-16,2016,1,55.0,46-55,M,W,other,Car,vehicle,Armed,shot,False,False,WV,Petroleum
2016-01-16,2016,1,19.0,18-25,M,B,attack,Foot,gun,Armed,shot,False,False,FL,Belle Glade
2016-01-17,2016,1,52.0,46-55,M,B,attack,Not fleeing,gun,Armed,shot,False,False,MO,St. Louis
2016-01-17,2016,1,24.0,18-25,M,H,other,Not fleeing,knife,Armed,shot and Tasered,False,False,CA,North Hills
2016-01-17,2016,1,38.0,36-45,M,W,other,Not fleeing,gun,Armed,shot and Tasered,False,False,AL,Rainbow City
2016-01-17,2016,1,31.0,26-35,M,W,attack,Foot,gun,Armed,shot,False,True,UT,Salt Lake City
2016-01-17,2016,1,26.0,26-35,M,W,other,Not fleeing,unarmed,Unarmed/Unknown,shot,False,True,AZ,Mesa
2016-01-18,2016,1,33.0,26-35,M,W,attack,Not fleeing,gun,Armed,shot,True,False,AZ,Tucson
2016-01-18,2016,1,28.0,26-35,M,W,other,Not fleeing,toy weapon,Armed,shot,False,False,FL,Orlando
2016-01-18,2016,1,27.0,26-35,M,W,other,Foot,knife,Armed,shot,False,False,OR,Medford
2016-01-18,2016,1,39.0,36-45,M,W,attack,Not fleeing,gun,Armed,shot,True,False,AZ,Phoenix
2016-01-18,2016,1,29.0,26-35,M,W,other,Not fleeing,garden tool,Armed,shot,True,True,CA,Union City
2016-01-19,2016,1,36.0,36-45,M,W,attack,Car,gun,Armed,shot,False,False,TX,Dallas
2016-01-19,2016,1,55.0,46-55,M,W,other,Not fleeing,knife,Armed,shot,True,False,NC,Statesville
2016-01-19,2016,1,28.0,26-35,M,W,attack,Not fleeing,gun,Armed,shot,False,False,GA,Valdosta
2016-01-20,2016,1,40.0,36-45,M,B,attack,Not fleeing,gun,Armed,shot,False,False,LA,Port Barre
2016-01-20,2016,1,33.0,26-35,M,W,other,Foot,gun,Armed,shot,False,True,AL,Meridianville
2016-01-20,2016,1,37.0,36-45,M,W,other,Other,knife,Armed,shot,False,False,TX,Kerrville
2016-01-21,2016,1,39.0,36-45,M,B,attack,Car,gun,Armed,shot,True,False,OK,Eufaula
2016-01-23,2016,1,43.0,36-45,M,W,other,Not fleeing,toy weapon,Armed,shot,False,True,AL,Clanton
2016-01-25,2016,1,38.0,36-45,M,H,other,Not fleeing,knife,Armed,shot and Tasered,True,False,NV,Reno
2016-01-26,2016,1,55.0,46-55,M,W,other,Not fleeing,gun,Armed,shot,False,False,OR,Burns
2016-01-27,2016,1,52.0,46-55,M,W,attack,Not fleeing,gun,Armed,shot,False,False,AR,Mountain Pine
2016-01-27,2016,1,32.0,26-35,M,B,attack,Other,gun,Armed,shot,False,True,TN,Memphis
2016-01-27,2016,1,31.0,26-35,M,H,attack,Not fleeing,gun,Armed,shot,False,False,NM,Santa Fe
2016-01-27,2016,1,27.0,26-35,M,W,other,Not fleeing,knife,Armed,shot,False,False,SC,Latta
2016-01-27,2016,1,40.0,36-45,M,A,other,Not fleeing,toy weapon,Armed,shot,True,False,TN,Lenoir City
2016-01-27,2016,1,31.0,26-35,F,B,other,Car,vehicle,Armed,shot,True,False,MI,Dearborn
2016-01-27,2016,1,30.0,26-35,M,W,attack,Car,gun,Armed,shot,False,False,TX,Mansfield
2016-01-27,2016,1,26.0,26-35,M,H,attack,Car,gun,Armed,shot,False,False,GA,Cobb County
2016-01-28,2016,1,32.0,26-35,F,N,other,Not fleeing,vehicle,Armed,shot,False,False,WA,Tacoma
2016-01-28,2016,1,33.0,26-35,M,W,attack,Foot,gun,Armed,shot,True,False,NE,Omaha
2016-01-28,2016,1,19.0,18-25,M,B,other,Not fleeing,gun,Armed,shot,True,False,OR,Clackamas County
2016-01-29,2016,1,33.0,26-35,M,B,attack,Other,gun,Armed,shot,False,False,MA,Lynn
2016-01-29,2016,1,29.0,26-35,M,B,other,Not fleeing,gun,Armed,shot,False,False,TX,Irving
2016-01-29,2016,1,41.0,36-45,F,W,attack,Car,vehicle,Armed,shot,False,False,AL,Phenix City
2016-01-30,2016,1,29.0,26-35,M,B,attack,Not fleeing,gun,Armed,shot,False,False,IL,Chicago
2016-01-30,2016,1,38.0,36-45,M,H,other,Not fleeing,scissors,Armed,shot,False,False,CO,Fort Collins
2016-01-30,2016,1,64.0,56-65,M,H,attack,Not fleeing,gun,Armed,shot,True,False,GA,Rossville
2016-01-30,2016,1,42.0,36-45,M,W,attack,Car,gun,Armed,shot,False,False,MO,Sugar Creek
2016-01-31,2016,1,42.0,36-45,M,W,attack,Car,gun,Armed,shot,False,False,CA,Bakersfield
2016-01-31,2016,1,37.0,36-45,M,B,attack,Not fleeing,knife,Armed,shot and Tasered,True,False,PA,Wilkinsburg
2016-01-31,2016,1,46.0,46-55,M,H,other,Not fleeing,knife,Armed,shot,False,False,FL,Immokalee
2016-01-31,2016,1,25.0,18-25,M,W,attack,Not fleeing,unarmed,Unarmed/Unknown,shot and Tasered,False,False,TX,Saginaw
2016-01-31,2016,1,62.0,56-65,M,,attack,Not fleeing,gun,Armed,shot,True,False,CA,Newark
2016-02-01,2016,2,36.0,36-45,M,B,attack,Foot,toy weapon,Armed,shot,False,False,DC,Washington
2016-02-01,2016,2,21.0,18-25,M,H,attack,Car,gun,Armed,shot,True,True,NM,Albuquerque
2016-02-02,2016,2,30.0,26-35,M,W,other,Not fleeing,knife,Armed,shot and Tasered,True,False,CA,Rancho Cordova
2016-02-03,2016,2,53.0,46-55,M,W,attack,Not fleeing,gun,Armed,shot,False,False,OK,Schulter
2016-02-03,2016,2,31.0,26-35,M,H,attack,Not fleeing,gun,Armed,shot,True,False,FL,Ocala
2016-02-03,2016,2,22.0,18-25,M,N,attack,Not fleeing,gun,Armed,shot,False,True,SD,Rosebud
2016-02-04,2016,2,24.0,18-25,M,W,other,Not fleeing,knife,Armed,shot,True,True,AZ,Mesa
2016-02-04,2016,2,36.0,36-45,M,B,other,Not fleeing,unarmed,Unarmed/Unknown,shot,False,False,TX,San Antonio
2016-02-04,2016,2,47.0,46-55,M,W,attack,Foot,gun,Armed,shot,False,False,MO,Kansas City
2016-02-04,2016,2,54.0,46-55,M,W,attack,Not fleeing,toy weapon,Armed,shot,False,False,OH,Perry Township
2016-02-04,2016,2,43.0,36-45,M,H,attack,Not fleeing,gun,Armed,shot,False,False,TX,El Paso
2016-02-05,2016,2,38.0,36-45,M,O,other,Car,vehicle,Armed,shot,False,False,HI,Hilo
2016-02-05,2016,2,30.0,26-35,M,W,other,Car,gun,Armed,shot,False,False,FL,Milton
2016-02-05,2016,2,51.0,46-55,M,W,attack,Foot,gun,Armed,shot,False,False,NC,Union Grove
2016-02-05,2016,2,55.0,46-55,M,W,attack,Not fleeing,gun,Armed,shot,False,True,OR,Seaside
2016-02-06,2016,2,16.0,<18,M,H,attack,Car,gun,Armed,shot,False,True,CA,Los Angeles
2016-02-07,2016,2,23.0,18-25,M,B,other,Other,gun,Armed,shot,False,False,OH,Columbus
2016-02-07,2016,2,36.0,36-45,M,W,other,Not fleeing,gun,Armed,shot,False,False,AR,Austin
2016-02-07,2016,2,27.0,26-35,M,,other,Not fleeing,knife,Armed,shot,False,False,NJ,Manchester
2016-02-08,2016,2,33.0,26-35,M,B,attack,Car,gun,Armed,shot,False,False,PA,Chester
2016-02-08,2016,2,17.0,<18,M,B,other,Not fleeing,unarmed,Unarmed/Unknown,shot,False,False,TX,Austin
2016-02-08,2016,2,22.0,18-25,M,B,other,Car,vehicle,Armed,shot,False,False,LA,New Orleans
2016-02-09,2016,2,22.0,18-25,M,H,undetermined,Not fleeing,unarmed,Unarmed/Unknown,shot,False,True,CA,Anaheim
2016-02-09,2016,2,29.0,26-35,M,O,attack,Not fleeing,gun,Armed,shot,False,False,HI,Hilo
2016-02-10,2016,2,41.0,36-45,M,W,attack,Not fleeing,gun,Armed,shot,False,False,KY,Louisville
2016-02-10,2016,2,67.0,66+,M,W,attack,Not fleeing,gun,Armed,shot,False,False,MD,Abingdon
2016-02-10,2016,2,36.0,36-45,M,N,attack,Not fleeing,gun,Armed,shot,False,False,AK,Barrow
2016-02-10,2016,2,52.0,46-55,M,W,attack,Not fleeing,knife,Armed,shot,True,True,MN,Roseville
2016-02-10,2016,2,56.0,56-65,M,O,attack,Not fleeing,gun,Armed,shot,True,False,TX,Henderson County
2016-02-11,2016,2,35.0,26-35,M,W,other,Not fleeing,knife,Armed,shot,True,False,NC,Maiden
2016-02-11,2016,2,45.0,36-45,M,W,other,Not fleeing,ax,Armed,shot,False,False,CA,Lancaster
2016-02-11,2016,2,30.0,26-35,M,B,attack,Car,machete,Armed,shot,False,False,OH,Columbus
2016-02-12,2016,2,29.0,26-35,M,B,attack,Not fleeing,gun,Armed,shot,True,False,MA,Boston
2016-02-12,2016,2,53.0,46-55,M,W,other,Not fleeing,gun,Armed,shot,False,False,TX,Fort Worth
2016-02-12,2016,2,32.0,26-35,F,B,other,Not fleeing,gun,Armed,shot,True,False,NY,Syracuse
2016-02-13,2016,2,22.0,18-25,M,B,attack,Car,gun,Armed,shot,True,True,LA,Baton Rouge
2016-02-13,2016,2,29.0,26-35,M,B,attack,Not fleeing,gun,Armed,shot and Tasered,False,True,IA,Urbandale
2016-02-13,2016,2,24.0,18-25,M,B,other,Other,unarmed,Unarmed/Unknown,shot,False,False,TX,Beckville
2016-02-13,2016,2,19.0,18-25,M,B,attack,Not fleeing,unarmed,Unarmed/Unknown,shot,False,False,VA,Arvonia
2016-02-14,2016,2,26.0,26-35,M,W,other,Not fleeing,knife,Armed,shot,False,False,CA,Van Nuys
2016-02-14,2016,2,50.0,46-55,M,W,other,Not fleeing,knife,Armed,shot,True,False,FL,Bradenton
2016-02-14,2016,2,29.0,26-35,M,H,other,Not fleeing,gun,Armed,shot,False,False,CA,Los Angeles
2016-02-15,2016,2,52.0,46-55,M,H,attack,Not fleeing,gun,Armed,shot,False,False,NM,Jal
2016-02-15,2016,2,39.0,36-45,M,W,undetermined,Not fleeing,undetermined,Unarmed/Unknown,shot,False,False,CA,Yorba Linda
2016-02-16,2016,2,51.0,46-55,M,W,other,Not fleeing,knife,Armed,shot,True,False,CT,Fairfield
2016-02-16,2016,2,48.0,46-55,M,W,attack,Car,vehicle,Armed,shot,False,False,MO,Republic
2016-02-16,2016,2,30.0,26-35,M,W,other,Foot,gun,Armed,shot,False,False,AR,Mena
2016-02-17,2016,2,37.0,36-45,M,B,other,Other,toy weapon,Armed,shot,False,False,OH,Cincinnati
2016-02-18,2016,2,25.0,18-25,M,W,other,Not fleeing,undetermined,Unarmed/Unknown,shot and Tasered,False,False,GA,Commerce
2016-02-18,2016,2,30.0,26-35,M,H,undetermined,Not fleeing,undetermined,Unarmed/Unknown,shot,False,False,CA,Santa Ana
2016-02-18,2016,2,35.0,26-35,M,H,undetermined,Not fleeing,undetermined,Unarmed/Unknown,shot,False,False,CA,Santa Ana
2016-02-18,2016,2,32.0,26-35,M,H,attack,Not fleeing,gun,Armed,shot,False,False,TX,Reno
2016-02-19,2016,2,35.0,26-35,M,W,attack,Not fleeing,knife,Armed,shot,True,False,UT,Ogden
2016-02-19,2016,2,31.0,26-35,M,W,attack,Not fleeing,gun,Armed,shot,False,False,TN,Elizabethton
2016-02-20,2016,2,30.0,26-35,M,H,attack,Car,gun,Armed,shot,False,True,CA,Anaheim
2016-02-20,2016,2,23.0,18-25,M,H,attack,Foot,gun,Armed,shot,False,False,NM,Albuquerque
2016-02-20,2016,2,41.0,36-45,M,B,attack,Car,gun,Armed,shot,False,False,WA,Lakewood
2016-02-20,2016,2,45.0,36-45,M,W,attack,Not fleeing,gun,Armed,shot,True,False,MS,Iuka
2016-02-21,2016,2,46.0,46-55,M,B,other,Not fleeing,undetermined,Unarmed/Unknown,shot,False,False,WA,Seattle
2016-02-21,2016,2,36.0,36-45,F,N,attack,Foot,gun,Armed,shot,True,False,AZ,Phoenix
2016-02-21,2016,2,31.0,26-35,F,B,other,Not fleeing,gun,Armed,shot,False,False,CA,Inglewood
2016-02-21,2016,2,32.0,26-35,M,B,other,Not fleeing,undetermined,Unarmed/Unknown,shot,False,False,CA,Inglewood
2016-02-21,2016,2,38.0,36-45,F,N,attack,Not fleeing,gun,Armed,shot,False,False,AK,Houston
2016-02-22,2016,2,33.0,26-35,M,H,attack,Other,gun,Armed,shot,False,False,CO,Denver
2016-02-22,2016,2,45.0,36-45,M,W,attack,Not fleeing,knife,Armed,shot,False,False,CA,Bakersfield
2016-02-22,2016,2,38.0,36-45,M,W,other,Car,vehicle,Armed,shot,True,False,TX,Mission
2016-02-22,2016,2,22.0,18-25,M,W,other,Not fleeing,toy weapon,Armed,shot,False,False,OH,Fairborn
2016-02-23,2016,2,48.0,46-55,M,B,attack,Not fleeing,vehicle,Armed,shot,True,False,LA,Baton Rouge
2016-02-23,2016,2,36.0,36-45,M,H,other,Other,gun,Armed,shot,False,False,CA,Ripon
2016-02-23,2016,2,39.0,36-45,M,H,attack,Not fleeing,machete,Armed,shot and Tasered,True,False,TX,Houston
2016-02-23,2016,2,26.0,26-35,M,W,attack,Not fleeing,gun,Armed,shot,True,False,AZ,Phoenix
2016-02-24,2016,2,16.0,<18,M,W,other,Not fleeing,knife,Armed,shot,True,False,MO,Blue Springs
2016-02-24,2016,2,58.0,56-65,M,W,attack,Not fleeing,gun,Armed,shot,True,False,CO,Bailey
2016-02-24,2016,2,27.0,26-35,M,H,other,Car,vehicle,Armed,shot,False,False,AZ,Phoenix
2016-02-24,2016,2,26.0,26-35,M,H,attack,Not fleeing,vehicle,Armed,shot,False,False,CA,Cerritos
2016-02-24,2016,2,21.0,18-25,M,B,undetermined,Car,unarmed,Unarmed/Unknown,shot,False,False,WI,East Troy
2016-02-25,2016,2,37.0,36-45,M,W,attack,Foot,gun,Armed,shot,False,True,CO,Evans
2016-02-25,2016,2,56.0,56-65,M,B,undetermined,Not fleeing,pole,Armed,shot,False,True,AL,Montgomery
2016-02-25,2016,2,19.0,18-25,M,W,attack,Not fleeing,gun,Armed,shot,False,True,NV,Silver Springs
2016-02-25,2016,2,38.0,36-45,M,B,attack,Not fleeing,gun,Armed,shot,True,False,KS,Hesston
2016-02-26,2016,2,18.0,18-25,M,B,other,Not fleeing,toy weapon,Armed,shot,True,False,VA,Roanoke
2016-02-26,2016,2,35.0,26-35,M,W,attack,Not fleeing,unarmed,Unarmed/Unknown,shot,False,False,SD,Rapid Valley
2016-02-27,2016,2,23.0,18-25,M,H,attack,Car,gun,Armed,shot,False,True,TX,San Antonio
2016-02-28,2016,2,41.0,36-45,M,W,attack,Not fleeing,gun,Armed,shot,False,False,AL,Ashville
2016-02-28,2016,2,44.0,36-45,M,W,attack,Not fleeing,gun,Armed,shot,True,False,SD,Rapid City
2016-02-29,2016,2,24.0,18-25,M,B,attack,Foot,gun,Armed,shot,False,False,NC,Raleigh
2016-03-01,2016,3,39.0,36-45,M,H,attack,Not fleeing,gun,Armed,shot,True,False,FL,Palm Bay
2016-03-01,2016,3,22.0,18-25,M,H,attack,Not fleeing,gun,Armed,shot,True,False,TX,Euless
2016-03-01,2016,3,37.0,36-45,M,W,attack,Not fleeing,gun,Armed,shot,False,False,MS,Gautier
2016-03-02,2016,3,36.0,36-45,M,W,other,Not fleeing,unarmed,Unarmed/Unknown,shot,True,False,MD,Bel Air
2016-03-02,2016,3,41.0,36-45,M,W,other,Not fleeing,knife,Armed,shot and Tasered,False,False,PA,Johnstown
2016-03-03,2016,3,27.0,26-35,M,H,other,Car,knife,Armed,shot,False,False,AZ,Gilbert
2016-03-04,2016,3,66.0,66+,M,,undetermined,,undetermined,Unarmed/Unknown,shot,False,False,AR,Sims
2016-03-04,2016,3,30.0,26-35,M,W,undetermined,Not fleeing,unarmed,Unarmed/Unknown,shot,False,False,KY,East Berstadt
2016-03-05,2016,3,34.0,26-35,M,W,attack,Not fleeing,gun,Armed,shot,True,False,NY,Cheektowaga
2016-03-05,2016,3,22.0,18-25,M,W,other,Not fleeing,gun,Armed,shot,True,False,TX,Beaumont
2016-03-06,2016,3,51.0,46-55,M,W,attack,Not fleeing,gun,Armed,shot,True,False,TX,Azle
2016-03-06,2016,3,42.0,36-45,M,W,undetermined,Foot,unarmed,Unarmed/Unknown,shot,False,False,ND,Bismarck
2016-03-06,2016,3,41.0,36-45,M,H,attack,Other,gun,Armed,shot,False,False,CA,South Gate
2016-03-07,2016,3,49.0,46-55,M,W,attack,Not fleeing,gun,Armed,shot,True,False,NY,Rochester
2016-03-07,2016,3,45.0,36-45,M,W,other,Not fleeing,knife,Armed,shot,False,False,CA,San Jose
2016-03-07,2016,3,45.0,36-45,M,W,undetermined,Not fleeing,undetermined,Unarmed/Unknown,shot,False,False,KS,Topeka
2016-03-07,2016,3,42.0,36-45,M,W,attack,Not fleeing,gun,Armed,shot,False,False,MT,Billings
2016-03-07,2016,3,41.0,36-45,M,H,other,Car,vehicle,Armed,shot,False,False,NM,Carlsbad
2016-03-08,2016,3,27.0,26-35,M,W,attack,Not fleeing,toy weapon,Armed,shot,True,False,FL,Tampa
2016-03-10,2016,3,37.0,36-45,M,W,other,Not fleeing,toy weapon,Armed,shot,False,False,MS,Biloxi
2016-03-10,2016,3,22.0,18-25,M,B,attack,Foot,toy weapon,Armed,shot,True,False,NV,Reno
2016-03-10,2016,3,21.0,18-25,M,H,other,Foot,gun,Armed,shot,False,False,CA,Long Beach
2016-03-10,2016,3,50.0,46-55,M,W,attack,Not fleeing,gun,Armed,shot,True,False,TX,Odessa
2016-03-10,2016,3,23.0,18-25,M,H,attack,Car,vehicle,Armed,shot,False,False,CO,Colorado City
2016-03-11,2016,3,25.0,18-25,M,B,attack,Not fleeing,gun,Armed,shot,False,True,VA,Norfolk
2016-03-11,2016,3,51.0,46-55,M,W,attack,Not fleeing,gun,Armed,shot,True,True,KS,Rosalia
2016-03-11,2016,3,46.0,46-55,M,W,other,Not fleeing,knife,Armed,shot,True,False,IL,Clinton
2016-03-11,2016,3,23.0,18-25,M,H,attack,Foot,gun,Armed,shot,False,False,CA,Newark
2016-03-12,2016,3,37.0,36-45,M,B,other,Foot,unarmed,Unarmed/Unknown,shot and Tasered,False,False,TX,Houston
2016-03-12,2016,3,20.0,18-25,M,B,attack,Not fleeing,Taser,Armed,shot and Tasered,False,False,TX,Houston
2016-03-12,2016,3,43.0,36-45,M,W,attack,Not fleeing,gun,Armed,shot,True,True,NC,Greensboro
2016-03-13,2016,3,45.0,36-45,M,W,attack,Car,vehicle,Armed,shot,True,False,CA,Glendale
2016-03-13,2016,3,16.0,<18,M,H,undetermined,Car,unarmed,Unarmed/Unknown,shot,False,False,TX,Addison
2016-03-13,2016,3,30.0,26-35,M,W,other,Car,unarmed,Unarmed/Unknown,shot,False,True,TN,Lenoir City
2016-03-13,2016,3,26.0,26-35,M,W,attack,Car,gun,Armed,shot,False,False,AL,Piedmont
2016-03-13,2016,3,24.0,18-25,M,B,attack,Not fleeing,gun,Armed,shot,False,False,PA,Chester
2016-03-13,2016,3,38.0,36-45,F,W,attack,Not fleeing,hammer,Armed,shot,False,False,WA,Vancouver
2016-03-13,2016,3,28.0,26-35,M,B,other,Not fleeing,gun,Armed,shot,False,False,MD,Landover
2016-03-14,2016,3,29.0,26-35,M,B,attack,Foot,gun,Armed,shot,False,False,IL,Chicago
2016-03-15,2016,3,34.0,26-35,M,W,other,Foot,gun,Armed,shot,False,False,KY,Russellville
2016-03-15,2016,3,38.0,36-45,M,W,other,Car,knife,Armed,shot,False,True,IN,Evansville
2016-03-15,2016,3,43.0,36-45,M,W,other,Other,gun,Armed,shot,False,True,TX,Fort Worth
2016-03-16,2016,3,23.0,18-25,M,H,other,Not fleeing,unarmed,Unarmed/Unknown,shot,True,False,CA,Florence
2016-03-16,2016,3,33.0,26-35,M,H,attack,Not fleeing,gun,Armed,shot,True,False,TX,San Antonio
2016-03-16,2016,3,40.0,36-45,M,W,attack,Not fleeing,gun,Armed,shot,True,False,NC,Anson County
2016-03-17,2016,3,38.0,36-45,M,A,other,Not fleeing,gun,Armed,shot,True,True,MN,Burnsville
2016-03-17,2016,3,53.0,46-55,M,A,attack,Not fleeing,gun,Armed,shot,False,False,FL,Tampa
2016-03-17,2016,3,29.0,26-35,M,B,attack,,gun,Armed,shot,False,False,TX,Houston
2016-03-17,2016,3,30.0,26-35,M,B,attack,Not fleeing,gun,Armed,shot,False,False,TX,Houston
2016-03-18,2016,3,49.0,46-55,M,,attack,Not fleeing,gun,Armed,shot,True,False,CA,Byron
2016-03-18,2016,3,60.0,56-65,M,W,other,Not fleeing,gun,Armed,shot,False,False,ID,Idaho Falls
2016-03-19,2016,3,25.0,18-25,F,B,attack,Not fleeing,toy weapon,Armed,shot,False,False,VA,Norfolk
2016-03-19,2016,3,24.0,18-25,M,W,undetermined,Car,undetermined,Unarmed/Unknown,shot,False,False,LA,Covington
2016-03-19,2016,3,21.0,18-25,M,B,attack,Foot,gun,Armed,shot,False,False,IL,Chicago
2016-03-19,2016,3,23.0,18-25,M,W,attack,Other,gun,Armed,shot,False,False,KY,White Plains
2016-03-20,2016,3,61.0,56-65,M,W,other,Not fleeing,knife,Armed,shot,True,True,VA,Hopewell
2016-03-20,2016,3,54.0,46-55,M,W,attack,Other,gun,Armed,shot,False,False,PA,Fort Littleton
2016-03-20,2016,3,62.0,56-65,M,H,attack,Foot,gun,Armed,shot,False,False,IN,Fort Wayne
2016-03-20,2016,3,16.0,<18,M,B,other,Not fleeing,toy weapon,Armed,shot,True,False,FL,Gainesville
2016-03-21,2016,3,76.0,66+,M,W,other,Not fleeing,knife,Armed,shot and Tasered,True,True,VT,Burlington
2016-03-21,2016,3,25.0,18-25,M,W,attack,Not fleeing,toy weapon,Armed,shot,True,False,CT,Stamford
2016-03-21,2016,3,28.0,26-35,M,W,attack,Car,gun,Armed,shot,True,False,PA,South Greensburg
2016-03-22,2016,3,25.0,18-25,M,H,other,Not fleeing,pick-axe,Armed,shot,True,False,FL,Miami
2016-03-22,2016,3,33.0,26-35,M,W,attack,Other,vehicle,Armed,shot,False,True,VA,Fredericksburg
2016-03-23,2016,3,51.0,46-55,M,W,attack,Not fleeing,gun,Armed,shot,False,False,CO,Thornton
2016-03-23,2016,3,34.0,26-35,M,H,attack,Foot,gun,Armed,shot,False,True,CA,Fresno
2016-03-23,2016,3,30.0,26-35,M,B,attack,Not fleeing,gun,Armed,shot,True,False,TN,Raleigh
2016-03-24,2016,3,44.0,36-45,M,W,other,Foot,knife,Armed,shot,False,False,MA,Braintree
2016-03-24,2016,3,24.0,18-25,M,B,attack,Foot,toy weapon,Armed,shot,False,False,RI,Pawtucket
2016-03-24,2016,3,29.0,26-35,M,W,attack,Not fleeing,gun,Armed,shot,False,False,CA,Redlands
2016-03-24,2016,3,48.0,46-55,M,H,other,Not fleeing,gun and knife,Armed,shot,False,True,CO,Pueblo
2016-03-24,2016,3,19.0,18-25,M,H,attack,Not fleeing,gun,Armed,shot,False,True,NM,Pueblo of Laguna
2016-03-24,2016,3,22.0,18-25,M,B,attack,Not fleeing,gun,Armed,shot,False,False,MO,Blue Springs
2016-03-26,2016,3,39.0,36-45,M,H,other,Not fleeing,meat cleaver,Armed,shot,True,False,MA,Lowell
2016-03-26,2016,3,36.0,36-45,M,W,other,Not fleeing,gun,Armed,shot,True,False,VA,Grundy
2016-03-26,2016,3,55.0,46-55,M,W,attack,Not fleeing,gun,Armed,shot,False,True,SC,Myrtle Beach
2016-03-26,2016,3,46.0,46-55,M,W,attack,Not fleeing,gun,Armed,shot,True,False,FL,Tampa
2016-03-27,2016,3,34.0,26-35,M,W,other,Not fleeing,knife,Armed,shot,True,False,MO,Lee's Summit
2016-03-27,2016,3,27.0,26-35,F,N,other,Not fleeing,scissors,Armed,shot,False,True,AZ,Winslow
2016-03-27,2016,3,33.0,26-35,M,W,attack,Not fleeing,gun,Armed,shot,True,True,NM,Roswell
2016-03-27,2016,3,18.0,18-25,M,B,other,Not fleeing,gun,Armed,shot,False,False,NC,Kinston
2016-03-27,2016,3,33.0,26-35,M,W,attack,Not fleeing,gun,Armed,shot,True,False,TX,Splendora
2016-03-29,2016,3,46.0,46-55,M,W,attack,Not fleeing,flashlight,Armed,shot and Tasered,False,True,CA,Clearlake Park
2016-03-29,2016,3,51.0,46-55,M,W,attack,Not fleeing,gun,Armed,shot,True,False,SC,Piedmont
2016-03-29,2016,3,50.0,46-55,F,W,attack,Not fleeing,gun,Armed,shot,True,False,MN,Aitkin
2016-03-30,2016,3,33.0,26-35,M,W,attack,Foot,gun,Armed,shot,False,False,CA,Los Angeles
2016-03-30,2016,3,25.0,18-25,M,H,undetermined,Not fleeing,gun,Armed,shot,False,False,AZ,Glendale
2016-03-30,2016,3,52.0,46-55,M,W,attack,Not fleeing,gun,Armed,shot,False,False,GA,Jackson
2016-03-31,2016,3,31.0,26-35,M,B,attack,Foot,gun,Armed,shot,False,True,NV,Las Vegas
2016-03-31,2016,3,18.0,18-25,M,B,attack,Not fleeing,gun,Armed,shot,False,False,MD,Baltimore
2016-03-31,2016,3,43.0,36-45,M,B,attack,Not fleeing,gun,Armed,shot,False,False,MD,Baltimore
2016-03-31,2016,3,34.0,26-35,M,B,attack,Not fleeing,gun,Armed,shot,False,False,VA,Richmond
2016-04-01,2016,4,65.0,56-65,M,H,undetermined,Not fleeing,shovel,Armed,shot,True,False,TX,Lockhart
2016-04-01,2016,4,37.0,36-45,M,H,attack,Not fleeing,gun,Armed,shot,False,False,TX,Odessa
2016-04-02,2016,4,30.0,26-35,M,B,attack,Not fleeing,gun,Armed,shot,False,False,IN,Indianapolis
2016-04-03,2016,4,48.0,46-55,M,W,undetermined,,undetermined,Unarmed/Unknown,shot,False,False,LA,Raceland
2016-04-03,2016,4,36.0,36-45,F,W,other,Not fleeing,unknown weapon,Armed,shot,True,True,AL,Macon County
2016-04-03,2016,4,25.0,18-25,M,W,attack,Foot,gun,Armed,shot,False,False,TX,Austin
2016-04-03,2016,4,69.0,66+,M,W,attack,Not fleeing,Taser,Armed,shot,False,False,WI,Eau Claire
2016-04-04,2016,4,50.0,46-55,M,H,attack,Not fleeing,knife,Armed,shot,True,False,MN,Minneapolis
2016-04-05,2016,4,52.0,46-55,M,W,other,Not fleeing,knife,Armed,shot,True,False,MA,West Springfield
2016-04-05,2016,4,44.0,36-45,M,B,attack,Not fleeing,unarmed,Unarmed/Unknown,shot,False,True,IN,Indianapolis
2016-04-06,2016,4,60.0,56-65,M,W,other,Not fleeing,ax,Armed,shot,False,False,OH,Oak Hill
2016-04-06,2016,4,40.0,36-45,F,B,attack,Not fleeing,ax,Armed,shot,False,True,TN,Gallatin
2016-04-06,2016,4,20.0,18-25,M,H,attack,Not fleeing,knife,Armed,shot and Tasered,True,False,CA,Sylmar
2016-04-07,2016,4,45.0,36-45,M,H,other,Not fleeing,knife,Armed,shot,False,False,CA,San Francisco
2016-04-07,2016,4,44.0,36-45,M,W,attack,Not fleeing,vehicle,Armed,shot,False,False,NE,Omaha
2016-04-08,2016,4,40.0,36-45,M,B,other,Foot,knife,Armed,shot,True,False,CA,Sacramento
2016-04-08,2016,4,25.0,18-25,F,W,other,Not fleeing,hatchet,Armed,shot,True,False,WI,Lake Hallie
2016-04-08,2016,4,43.0,36-45,M,B,other,Not fleeing,knife,Armed,shot,False,True,MI,Kentwood
2016-04-09,2016,4,27.0,26-35,M,B,attack,Foot,gun,Armed,shot,False,False,NJ,New Brunswick
2016-04-09,2016,4,19.0,18-25,M,B,attack,Foot,gun,Armed,shot,False,False,PA,Philadelphia
2016-04-10,2016,4,39.0,36-45,M,W,other,Car,gun,Armed,shot,False,False,CA,Modesto
2016-04-10,2016,4,30.0,26-35,M,W,attack,Not fleeing,knife,Armed,shot,True,False,NY,Rotterdam
2016-04-10,2016,4,28.0,26-35,M,H,attack,Not fleeing,knife,Armed,shot,False,False,CA,Los Angeles
2016-04-11,2016,4,22.0,18-25,M,H,attack,Not fleeing,gun,Armed,shot,False,False,NV,Las Vegas
2016-04-11,2016,4,16.0,<18,M,B,attack,Foot,gun,Armed,shot,False,False,IL,Chicago
2016-04-12,2016,4,40.0,36-45,M,W,other,Car,unarmed,Unarmed/Unknown,shot,False,False,CO,Denver
2016-04-12,2016,4,38.0,36-45,M,H,attack,Car,gun,Armed,shot,False,False,IL,Benton
2016-04-12,2016,4,20.0,18-25,M,W,other,Car,vehicle,Armed,shot,False,True,FL,Noma
2016-04-13,2016,4,35.0,26-35,M,B,attack,Not fleeing,undetermined,Unarmed/Unknown,shot,False,False,CA,Stockton
2016-04-13,2016,4,52.0,46-55,M,W,attack,Not fleeing,gun,Armed,shot,False,False,TX,Llano
2016-04-13,2016,4,26.0,26-35,M,W,attack,Car,gun,Armed,shot,False,False,TN,Sparta
2016-04-14,2016,4,54.0,46-55,M,W,attack,Not fleeing,unarmed,Unarmed/Unknown,shot and Tasered,True,False,KS,McPherson
2016-04-15,2016,4,38.0,36-45,M,H,other,Not fleeing,baseball bat,Armed,shot,False,False,CA,Lake Elsinore
2016-04-15,2016,4,52.0,46-55,M,W,attack,Not fleeing,gun,Armed,shot,True,False,OK,Cache
2016-04-15,2016,4,26.0,26-35,M,W,attack,Foot,undetermined,Unarmed/Unknown,shot,False,True,IN,Muncie
2016-04-16,2016,4,53.0,46-55,M,W,attack,Not fleeing,gun,Armed,shot,False,False,IL,Antioch
2016-04-17,2016,4,35.0,26-35,F,B,other,Car,gun,Armed,shot,False,False,OH,Dayton
2016-04-17,2016,4,22.0,18-25,M,W,other,Not fleeing,unarmed,Unarmed/Unknown,shot,True,False,TX,El Paso
2016-04-17,2016,4,31.0,26-35,M,B,attack,Foot,gun,Armed,shot,False,False,NJ,Vineland
2016-04-17,2016,4,32.0,26-35,M,B,attack,Foot,gun,Armed,shot,False,False,NY,New York
2016-04-17,2016,4,37.0,36-45,M,B,attack,Car,vehicle,Armed,shot,False,False,NY,Troy
2016-04-18,2016,4,28.0,26-35,M,B,attack,Not fleeing,gun,Armed,shot,False,False,MD,Greenbelt
2016-04-18,2016,4,18.0,18-25,M,B,attack,Not fleeing,gun,Armed,shot,False,False,GA,Mableton
2016-04-19,2016,4,41.0,36-45,M,A,attack,Not fleeing,gun,Armed,shot,True,False,NC,Charlotte
2016-04-19,2016,4,15.0,<18,M,B,attack,Other,gun,Armed,shot,False,False,MO,St. Louis
2016-04-19,2016,4,38.0,36-45,M,W,attack,Car,gun,Armed,shot,False,False,AL,Brooksville
2016-04-20,2016,4,41.0,36-45,M,W,attack,Not fleeing,gun,Armed,shot,False,False,FL,Homestead
2016-04-20,2016,4,52.0,46-55,M,W,other,Not fleeing,undetermined,Unarmed/Unknown,shot,False,False,AR,Perryville
2016-04-21,2016,4,48.0,46-55,M,H,other,Not fleeing,knife,Armed,shot,False,False,MA,Everett
2016-04-22,2016,4,29.0,26-35,M,W,attack,Not fleeing,knife,Armed,shot,True,False,TX,Austin
2016-04-22,2016,4,51.0,46-55,M,W,attack,Not fleeing,knife,Armed,shot,True,False,NY,Berne
2016-04-23,2016,4,21.0,18-25,M,B,attack,Car,vehicle,Armed,shot,False,False,FL,Fort Pierce
2016-04-23,2016,4,24.0,18-25,M,W,attack,Not fleeing,gun,Armed,shot,True,False,AZ,Chandler
2016-04-23,2016,4,18.0,18-25,M,W,attack,Not fleeing,gun,Armed,shot,False,False,WI,Antigo
2016-04-23,2016,4,30.0,26-35,M,W,attack,Not fleeing,gun,Armed,shot,True,False,VA,Norfolk
2016-04-23,2016,4,33.0,26-35,M,B,other,Car,vehicle,Armed,shot and Tasered,False,True,AR,Fayetteville
2016-04-25,2016,4,60.0,56-65,F,W,attack,Not fleeing,gun,Armed,shot,True,False,NC,East Flat Rock
2016-04-26,2016,4,28.0,26-35,M,W,attack,Foot,gun,Armed,shot,False,False,CO,Lakewood
2016-04-26,2016,4,26.0,26-35,M,B,attack,Not fleeing,gun,Armed,shot,True,True,VA,Chesapeake
2016-04-26,2016,4,24.0,18-25,F,W,attack,Car,gun,Armed,shot,True,False,NM,Albuquerque
2016-04-26,2016,4,44.0,36-45,M,W,other,Other,gun,Armed,shot,False,False,TX,Kingsbury
2016-04-27,2016,4,36.0,36-45,M,W,attack,Not fleeing,gun,Armed,shot,False,False,UT,Milcreek
2016-04-27,2016,4,34.0,26-35,M,A,other,Not fleeing,machete,Armed,shot,False,False,GA,Atlanta
2016-04-27,2016,4,21.0,18-25,M,W,attack,Not fleeing,gun,Armed,shot,False,False,CO,Westminster
2016-04-28,2016,4,37.0,36-45,M,B,attack,Not fleeing,knife,Armed,shot,False,False,FL,Miami
2016-04-28,2016,4,53.0,46-55,M,W,attack,Not fleeing,gun,Armed,shot,True,True,ID,Boise
2016-04-28,2016,4,45.0,36-45,M,W,other,Not fleeing,knife,Armed,shot and Tasered,True,True,WA,Spokane
2016-04-28,2016,4,24.0,18-25,M,B,other,Car,vehicle,Armed,shot,False,False,TX,Houston
2016-04-29,2016,4,48.0,46-55,M,W,attack,Car,vehicle,Armed,shot,False,False,MO,Jackson
2016-04-30,2016,4,42.0,36-45,M,W,other,Not fleeing,knife,Armed,shot,False,False,WI,Wausau
2016-04-30,2016,4,33.0,26-35,M,W,other,Foot,knife,Armed,shot,False,False,UT,Spanish Fork
2016-04-30,2016,4,55.0,46-55,M,W,attack,Car,vehicle,Armed,shot,False,False,AZ,Florence
2016-04-30,2016,4,28.0,26-35,M,A,other,Not fleeing,knife,Armed,shot,False,True,CA,Los Angeles
2016-05-01,2016,5,25.0,18-25,M,B,attack,Not fleeing,toy weapon,Armed,shot,False,False,FL,Orlando
2016-05-01,2016,5,28.0,26-35,M,W,other,Not fleeing,gun,Armed,shot,True,False,TN,Alamo
2016-05-02,2016,5,52.0,46-55,M,B,attack,Not fleeing,gun,Armed,shot,False,False,SC,Greenville
2016-05-03,2016,5,59.0,56-65,M,W,other,Not fleeing,knife,Armed,shot,False,False,CA,Visalia
2016-05-04,2016,5,52.0,46-55,M,W,other,Not fleeing,vehicle,Armed,shot,False,False,PA,Philadelphia
2016-05-04,2016,5,39.0,36-45,M,W,attack,Car,gun,Armed,shot,False,False,WA,Burien
2016-05-04,2016,5,18.0,18-25,M,,other,Not fleeing,knife,Armed,shot,False,False,CA,Temecula
2016-05-04,2016,5,40.0,36-45,M,W,attack,Not fleeing,undetermined,Unarmed/Unknown,shot,False,False,MO,Buffalo
2016-05-05,2016,5,36.0,36-45,M,W,attack,Car,vehicle,Armed,shot,False,False,LA,Gretna
2016-05-05,2016,5,38.0,36-45,M,B,attack,Foot,gun,Armed,shot,False,True,WI,Milwaukee
2016-05-05,2016,5,26.0,26-35,F,B,attack,Not fleeing,gun,Armed,shot,False,False,FL,Orlando
2016-05-06,2016,5,,,M,B,other,Not fleeing,gun,Armed,shot,True,False,WV,Weirton
2016-05-07,2016,5,29.0,26-35,M,W,other,Not fleeing,gun,Armed,shot,True,False,WA,Lake Stevens
2016-05-07,2016,5,37.0,36-45,M,B,attack,Other,gun,Armed,shot,False,False,FL,St. Petersburg
2016-05-07,2016,5,29.0,26-35,M,O,other,Not fleeing,knife,Armed,shot and Tasered,False,False,ME,Presque Isle
2016-05-08,2016,5,21.0,18-25,M,B,other,Not fleeing,toy weapon,Armed,shot,False,False,CA,Long Beach
2016-05-09,2016,5,33.0,26-35,M,B,other,Not fleeing,toy weapon,Armed,shot,False,False,TX,El Paso
2016-05-09,2016,5,33.0,26-35,M,B,attack,Not fleeing,gun,Armed,shot,False,False,MN,St. Paul
2016-05-09,2016,5,23.0,18-25,M,W,attack,Not fleeing,unarmed,Unarmed/Unknown,shot,False,False,MS,St. Martin
2016-05-09,2016,5,26.0,26-35,M,W,other,Foot,gun,Armed,shot,False,False,IL,Chicago
2016-05-09,2016,5,59.0,56-65,M,,attack,Not fleeing,gun,Armed,shot,False,False,FL,Hog Valley
2016-05-09,2016,5,29.0,26-35,M,W,attack,Other,gun,Armed,shot,True,False,TX,Nacogdoches
2016-05-10,2016,5,28.0,26-35,M,B,attack,Not fleeing,knife,Armed,shot,True,False,MA,Taunton
2016-05-11,2016,5,35.0,26-35,M,W,attack,Car,gun,Armed,shot,False,False,CO,Aurora
2016-05-11,2016,5,33.0,26-35,M,A,other,Car,vehicle,Armed,shot,False,True,CA,San Diego
2016-05-11,2016,5,24.0,18-25,M,B,attack,Car,gun,Armed,shot,False,False,CO,Greeley
2016-05-11,2016,5,,,M,W,attack,Car,gun,Armed,shot,True,False,OK,Byng
2016-05-13,2016,5,28.0,26-35,M,H,attack,Not fleeing,gun,Armed,shot,False,True,CA,Boyle Heights
2016-05-14,2016,5,19.0,18-25,M,W,other,Not fleeing,knife,Armed,shot,True,False,FL,Jacksonsville
2016-05-14,2016,5,43.0,36-45,M,N,attack,Not fleeing,gun,Armed,shot,False,True,AZ,Phoenix
2016-05-14,2016,5,59.0,56-65,M,W,attack,Not fleeing,gun,Armed,shot,False,False,FL,Osteen
2016-05-14,2016,5,34.0,26-35,M,W,other,Not fleeing,gun,Armed,shot and Tasered,True,False,GA,Stockbridge
2016-05-15,2016,5,35.0,26-35,M,W,attack,Foot,gun,Armed,shot,False,False,IL,Shawnee National Forest
2016-05-16,2016,5,23.0,18-25,M,B,attack,Foot,gun,Armed,shot,False,False,GA,Riverdale
2016-05-17,2016,5,36.0,36-45,M,W,other,Not fleeing,ax,Armed,shot,True,False,CA,Siskiyou County
2016-05-18,2016,5,46.0,46-55,M,W,other,Not fleeing,knife,Armed,shot,True,False,NY,New York
2016-05-18,2016,5,44.0,36-45,M,W,attack,Other,gun,Armed,shot,False,False,MO,Sullivan
2016-05-18,2016,5,20.0,18-25,M,H,attack,Not fleeing,gun,Armed,shot,False,False,AZ,Phoenix
2016-05-19,2016,5,30.0,26-35,M,H,attack,Not fleeing,unarmed,Unarmed/Unknown,shot,False,False,NV,Las Vegas
2016-05-19,2016,5,29.0,26-35,F,B,undetermined,Car,unarmed,Unarmed/Unknown,shot,False,False,CA,San Francisco
2016-05-19,2016,5,35.0,26-35,M,H,other,Not fleeing,knife,Armed,shot,False,True,CA,Citrus Heights
2016-05-19,2016,5,36.0,36-45,M,W,attack,Not fleeing,gun,Armed,shot,False,False,KY,Fisty
2016-05-19,2016,5,22.0,18-25,M,B,other,Not fleeing,gun,Armed,shot,False,False,FL,Miami
2016-05-20,2016,5,31.0,26-35,M,B,other,Foot,knife,Armed,shot,False,True,NE,Omaha
2016-05-21,2016,5,63.0,56-65,M,W,attack,Not fleeing,gun,Armed,shot,False,False,SC,Chesterfield County
2016-05-21,2016,5,38.0,36-45,M,W,attack,Not fleeing,unarmed,Unarmed/Unknown,shot,True,False,OR,Oregon City
2016-05-21,2016,5,31.0,26-35,M,N,attack,Not fleeing,gun,Armed,shot,True,True,AZ,Flagstaff
2016-05-22,2016,5,27.0,26-35,M,B,other,Car,unarmed,Unarmed/Unknown,shot,False,True,FL,Hallandale Beach
2016-05-22,2016,5,35.0,26-35,M,H,attack,Not fleeing,gun,Armed,shot,False,False,MA,Oxford
2016-05-22,2016,5,22.0,18-25,M,B,other,Car,unarmed,Unarmed/Unknown,shot,False,False,FL,Jacksonville
2016-05-22,2016,5,28.0,26-35,M,W,attack,Not fleeing,gun,Armed,shot,True,False,CO,Boulder
2016-05-23,2016,5,26.0,26-35,M,N,attack,Foot,gun,Armed,shot,False,True,AZ,Flagstaff
2016-05-24,2016,5,22.0,18-25,M,W,other,Not fleeing,knife,Armed,shot,False,False,OR,Gresham
2016-05-24,2016,5,57.0,56-65,M,,other,Car,Taser,Armed,shot,False,False,MO,Harrisonville
2016-05-24,2016,5,31.0,26-35,M,H,attack,Not fleeing,gun,Armed,shot,False,False,NM,Albuquerque
2016-05-25,2016,5,43.0,36-45,M,W,other,Not fleeing,knife,Armed,shot,True,False,OK,Oklahoma City
2016-05-25,2016,5,24.0,18-25,M,B,other,Car,vehicle,Armed,shot,False,False,FL,Miami Gardens
2016-05-26,2016,5,29.0,26-35,M,W,attack,Not fleeing,gun,Armed,shot,False,False,MN,St. Paul
2016-05-26,2016,5,43.0,36-45,M,W,attack,Foot,gun,Armed,shot,False,False,IL,Lansing
2016-05-26,2016,5,,,M,,other,Not fleeing,gun,Armed,shot,False,False,TX,San Antonio
2016-05-26,2016,5,21.0,18-25,M,B,undetermined,Foot,undetermined,Unarmed/Unknown,shot,False,False,IL,Washington Park
2016-05-26,2016,5,19.0,18-25,M,H,attack,Car,gun,Armed,shot,False,False,CA,Solvang
2016-05-26,2016,5,,,F,,other,Not fleeing,knife,Armed,shot,False,False,FL,Sneads
2016-05-26,2016,5,25.0,18-25,M,H,attack,Car,gun,Armed,shot,False,False,NM,Socorro
2016-05-27,2016,5,59.0,56-65,M,W,attack,Not fleeing,gun,Armed,shot,False,False,IN,Indianapolis
2016-05-28,2016,5,50.0,46-55,M,B,attack,Not fleeing,gun,Armed,shot,False,False,AL,Eastaboga
2016-05-28,2016,5,58.0,56-65,M,W,attack,Not fleeing,gun,Armed,shot,False,True,NM,Albuquerque
2016-05-29,2016,5,25.0,18-25,M,H,attack,Not fleeing,gun,Armed,shot,True,False,TX,Houston
2016-05-29,2016,5,32.0,26-35,M,W,other,Not fleeing,knife,Armed,shot,False,False,FL,Deland
2016-05-29,2016,5,53.0,46-55,M,W,attack,Not fleeing,gun,Armed,shot,False,True,NC,Clinton
2016-05-29,2016,5,38.0,36-45,M,W,other,Car,unarmed,Unarmed/Unknown,shot and Tasered,False,False,NC,Stoneville
2016-05-30,2016,5,70.0,66+,M,W,attack,Not fleeing,gun,Armed,shot,False,False,OR,Tualatin
2016-05-30,2016,5,33.0,26-35,M,B,attack,Not fleeing,gun,Armed,shot,False,False,AZ,Tucson
2016-05-31,2016,5,36.0,36-45,M,W,other,Not fleeing,knife,Armed,shot,False,False,OR,Bend
2016-06-01,2016,6,,,M,,attack,Not fleeing,gun,Armed,shot,False,False,AZ,Phoenix
2016-06-01,2016,6,21.0,18-25,M,B,attack,Foot,gun,Armed,shot,False,True,GA,Newnan
2016-06-01,2016,6,51.0,46-55,M,W,attack,Foot,gun,Armed,shot,False,False,KY,Berea
2016-06-02,2016,6,43.0,36-45,M,B,other,Not fleeing,knife,Armed,shot,True,True,VA,Norfolk
2016-06-02,2016,6,18.0,18-25,M,B,other,Not fleeing,gun,Armed,shot,False,True,NC,Charlotte
2016-06-03,2016,6,33.0,26-35,M,W,other,Not fleeing,knife,Armed,shot,False,False,AK,Wasilla
2016-06-03,2016,6,34.0,26-35,M,N,other,Not fleeing,knife,Armed,shot,False,False,AZ,Parker
2016-06-04,2016,6,31.0,26-35,M,,attack,Not fleeing,undetermined,Unarmed/Unknown,shot,False,False,CA,Yreka
2016-06-04,2016,6,35.0,26-35,M,B,attack,Other,gun,Armed,shot,False,True,AL,Eufaula
2016-06-04,2016,6,31.0,26-35,M,W,other,Not fleeing,knife,Armed,shot,True,True,IN,Muncie
2016-06-05,2016,6,31.0,26-35,M,W,other,Car,gun,Armed,shot,False,False,FL,Cape Coral
2016-06-06,2016,6,23.0,18-25,M,B,attack,Not fleeing,gun,Armed,shot,False,False,OH,Columbus
2016-06-06,2016,6,25.0,18-25,M,O,other,Not fleeing,knife,Armed,shot,False,False,HI,Hilo
2016-06-07,2016,6,25.0,18-25,M,W,other,Car,unarmed,Unarmed/Unknown,shot,False,True,OK,Wagoner
2016-06-07,2016,6,21.0,18-25,M,H,other,Not fleeing,vehicle,Armed,shot,False,False,CA,Turlock
2016-06-07,2016,6,49.0,46-55,M,B,other,Not fleeing,gun,Armed,shot,False,False,VA,Norman
2016-06-07,2016,6,63.0,56-65,M,W,attack,Not fleeing,gun,Armed,shot,False,False,GA,Stockbridge
2016-06-08,2016,6,43.0,36-45,M,H,attack,Not fleeing,gun,Armed,shot,False,False,MO,Kansas City
2016-06-09,2016,6,34.0,26-35,M,W,attack,Car,gun,Armed,shot,False,False,AL,Birmingham
2016-06-09,2016,6,38.0,36-45,M,W,attack,,gun,Armed,shot,False,False,PA,York
2016-06-09,2016,6,52.0,46-55,M,B,other,Foot,gun,Armed,shot,False,False,TX,Port Arthur
2016-06-09,2016,6,68.0,66+,M,W,attack,Not fleeing,gun,Armed,shot,True,True,MI,Ishpeming Township
2016-06-09,2016,6,,,M,,attack,Not fleeing,baton,Armed,shot,False,False,AZ,Somerton
2016-06-10,2016,6,31.0,26-35,M,B,attack,Not fleeing,gun,Armed,shot,False,False,CA,Los Angeles
2016-06-10,2016,6,29.0,26-35,M,W,other,Not fleeing,baseball bat,Armed,shot,False,False,NC,Iredell County
2016-06-10,2016,6,32.0,26-35,M,H,attack,Foot,gun,Armed,shot,False,False,CO,Pueblo
2016-06-10,2016,6,50.0,46-55,M,H,attack,Not fleeing,gun,Armed,shot,False,True,WA,Yakima
2016-06-11,2016,6,27.0,26-35,M,B,attack,Car,gun,Armed,shot,False,False,MS,Tupelo
2016-06-11,2016,6,31.0,26-35,M,H,other,Not fleeing,spear,Armed,shot,False,False,CA,Maywood
2016-06-12,2016,6,29.0,26-35,M,O,attack,Not fleeing,gun,Armed,shot,True,True,FL,Orlando
2016-06-12,2016,6,23.0,18-25,M,W,other,Not fleeing,knife,Armed,shot,True,False,UT,Eagle Mountain
2016-06-12,2016,6,61.0,56-65,M,B,attack,Car,gun,Armed,shot,False,False,KY,Hiseville
2016-06-13,2016,6,33.0,26-35,M,W,attack,Not fleeing,gun,Armed,shot,False,False,NY,Schenectady
2016-06-13,2016,6,18.0,18-25,M,B,other,Not fleeing,gun,Armed,shot,False,False,AL,Mobile
2016-06-13,2016,6,80.0,66+,M,H,attack,Car,gun,Armed,shot,False,False,RI,Tiverton
2016-06-13,2016,6,43.0,36-45,M,W,undetermined,Car,undetermined,Unarmed/Unknown,shot,False,False,WA,Vancouver
2016-06-14,2016,6,50.0,46-55,M,H,other,Car,vehicle,Armed,shot,False,True,ID,Boise
2016-06-14,2016,6,47.0,46-55,M,W,attack,Not fleeing,gun,Armed,shot,False,False,MO,Odessa
2016-06-14,2016,6,54.0,46-55,M,O,attack,Not fleeing,gun,Armed,shot,False,False,TX,Amarillo
2016-06-14,2016,6,22.0,18-25,M,H,attack,Not fleeing,undetermined,Unarmed/Unknown,shot,False,False,CA,Chula Vista
2016-06-15,2016,6,43.0,36-45,M,W,attack,Car,vehicle,Armed,shot,False,False,OK,Tulsa
2016-06-15,2016,6,38.0,36-45,M,W,attack,Car,gun,Armed,shot,True,False,WI,Pembine
2016-06-16,2016,6,21.0,18-25,M,H,attack,Car,gun,Armed,shot,False,False,NM,Albuquerque
2016-06-16,2016,6,36.0,36-45,M,W,attack,Not fleeing,gun,Armed,shot,False,True,MT,Butte
2016-06-16,2016,6,30.0,26-35,M,H,attack,Car,vehicle,Armed,shot,False,False,CO,Westminster
2016-06-16,2016,6,,,M,,other,Not fleeing,gun,Armed,shot,True,False,OH,Montpelier
2016-06-18,2016,6,34.0,26-35,M,W,attack,Not fleeing,toy weapon,Armed,shot,False,True,AL,Huntsville
2016-06-18,2016,6,17.0,<18,M,W,other,Car,vehicle,Armed,shot,False,False,CA,Carmichael
2016-06-18,2016,6,37.0,36-45,M,B,attack,Foot,unarmed,Unarmed/Unknown,shot,False,False,MS,Tupelo
2016-06-19,2016,6,25.0,18-25,M,B,attack,Not fleeing,gun,Armed,shot,False,False,NY,New York
2016-06-19,2016,6,30.0,26-35,M,,other,Not fleeing,gun,Armed,shot,False,False,FL,Fort Walton Beach
2016-06-20,2016,6,23.0,18-25,M,B,attack,Not fleeing,gun,Armed,shot,False,False,SC,Hardeeville
2016-06-20,2016,6,20.0,18-25,M,W,other,Not fleeing,knife,Armed,shot and Tasered,False,True,AZ,Lake Havasu City
2016-06-21,2016,6,19.0,18-25,M,W,attack,Car,toy weapon,Armed,shot,True,False,NH,Peterborough
2016-06-21,2016,6,50.0,46-55,M,W,attack,Not fleeing,gun,Armed,shot,True,False,WY,Casper
2016-06-21,2016,6,24.0,18-25,M,H,attack,Not fleeing,undetermined,Unarmed/Unknown,shot,True,False,NC,Lawndale
2016-06-22,2016,6,25.0,18-25,M,W,attack,Not fleeing,gun,Armed,shot,False,False,CO,Colorado Springs
2016-06-22,2016,6,20.0,18-25,M,B,attack,Car,vehicle,Armed,shot,False,False,AL,Birmingham
2016-06-22,2016,6,37.0,36-45,M,W,other,Not fleeing,knife,Armed,shot,False,False,FL,Wellington
2016-06-22,2016,6,44.0,36-45,M,B,attack,Foot,gun,Armed,shot,False,False,MS,Walls
2016-06-22,2016,6,22.0,18-25,M,B,undetermined,Other,unarmed,Unarmed/Unknown,shot,False,False,GA,Atlanta
2016-06-22,2016,6,31.0,26-35,M,W,attack,Not fleeing,gun,Armed,shot,False,True,TX,Bellville
2016-06-23,2016,6,25.0,18-25,M,B,other,Not fleeing,gun,Armed,shot,False,True,WI,Wauwatosa
2016-06-23,2016,6,,,M,B,attack,Foot,gun,Armed,shot,False,False,IL,Belleville
2016-06-23,2016,6,29.0,26-35,M,,undetermined,Not fleeing,gun,Armed,shot,False,False,NM,Hanover
2016-06-24,2016,6,36.0,36-45,M,B,attack,Not fleeing,gun,Armed,shot,False,False,NJ,Paterson
2016-06-24,2016,6,50.0,46-55,M,W,attack,Not fleeing,gun,Armed,shot,False,False,AR,Farmington
2016-06-24,2016,6,42.0,36-45,F,W,attack,Not fleeing,gun,Armed,shot,True,False,TX,Fulshear
2016-06-24,2016,6,42.0,36-45,M,H,other,Other,gun,Armed,shot,True,False,OK,Oklahoma City
2016-06-24,2016,6,26.0,26-35,M,H,attack,Not fleeing,gun,Armed,shot,False,False,FL,Riverview
2016-06-25,2016,6,19.0,18-25,M,W,other,Car,unarmed,Unarmed/Unknown,shot,True,True,CA,Fresno
2016-06-25,2016,6,59.0,56-65,M,W,attack,Not fleeing,gun,Armed,shot,False,False,FL,Pinellas Park
2016-06-25,2016,6,36.0,36-45,M,H,attack,Other,unarmed,Unarmed/Unknown,shot and Tasered,False,False,GA,Gainesville
2016-06-25,2016,6,,,M,,attack,Not fleeing,gun,Armed,shot,False,False,AZ,Buckeye
2016-06-26,2016,6,51.0,46-55,M,W,attack,Not fleeing,baseball bat,Armed,shot,True,False,MI,Columbia Township
2016-06-26,2016,6,27.0,26-35,M,H,other,Not fleeing,knife,Armed,shot,False,False,CT,Thomaston
2016-06-26,2016,6,22.0,18-25,M,B,attack,Foot,gun,Armed,shot,False,False,NE,Lincoln
2016-06-26,2016,6,30.0,26-35,M,B,attack,Not fleeing,gun,Armed,shot,False,False,IL,Dolton
2016-06-27,2016,6,28.0,26-35,M,W,attack,Not fleeing,toy weapon,Armed,shot,True,False,IA,Boone
2016-06-27,2016,6,63.0,56-65,M,B,attack,Not fleeing,toy weapon,Armed,shot,True,True,DC,Washington
2016-06-27,2016,6,32.0,26-35,M,W,attack,Not fleeing,gun,Armed,shot,False,False,GA,Cochran
2016-06-27,2016,6,26.0,26-35,M,W,attack,Not fleeing,gun,Armed,shot,False,False,NM,Laguna Pueblo
2016-06-27,2016,6,25.0,18-25,M,W,other,Car,toy weapon,Armed,shot,False,False,DE,Frederica
2016-06-28,2016,6,27.0,26-35,M,A,other,Foot,knife,Armed,shot,False,False,CA,Long Beach
2016-06-28,2016,6,61.0,56-65,M,A,attack,Not fleeing,knife,Armed,shot,False,False,HI,Honolulu
2016-06-29,2016,6,30.0,26-35,M,W,attack,Not fleeing,undetermined,Unarmed/Unknown,shot,False,False,KY,Barbourville
2016-06-29,2016,6,,,M,B,attack,Not fleeing,gun,Armed,shot,False,False,LA,Ouachita Parish
2016-06-29,2016,6,37.0,36-45,M,B,attack,Foot,gun,Armed,shot,False,False,IA,Fort Madison
2016-06-29,2016,6,41.0,36-45,M,W,other,Not fleeing,pitchfork,Armed,shot,True,False,WI,Madison
2016-06-30,2016,6,25.0,18-25,M,B,undetermined,,gun,Armed,shot,False,False,OH,Columbus
2016-06-30,2016,6,24.0,18-25,M,W,attack,Not fleeing,gun,Armed,shot,False,False,CO,Park County
2016-06-30,2016,6,44.0,36-45,M,H,undetermined,Not fleeing,undetermined,Unarmed/Unknown,shot,False,False,WY,Douglas
2016-07-01,2016,7,63.0,56-65,M,W,attack,Not fleeing,gun,Armed,shot,False,False,SC,Landrum
2016-07-01,2016,7,30.0,26-35,M,W,attack,Not fleeing,gun,Armed,shot and Tasered,False,False,GA,Cartersville
2016-07-01,2016,7,58.0,56-65,M,W,other,Not fleeing,knife,Armed,shot,False,False,WI,Jackson
2016-07-02,2016,7,35.0,26-35,M,B,other,Car,gun,Armed,shot,False,False,NC,Asheville
2016-07-02,2016,7,50.0,46-55,M,W,attack,Not fleeing,gun,Armed,shot,False,False,TN,Bristol
2016-07-03,2016,7,40.0,36-45,M,W,other,Not fleeing,knife,Armed,shot,True,False,LA,New Iberia
2016-07-03,2016,7,,,M,H,other,Car,vehicle,Armed,shot,False,False,NV,Reno
2016-07-03,2016,7,19.0,18-25,M,H,other,Car,vehicle,Armed,shot,False,False,CA,Fullerton
2016-07-04,2016,7,34.0,26-35,M,W,attack,Not fleeing,gun,Armed,shot,False,True,SC,North Charleston
2016-07-04,2016,7,18.0,18-25,M,H,other,Not fleeing,gun,Armed,shot,True,False,CA,San Jose
2016-07-04,2016,7,21.0,18-25,M,B,attack,Not fleeing,gun,Armed,shot,False,False,DC,Washington
2016-07-04,2016,7,,,M,,other,Not fleeing,knife,Armed,shot,False,True,TX,Rosser
2016-07-05,2016,7,37.0,36-45,M,B,undetermined,Not fleeing,undetermined,Unarmed/Unknown,shot and Tasered,False,True,LA,Baton Rouge
2016-07-05,2016,7,29.0,26-35,M,W,undetermined,,undetermined,Unarmed/Unknown,shot,False,False,OR,Salem
2016-07-05,2016,7,49.0,46-55,M,W,other,Car,undetermined,Unarmed/Unknown,shot,False,False,CA,Temecula
2016-07-05,2016,7,24.0,18-25,F,H,other,Not fleeing,knife,Armed,shot,False,False,AZ,Yuma
2016-07-06,2016,7,32.0,26-35,M,B,other,Not fleeing,gun,Armed,shot,False,False,MN,Falcon Heights
2016-07-06,2016,7,65.0,56-65,M,W,other,Not fleeing,gun,Armed,shot,False,True,OK,Rush Springs
2016-07-07,2016,7,37.0,36-45,M,H,other,Not fleeing,knife,Armed,shot,False,False,CA,Bell
2016-07-07,2016,7,33.0,26-35,M,W,other,Car,vehicle,Armed,shot,False,False,CA,Clovis
2016-07-07,2016,7,63.0,56-65,M,B,attack,Not fleeing,gun,Armed,shot,False,True,AL,Selma
2016-07-08,2016,7,30.0,26-35,M,W,other,Not fleeing,knife,Armed,shot,True,False,AZ,Tucson
2016-07-09,2016,7,40.0,36-45,M,B,attack,Car,gun,Armed,shot,False,False,OK,Broken Bow
2016-07-10,2016,7,38.0,36-45,M,B,other,Not fleeing,gun,Armed,shot,False,True,TX,Houston
2016-07-11,2016,7,50.0,46-55,M,B,other,Not fleeing,knife,Armed,shot,True,True,CA,Sacramento
2016-07-11,2016,7,41.0,36-45,M,B,attack,Not fleeing,gun,Armed,shot,False,False,IL,East St. Louis
2016-07-11,2016,7,41.0,36-45,M,H,attack,Not fleeing,gun,Armed,shot,False,False,MI,Romulus
2016-07-11,2016,7,39.0,36-45,M,B,attack,Foot,gun,Armed,shot,False,False,NY,New York
2016-07-11,2016,7,44.0,36-45,M,W,attack,Not fleeing,gun,Armed,shot,False,False,MI,St. Joseph
2016-07-12,2016,7,23.0,18-25,M,W,attack,Not fleeing,hatchet,Armed,shot,True,False,AK,Anchorage
2016-07-13,2016,7,32.0,26-35,M,W,undetermined,Foot,gun,Armed,shot,False,True,AZ,Flagstaff
2016-07-13,2016,7,56.0,56-65,M,W,other,Not fleeing,toy weapon,Armed,shot,True,False,NY,Middletown
2016-07-14,2016,7,33.0,26-35,M,B,attack,Not fleeing,gun,Armed,shot,False,False,MD,Baltimore
2016-07-15,2016,7,63.0,56-65,M,W,attack,Not fleeing,gun,Armed,shot,True,False,NC,Peachland
2016-07-16,2016,7,31.0,26-35,M,W,attack,Not fleeing,gun,Armed,shot,True,False,FL,Lake Asbury
2016-07-16,2016,7,26.0,26-35,M,W,attack,Other,gun,Armed,shot and Tasered,False,False,CA,San Bernardino
2016-07-16,2016,7,57.0,56-65,M,W,other,Foot,gun,Armed,shot,False,False,NJ,Little Egg Harbor Township
2016-07-17,2016,7,39.0,36-45,M,W,other,Not fleeing,gun,Armed,shot,False,False,WI,Sheboygan
2016-07-17,2016,7,43.0,36-45,M,W,attack,Not fleeing,screwdriver,Armed,shot and Tasered,False,False,OK,Tulsa
2016-07-17,2016,7,42.0,36-45,M,B,attack,Not fleeing,gun,Armed,shot,False,False,NY,New York
2016-07-17,2016,7,29.0,26-35,M,B,attack,Not fleeing,gun,Armed,shot,True,False,LA,Baton Rouge
2016-07-18,2016,7,56.0,56-65,M,W,other,Not fleeing,ax,Armed,shot,True,False,OK,Tulsa
2016-07-20,2016,7,31.0,26-35,M,H,other,Not fleeing,knife,Armed,shot,True,False,CA,Santa Maria
2016-07-21,2016,7,50.0,46-55,M,B,attack,Not fleeing,gun,Armed,shot,False,False,IL,Chicago
2016-07-21,2016,7,36.0,36-45,M,O,attack,Not fleeing,gun,Armed,shot,True,False,HI,Hilo
2016-07-22,2016,7,50.0,46-55,M,W,attack,,gun,Armed,shot,False,False,WV,Buckhannon
2016-07-23,2016,7,34.0,26-35,M,H,attack,Not fleeing,gun,Armed,shot,False,False,TX,San Antonio
2016-07-23,2016,7,49.0,46-55,M,B,attack,Not fleeing,knife,Armed,shot,False,False,WI,Milwaukee
2016-07-23,2016,7,31.0,26-35,M,B,attack,Foot,gun,Armed,shot,False,False,CA,Chino
2016-07-24,2016,7,36.0,36-45,M,W,attack,Not fleeing,hatchet and gun,Armed,shot,True,False,CA,Winchester
2016-07-24,2016,7,29.0,26-35,M,N,other,Not fleeing,knife,Armed,shot,True,False,NM,Gallup
2016-07-25,2016,7,32.0,26-35,M,B,attack,Car,gun,Armed,shot,False,False,IN,Indianapolis
2016-07-25,2016,7,18.0,18-25,M,B,attack,Foot,gun,Armed,shot,False,False,CA,Los Angeles
2016-07-26,2016,7,50.0,46-55,M,W,attack,Car,gun,Armed,shot,False,False,WI,Pine River
2016-07-26,2016,7,36.0,36-45,M,H,other,,gun,Armed,shot,False,False,NM,Artesia
2016-07-27,2016,7,33.0,26-35,M,W,other,Foot,knife,Armed,shot,False,True,TN,Estill Springs
2016-07-27,2016,7,17.0,<18,M,B,attack,Foot,gun,Armed,shot,False,False,LA,Metairie
2016-07-27,2016,7,19.0,18-25,M,B,attack,Foot,unarmed,Unarmed/Unknown,shot,True,False,AZ,Tempe
2016-07-27,2016,7,24.0,18-25,M,W,other,Foot,knife,Armed,shot,False,True,AZ,Scottsdale
2016-07-27,2016,7,24.0,18-25,M,H,other,Not fleeing,knife,Armed,shot,True,False,CA,San Bernardino
2016-07-27,2016,7,20.0,18-25,M,W,attack,Not fleeing,knife,Armed,shot,False,False,MT,Malta
2016-07-28,2016,7,41.0,36-45,M,H,undetermined,Not fleeing,undetermined,Unarmed/Unknown,shot,False,False,NV,Sparks
2016-07-28,2016,7,47.0,46-55,M,B,other,Car,,Unknown,shot,False,False,CA,La Quinta
2016-07-28,2016,7,18.0,18-25,M,B,other,Car,vehicle,Armed,shot,False,True,IL,Chicago
2016-07-28,2016,7,31.0,26-35,M,H,attack,Other,gun,Armed,shot,False,False,AZ,Tucson
2016-07-28,2016,7,27.0,26-35,M,B,attack,Other,unarmed,Unarmed/Unknown,shot,False,False,CA,Compton
2016-07-28,2016,7,36.0,36-45,M,H,other,Car,undetermined,Unarmed/Unknown,shot,False,True,CA,City Terrace
2016-07-29,2016,7,59.0,56-65,M,W,attack,Not fleeing,gun,Armed,shot,False,False,NC,Pleasant Hill
2016-07-29,2016,7,40.0,36-45,F,W,attack,Not fleeing,gun,Armed,shot,False,False,AL,Homewood
2016-07-31,2016,7,32.0,26-35,M,W,attack,Foot,rock,Armed,shot,False,False,KY,Phelps
2016-07-31,2016,7,38.0,36-45,M,H,undetermined,Not fleeing,undetermined,Unarmed/Unknown,shot,False,False,WA,Wapato
2016-07-31,2016,7,18.0,18-25,M,A,other,Not fleeing,knife,Armed,shot,True,True,NJ,Manchester
2016-08-01,2016,8,32.0,26-35,M,,undetermined,Not fleeing,undetermined,Unarmed/Unknown,shot,False,False,CA,Santa Ana
2016-08-01,2016,8,23.0,18-25,F,B,attack,Not fleeing,gun,Armed,shot,False,False,MD,Randallstown
2016-08-01,2016,8,43.0,36-45,M,W,attack,Car,vehicle,Armed,shot,False,False,SC,Edmund
2016-08-01,2016,8,67.0,66+,M,W,attack,Not fleeing,gun,Armed,shot,False,False,VA,Stafford
2016-08-02,2016,8,22.0,18-25,M,W,attack,Car,gun,Armed,shot,False,False,SC,Lake City
2016-08-02,2016,8,31.0,26-35,M,W,other,Not fleeing,knife,Armed,shot,False,False,MN,Alexandria
2016-08-02,2016,8,43.0,36-45,M,B,attack,Not fleeing,gun,Armed,shot,True,False,FL,Palm Bay
2016-08-02,2016,8,34.0,26-35,M,W,attack,Car,gun,Armed,shot,True,False,ID,Hammett
2016-08-02,2016,8,51.0,46-55,M,W,other,Foot,undetermined,Unarmed/Unknown,shot,False,False,CA,Castaic
2016-08-03,2016,8,31.0,26-35,M,W,attack,Foot,gun,Armed,shot,False,False,UT,Clearfield
2016-08-03,2016,8,54.0,46-55,M,W,attack,Not fleeing,knife,Armed,shot,False,False,MI,Detroit
2016-08-03,2016,8,69.0,66+,M,W,other,Car,gun,Armed,shot,False,False,VA,Scott County
2016-08-05,2016,8,58.0,56-65,M,W,other,Not fleeing,knife,Armed,shot,True,False,VA,Aldie
2016-08-05,2016,8,26.0,26-35,M,B,attack,Not fleeing,gun,Armed,shot,True,False,GA,East Point
2016-08-05,2016,8,31.0,26-35,M,,attack,Not fleeing,crossbow,Armed,shot,True,False,CA,Santee
2016-08-05,2016,8,59.0,56-65,M,W,attack,Not fleeing,gun,Armed,shot,True,False,WI,Beaver Dam
2016-08-07,2016,8,25.0,18-25,M,B,attack,Not fleeing,knife,Armed,shot,True,False,OH,Cincinnati
2016-08-07,2016,8,20.0,18-25,M,B,other,Not fleeing,knife,Armed,shot,True,False,PA,Harrisburg
2016-08-08,2016,8,69.0,66+,M,W,attack,Not fleeing,gun,Armed,shot,True,False,SC,Little Mountain
2016-08-08,2016,8,57.0,56-65,M,B,other,Not fleeing,knife,Armed,shot,False,True,KY,Louisville
2016-08-08,2016,8,56.0,56-65,M,W,attack,Not fleeing,gun,Armed,shot,False,False,CA,Citrus Heights
2016-08-08,2016,8,64.0,56-65,M,W,attack,Not fleeing,gun,Armed,shot,False,False,NC,Wilkesboro
2016-08-08,2016,8,34.0,26-35,M,H,attack,Other,undetermined,Unarmed/Unknown,shot,False,False,KY,Georgetown
2016-08-09,2016,8,45.0,36-45,M,W,other,Not fleeing,gun,Armed,shot,True,False,OH,Circleville
2016-08-09,2016,8,14.0,<18,M,H,attack,Foot,gun,Armed,shot,False,True,CA,Los Angeles
2016-08-09,2016,8,44.0,36-45,M,W,other,Not fleeing,undetermined,Unarmed/Unknown,shot,False,False,SC,Piedmont
2016-08-11,2016,8,54.0,46-55,M,W,attack,Not fleeing,gun,Armed,shot,False,False,LA,Plaquemine
2016-08-11,2016,8,59.0,56-65,M,W,attack,Not fleeing,gun,Armed,shot,True,False,WA,Tukwila
2016-08-11,2016,8,33.0,26-35,M,H,undetermined,Other,knife,Armed,shot,False,False,CA,Vista
2016-08-12,2016,8,22.0,18-25,M,H,other,Car,undetermined,Unarmed/Unknown,shot,False,False,AZ,Mesa
2016-08-12,2016,8,49.0,46-55,M,W,other,Not fleeing,hammer,Armed,shot and Tasered,True,True,OK,Tahlequah
2016-08-13,2016,8,36.0,36-45,M,H,other,Car,vehicle,Armed,shot,False,False,CA,Hayward
2016-08-13,2016,8,23.0,18-25,M,B,other,Foot,gun,Armed,shot,False,True,WI,Milwaukee
2016-08-13,2016,8,38.0,36-45,M,H,attack,Not fleeing,knife,Armed,shot,True,False,AZ,Phoenix
2016-08-13,2016,8,53.0,46-55,M,W,other,Not fleeing,gun,Armed,shot,False,False,CO,Lakewood
2016-08-15,2016,8,29.0,26-35,M,H,other,Not fleeing,metal pole,Armed,shot,True,False,VA,Falls Church
2016-08-15,2016,8,42.0,36-45,M,W,attack,Other,gun,Armed,shot,False,False,TN,Counce
2016-08-16,2016,8,25.0,18-25,M,H,attack,Not fleeing,unarmed,Unarmed/Unknown,shot,False,False,AZ,Tucson
2016-08-16,2016,8,18.0,18-25,M,B,other,Foot,gun,Armed,shot,False,False,CA,Los Angeles
2016-08-16,2016,8,55.0,46-55,M,W,other,Not fleeing,gun,Armed,shot,False,False,WV,Augusta
2016-08-16,2016,8,36.0,36-45,M,W,other,Car,gun,Armed,shot,False,False,OH,Rome
2016-08-16,2016,8,32.0,26-35,M,W,attack,Foot,gun,Armed,shot,False,True,NC,Lenoir
2016-08-16,2016,8,53.0,46-55,M,W,other,Not fleeing,toy weapon,Armed,shot,False,False,AZ,Apache Junction
2016-08-16,2016,8,30.0,26-35,M,B,other,Foot,gun,Armed,shot,False,True,CA,Stockton
2016-08-17,2016,8,27.0,26-35,M,B,attack,Not fleeing,piece of wood,Armed,shot,False,False,WA,Kelso
2016-08-18,2016,8,37.0,36-45,M,H,attack,Car,gun,Armed,shot,False,False,CA,Bakersfield
2016-08-18,2016,8,29.0,26-35,M,W,other,Car,unarmed,Unarmed/Unknown,shot,False,True,NC,Charlotte
2016-08-18,2016,8,40.0,36-45,M,W,other,Not fleeing,knife,Armed,shot,False,False,CA,Antelope
2016-08-18,2016,8,36.0,36-45,M,W,other,Car,undetermined,Unarmed/Unknown,shot,False,False,KS,Hays
2016-08-18,2016,8,38.0,36-45,M,W,attack,Car,gun,Armed,shot,False,False,CA,Poway
2016-08-18,2016,8,29.0,26-35,M,W,other,Not fleeing,gun,Armed,shot,False,False,NM,Ruidoso
2016-08-18,2016,8,59.0,56-65,M,W,attack,Not fleeing,gun,Armed,shot,True,False,CA,McKinneyville
2016-08-19,2016,8,47.0,46-55,M,H,undetermined,Not fleeing,bayonet,Armed,shot,True,False,CA,East Hollywood
2016-08-19,2016,8,22.0,18-25,M,H,attack,Not fleeing,gun,Armed,shot,False,False,AZ,Phoenix
2016-08-19,2016,8,31.0,26-35,M,W,attack,Not fleeing,toy weapon,Armed,shot,True,True,WI,New London
2016-08-19,2016,8,29.0,26-35,M,W,undetermined,Car,undetermined,Unarmed/Unknown,shot,False,False,NV,Reno
2016-08-19,2016,8,54.0,46-55,M,W,other,Not fleeing,knife,Armed,shot,False,False,TN,East Ridge
2016-08-20,2016,8,71.0,66+,M,H,other,Not fleeing,knife,Armed,shot,False,True,CA,Indio
2016-08-21,2016,8,36.0,36-45,M,H,other,Not fleeing,knife,Armed,shot,False,True,NM,Las Cruces
2016-08-22,2016,8,34.0,26-35,M,B,attack,Not fleeing,knife,Armed,shot,False,False,OH,Hamilton
2016-08-23,2016,8,49.0,46-55,M,W,other,Car,gun,Armed,shot,False,False,TX,Myra
2016-08-24,2016,8,36.0,36-45,M,H,attack,Foot,gun,Armed,shot,False,False,TX,Oak Cliff
2016-08-24,2016,8,43.0,36-45,M,W,other,Not fleeing,gun,Armed,shot,True,False,FL,Orlando
2016-08-24,2016,8,53.0,46-55,M,W,attack,Not fleeing,gun,Armed,shot,False,False,TN,Shelbyville
2016-08-25,2016,8,63.0,56-65,M,,other,Not fleeing,knife,Armed,shot and Tasered,False,True,CO,Fort Collins
2016-08-25,2016,8,31.0,26-35,M,B,attack,Foot,gun,Armed,shot,False,False,CA,Compton
2016-08-25,2016,8,32.0,26-35,M,H,undetermined,Not fleeing,undetermined,Unarmed/Unknown,shot,False,False,CA,Compton
2016-08-26,2016,8,41.0,36-45,M,W,attack,Foot,gun,Armed,shot,False,False,NV,Las Vegas
2016-08-27,2016,8,26.0,26-35,M,H,attack,Not fleeing,toy weapon,Armed,shot,False,False,AZ,Phoenix
2016-08-27,2016,8,49.0,46-55,M,,other,Not fleeing,knife,Armed,shot and Tasered,False,False,CO,Denver
2016-08-27,2016,8,82.0,66+,M,W,attack,Not fleeing,gun,Armed,shot,False,True,WV,Morgantown
2016-08-28,2016,8,37.0,36-45,M,W,attack,Not fleeing,gun,Armed,shot,True,False,MN,Eagan
2016-08-29,2016,8,24.0,18-25,M,B,attack,Foot,gun,Armed,shot,False,False,NC,Raleigh
2016-08-29,2016,8,56.0,56-65,M,W,attack,Not fleeing,knife,Armed,shot and Tasered,False,False,CA,San Bernardino
2016-08-29,2016,8,35.0,26-35,F,W,attack,Not fleeing,gun,Armed,shot,False,False,AZ,Kingman
2016-08-29,2016,8,28.0,26-35,M,,attack,Foot,gun,Armed,shot and Tasered,False,True,AK,Fairbanks
2016-08-30,2016,8,36.0,36-45,M,,attack,Not fleeing,chain saw,Armed,shot and Tasered,True,False,WA,Graham
2016-08-30,2016,8,22.0,18-25,M,B,undetermined,Not fleeing,unarmed,Unarmed/Unknown,shot,False,False,FL,Tampa
2016-08-30,2016,8,59.0,56-65,M,W,attack,Other,gun,Armed,shot,False,False,TX,Harker Heights
2016-08-30,2016,8,36.0,36-45,M,W,other,Not fleeing,knife,Armed,shot and Tasered,False,False,TX,Weatherford
2016-08-31,2016,8,21.0,18-25,M,W,attack,Foot,gun,Armed,shot,False,False,CO,Denver
2016-08-31,2016,8,38.0,36-45,M,W,other,Car,vehicle,Armed,shot,False,False,MO,McDowell
2016-09-01,2016,9,60.0,56-65,M,W,other,Not fleeing,vehicle,Armed,shot,True,False,OH,Sylvania Township
2016-09-01,2016,9,18.0,18-25,M,W,other,Car,gun,Armed,shot,False,True,KS,Wichita
2016-09-01,2016,9,23.0,18-25,M,H,other,Foot,gun,Armed,shot,False,False,CA,Florence
2016-09-01,2016,9,,,M,H,other,Not fleeing,pipe,Armed,shot and Tasered,False,False,CA,Huntington Park
2016-09-02,2016,9,38.0,36-45,M,H,attack,Foot,gun,Armed,shot,False,True,NM,Alamogordo
2016-09-02,2016,9,40.0,36-45,M,,attack,Car,gun,Armed,shot,True,True,CO,Parker
2016-09-02,2016,9,22.0,18-25,M,W,other,Not fleeing,glass shard,Armed,shot,False,False,IL,Round Lake
2016-09-02,2016,9,38.0,36-45,M,B,attack,Other,gun,Armed,shot,False,False,MO,St. Louis
2016-09-03,2016,9,25.0,18-25,M,B,undetermined,Foot,undetermined,Unarmed/Unknown,shot,False,False,NJ,Atlantic City
2016-09-03,2016,9,25.0,18-25,M,W,undetermined,Not fleeing,undetermined,Unarmed/Unknown,shot,False,False,WA,East Wenatchee
2016-09-03,2016,9,36.0,36-45,M,W,undetermined,Other,gun,Armed,shot,False,False,IL,Metropolis
2016-09-03,2016,9,,,M,,attack,Car,gun,Armed,shot,False,False,TX,Temple
2016-09-04,2016,9,,,M,H,other,Not fleeing,knife,Armed,shot,True,False,CA,Long Beach
2016-09-04,2016,9,44.0,36-45,M,H,other,Not fleeing,knife,Armed,shot,True,False,CO,Grand Junction
2016-09-05,2016,9,36.0,36-45,M,B,attack,Car,gun,Armed,shot,False,False,TX,Ellis County
2016-09-05,2016,9,35.0,26-35,M,H,other,Not fleeing,gun,Armed,shot,False,False,TX,Austin
2016-09-06,2016,9,25.0,18-25,M,W,other,Other,vehicle,Armed,shot,False,False,NE,Omaha
2016-09-06,2016,9,65.0,56-65,M,,attack,Car,gun,Armed,shot,True,False,WV,Spencer
2016-09-06,2016,9,31.0,26-35,M,H,undetermined,Car,undetermined,Unarmed/Unknown,shot,False,False,AZ,Phoenix
2016-09-06,2016,9,70.0,66+,M,W,other,Not fleeing,gun,Armed,shot,False,True,TN,Gray
2016-09-06,2016,9,25.0,18-25,M,W,attack,Not fleeing,sword,Armed,shot,True,False,AZ,Phoenix
2016-09-07,2016,9,55.0,46-55,M,B,attack,Not fleeing,knife,Armed,shot,False,False,GA,Albany
2016-09-07,2016,9,35.0,26-35,M,W,undetermined,Not fleeing,undetermined,Unarmed/Unknown,shot,False,False,FL,Titusville
2016-09-07,2016,9,25.0,18-25,M,B,attack,Not fleeing,gun,Armed,shot,False,False,MI,Wyoming
2016-09-08,2016,9,32.0,26-35,M,W,attack,Not fleeing,gun,Armed,shot,False,False,FL,Lakeland
2016-09-08,2016,9,38.0,36-45,M,H,attack,Not fleeing,toy weapon,Armed,shot,False,False,CA,Delhi
2016-09-09,2016,9,32.0,26-35,M,H,attack,Not fleeing,gun,Armed,shot,False,False,TN,Memphis
2016-09-09,2016,9,64.0,56-65,M,W,other,Not fleeing,unknown weapon,Armed,shot,True,False,WA,Auburn
2016-09-09,2016,9,55.0,46-55,M,B,other,Not fleeing,knife,Armed,shot,False,False,FL,Pompano Beach
2016-09-10,2016,9,69.0,66+,M,W,other,Not fleeing,toy weapon,Armed,shot,True,True,WV,Montcalm
2016-09-10,2016,9,37.0,36-45,M,W,attack,Not fleeing,gun,Armed,shot,False,True,CO,Boulder
2016-09-11,2016,9,31.0,26-35,M,B,attack,Other,motorcycle,Armed,shot,False,False,DC,Washington
2016-09-12,2016,9,86.0,66+,M,,other,Not fleeing,gun,Armed,shot,False,False,CA,Saratoga
2016-09-12,2016,9,25.0,18-25,M,B,attack,Not fleeing,knife,Armed,shot,False,False,IA,Cedar Rapids
2016-09-12,2016,9,25.0,18-25,M,H,undetermined,Car,undetermined,Unarmed/Unknown,shot,False,False,CA,Colton
2016-09-14,2016,9,13.0,<18,M,B,other,Foot,toy weapon,Armed,shot,False,False,OH,Columbus
2016-09-15,2016,9,32.0,26-35,M,H,other,Other,gun,Armed,shot,False,False,AZ,Phoenix
2016-09-15,2016,9,34.0,26-35,M,W,attack,Foot,gun,Armed,shot and Tasered,False,False,TX,Austin
2016-09-15,2016,9,69.0,66+,M,W,other,Not fleeing,gun,Armed,shot,True,False,FL,Weeki Wachi
2016-09-16,2016,9,46.0,46-55,M,,attack,Not fleeing,gun,Armed,shot,False,False,MO,Big Bear
2016-09-16,2016,9,40.0,36-45,M,B,undetermined,Not fleeing,unarmed,Unarmed/Unknown,shot and Tasered,False,False,OK,Tulsa
2016-09-16,2016,9,29.0,26-35,M,N,undetermined,Foot,unarmed,Unarmed/Unknown,shot,False,True,VT,Winooski
2016-09-16,2016,9,29.0,26-35,M,W,attack,Not fleeing,knife,Armed,shot,False,False,KY,Owensboro
2016-09-17,2016,9,42.0,36-45,M,W,other,Not fleeing,hatchet,Armed,shot,False,False,CA,Beaumont
2016-09-17,2016,9,25.0,18-25,M,B,attack,Foot,gun,Armed,shot,False,False,PA,Philadelphia
2016-09-17,2016,9,45.0,36-45,M,W,attack,Other,toy weapon,Armed,shot,False,True,AL,Huntsville
2016-09-17,2016,9,55.0,46-55,M,W,attack,Not fleeing,gun,Armed,shot,True,False,NC,Rutherfordton
2016-09-17,2016,9,22.0,18-25,M,O,attack,Not fleeing,knife,Armed,shot,False,False,MN,St. Cloud
2016-09-18,2016,9,61.0,56-65,M,B,other,Not fleeing,gun,Armed,shot,False,False,OH,Akron
2016-09-19,2016,9,46.0,46-55,F,W,attack,Not fleeing,gun,Armed,shot,True,True,TX,Spring
2016-09-19,2016,9,30.0,26-35,M,W,other,Not fleeing,unknown weapon,Armed,shot,True,False,UT,Logan Canyon
2016-09-19,2016,9,56.0,56-65,M,W,attack,Not fleeing,gun,Armed,shot,True,False,TX,Wood County
2016-09-20,2016,9,35.0,26-35,M,W,other,Car,gun,Armed,shot,False,True,TN,Decatur County
2016-09-20,2016,9,22.0,18-25,M,W,attack,Not fleeing,gun,Armed,shot,True,False,FL,Port St. Lucie
2016-09-20,2016,9,23.0,18-25,M,W,other,Not fleeing,unknown weapon,Armed,shot,False,False,CT,Mashantucket
2016-09-20,2016,9,43.0,36-45,M,B,other,Not fleeing,gun,Armed,shot,False,True,NC,Charlotte
2016-09-20,2016,9,43.0,36-45,M,W,attack,Not fleeing,gun,Armed,shot,False,False,TN,Nashville
2016-09-20,2016,9,49.0,46-55,M,W,other,Foot,gun,Armed,shot,False,False,CO,Westminster
2016-09-21,2016,9,23.0,18-25,M,W,undetermined,Not fleeing,unarmed,Unarmed/Unknown,shot,False,False,NE,Louisville
2016-09-23,2016,9,41.0,36-45,M,W,attack,Foot,undetermined,Unarmed/Unknown,shot,False,False,CA,Fair Oaks
2016-09-23,2016,9,33.0,26-35,M,B,other,Not fleeing,vehicle,Armed,shot,False,True,MD,Pikesville
2016-09-23,2016,9,30.0,26-35,M,H,other,Foot,gun,Armed,shot,False,False,TX,San Antonio
2016-09-25,2016,9,25.0,18-25,M,W,other,Not fleeing,gun,Armed,shot,True,False,NH,Claremont
2016-09-26,2016,9,52.0,46-55,M,W,attack,Other,gun,Armed,shot,False,False,ID,Garden City
2016-09-26,2016,9,32.0,26-35,M,W,other,Not fleeing,gun,Armed,shot,True,False,AR,Little Rock
2016-09-26,2016,9,46.0,46-55,M,W,attack,Not fleeing,gun,Armed,shot,False,True,TX,Houston
2016-09-26,2016,9,48.0,46-55,M,W,other,Not fleeing,gun,Armed,shot,True,True,MN,Burnsville
2016-09-27,2016,9,38.0,36-45,M,B,attack,Not fleeing,unarmed,Unarmed/Unknown,shot,True,True,CA,El Cajon
2016-09-27,2016,9,26.0,26-35,M,W,other,Car,vehicle,Armed,shot,False,False,AZ,Phoenix
2016-09-28,2016,9,32.0,26-35,M,B,attack,Not fleeing,undetermined,Unarmed/Unknown,shot,False,False,PA,Philadelphia
2016-09-28,2016,9,28.0,26-35,M,H,attack,Not fleeing,knife,Armed,shot,False,True,GA,Valdosta
2016-09-29,2016,9,53.0,46-55,M,W,attack,Not fleeing,gun,Armed,shot,False,True,AZ,Kingman
2016-09-30,2016,9,38.0,36-45,M,W,undetermined,Not fleeing,,Unknown,shot,False,False,TX,Groveton
2016-09-30,2016,9,18.0,18-25,M,B,undetermined,Not fleeing,undetermined,Unarmed/Unknown,shot,False,False,NJ,Newark
2016-09-30,2016,9,32.0,26-35,M,B,attack,Foot,gun,Armed,shot,False,False,SC,Campobello
2016-09-30,2016,9,37.0,36-45,M,W,attack,Other,gun,Armed,shot,False,False,MI,Belleville
2016-09-30,2016,9,18.0,18-25,M,B,undetermined,Not fleeing,undetermined,Unarmed/Unknown,shot,False,False,NJ,Newark
2016-09-30,2016,9,20.0,18-25,M,B,other,Foot,gun,Armed,shot,False,False,OH,Columbus
2016-10-01,2016,10,28.0,26-35,M,W,attack,Foot,gun,Armed,shot,False,False,WV,Hometown
2016-10-01,2016,10,18.0,18-25,M,B,undetermined,Foot,gun,Armed,shot,False,True,CA,Los Angeles
2016-10-02,2016,10,16.0,<18,M,H,attack,Not fleeing,toy weapon,Armed,shot,True,True,CA,Los Angeles
2016-10-02,2016,10,36.0,36-45,M,B,other,Not fleeing,unknown weapon,Armed,shot,False,False,IL,Markham
2016-10-03,2016,10,57.0,56-65,M,W,attack,Not fleeing,gun,Armed,shot,False,False,MA,Lynn
2016-10-03,2016,10,49.0,46-55,M,W,other,Not fleeing,gun,Armed,shot,False,False,NJ,Ventnor
2016-10-04,2016,10,31.0,26-35,M,H,attack,Foot,brick,Armed,shot,False,False,FL,Riverview
2016-10-04,2016,10,26.0,26-35,M,W,attack,Not fleeing,gun,Armed,shot,False,False,AR,Springdale
2016-10-04,2016,10,51.0,46-55,M,W,other,Not fleeing,gun,Armed,shot,True,False,MI,Hessel
2016-10-05,2016,10,28.0,26-35,M,W,other,Not fleeing,machete,Armed,shot,True,False,CO,Boulder
2016-10-05,2016,10,35.0,26-35,M,W,attack,Car,gun,Armed,shot,False,False,SC,Moncks Corner
2016-10-07,2016,10,57.0,56-65,M,B,other,Not fleeing,,Unknown,shot,False,False,GA,Macon
2016-10-07,2016,10,36.0,36-45,M,W,other,Not fleeing,knife,Armed,shot,False,False,IN,Fort Wayne
2016-10-07,2016,10,42.0,36-45,M,W,attack,Not fleeing,gun,Armed,shot,False,False,AL,Killeen
2016-10-07,2016,10,,,M,B,attack,Not fleeing,gun,Armed,shot,False,False,LA,Alexandria
2016-10-07,2016,10,49.0,46-55,M,W,other,Not fleeing,toy weapon,Armed,shot,False,False,AR,Benton
2016-10-08,2016,10,62.0,56-65,M,W,other,Not fleeing,knife,Armed,shot,False,False,IN,Fort Wayne
2016-10-08,2016,10,21.0,18-25,M,H,other,Not fleeing,knife,Armed,shot,True,False,WA,Federal Way
2016-10-08,2016,10,39.0,36-45,M,,other,Not fleeing,vehicle,Armed,shot,False,False,OK,Wetumka
2016-10-08,2016,10,53.0,46-55,F,W,attack,Not fleeing,knife,Armed,shot,False,False,CA,Modesto
2016-10-09,2016,10,41.0,36-45,M,B,attack,Not fleeing,gun,Armed,shot,False,False,NY,Syracuse
2016-10-09,2016,10,40.0,36-45,M,W,other,Car,gun,Armed,shot,True,False,AZ,Scottsdale
2016-10-10,2016,10,50.0,46-55,M,,other,Not fleeing,gun,Armed,shot,False,False,NC,Lumberton
2016-10-10,2016,10,27.0,26-35,M,H,other,Not fleeing,undetermined,Unarmed/Unknown,shot,True,False,CA,Irvine
2016-10-10,2016,10,19.0,18-25,M,N,other,,gun,Armed,shot,False,False,TX,Midland
2016-10-10,2016,10,26.0,26-35,M,W,other,Car,vehicle,Armed,shot,False,False,OH,Westlake
2016-10-11,2016,10,44.0,36-45,M,A,other,Not fleeing,knife,Armed,shot,False,False,WA,Seattle
2016-10-11,2016,10,30.0,26-35,M,W,other,Not fleeing,knife,Armed,shot,False,False,CA,Concord
2016-10-12,2016,10,31.0,26-35,M,W,attack,Not fleeing,gun,Armed,shot,False,False,LA,Livingston Parish
2016-10-12,2016,10,33.0,26-35,M,B,attack,Not fleeing,gun,Armed,shot,False,False,MA,Boston
2016-10-12,2016,10,22.0,18-25,M,W,attack,Not fleeing,gun,Armed,shot,False,False,KY,Morehead
2016-10-13,2016,10,50.0,46-55,M,,other,Car,gun,Armed,shot,False,True,NV,Las Vegas
2016-10-13,2016,10,46.0,46-55,M,W,other,,knife,Armed,shot and Tasered,True,False,OR,Grants Pass
2016-10-13,2016,10,38.0,36-45,M,W,other,Not fleeing,gun,Armed,shot,False,False,WA,Kent
2016-10-14,2016,10,23.0,18-25,M,W,attack,Not fleeing,baseball bat,Armed,shot,False,False,TX,Beaumont
2016-10-14,2016,10,24.0,18-25,M,H,attack,Not fleeing,gun,Armed,shot,False,False,TX,Oak Cliff
2016-10-14,2016,10,26.0,26-35,M,W,attack,Not fleeing,gun,Armed,shot,True,False,CA,San Francisco
2016-10-15,2016,10,38.0,36-45,M,,attack,Not fleeing,gun,Armed,shot,False,False,AL,Phenix City
2016-10-16,2016,10,26.0,26-35,F,W,attack,Not fleeing,toy weapon,Armed,shot,True,False,TX,Austin
2016-10-16,2016,10,32.0,26-35,M,W,attack,Not fleeing,metal rake,Armed,shot and Tasered,True,False,CA,Santa Cruz
2016-10-17,2016,10,50.0,46-55,M,H,other,Not fleeing,sword,Armed,shot,True,False,FL,Miami
2016-10-17,2016,10,17.0,<18,M,W,attack,Foot,gun,Armed,shot,True,False,AR,Benton
2016-10-17,2016,10,39.0,36-45,M,W,other,Not fleeing,knife,Armed,shot and Tasered,True,False,FL,Holiday
2016-10-18,2016,10,28.0,26-35,M,B,attack,Not fleeing,gun,Armed,shot,False,True,MI,Benton Harbor
2016-10-18,2016,10,66.0,66+,F,B,attack,Not fleeing,baseball bat,Armed,shot,True,False,NY,Bronx
2016-10-18,2016,10,42.0,36-45,M,H,attack,Not fleeing,gun,Armed,shot,False,False,OK,Tulsa
2016-10-18,2016,10,34.0,26-35,M,W,attack,Not fleeing,gun,Armed,shot,False,False,KY,Paris
2016-10-19,2016,10,38.0,36-45,M,W,undetermined,Car,vehicle,Armed,shot,False,False,OH,Willoughby
2016-10-19,2016,10,24.0,18-25,M,,other,Not fleeing,gun,Armed,shot,False,False,TX,Dallas
2016-10-19,2016,10,28.0,26-35,M,H,attack,Car,undetermined,Unarmed/Unknown,shot,False,False,NV,Henderson
2016-10-20,2016,10,29.0,26-35,M,W,attack,Not fleeing,gun,Armed,shot,False,False,FL,Jacksonville
2016-10-21,2016,10,58.0,56-65,M,W,other,,knife,Armed,shot and Tasered,False,False,OK,Tulsa
2016-10-21,2016,10,23.0,18-25,F,N,other,Not fleeing,gun,Armed,shot,True,False,WA,Muckleshoot Indian Reservation
2016-10-22,2016,10,21.0,18-25,M,W,other,Not fleeing,unknown weapon,Armed,shot,True,False,AL,Westover
2016-10-23,2016,10,45.0,36-45,M,W,attack,Not fleeing,toy weapon,Armed,shot,False,False,MN,Peterson
2016-10-23,2016,10,38.0,36-45,M,W,attack,Not fleeing,gun,Armed,shot,False,False,KY,Edmonton
2016-10-23,2016,10,40.0,36-45,M,B,attack,Not fleeing,gun,Armed,shot,False,False,CO,Colorado Springs
2016-10-24,2016,10,19.0,18-25,M,B,attack,Car,gun,Armed,shot,False,False,MO,North St. Louis
2016-10-25,2016,10,46.0,46-55,M,B,other,Not fleeing,toy weapon,Armed,shot,False,False,AR,Little Rock
2016-10-25,2016,10,25.0,18-25,M,W,attack,Not fleeing,toy weapon,Armed,shot,True,False,MD,Elkton
2016-10-25,2016,10,25.0,18-25,F,W,attack,Not fleeing,toy weapon,Armed,shot,False,False,MD,Elkton
2016-10-25,2016,10,37.0,36-45,M,W,other,Not fleeing,knife,Armed,shot,True,False,CA,Lincoln
2016-10-26,2016,10,25.0,18-25,M,B,other,Not fleeing,gun,Armed,shot,False,False,TX,Carrollton
2016-10-26,2016,10,36.0,36-45,M,W,attack,Not fleeing,unarmed,Unarmed/Unknown,shot and Tasered,False,False,OK,Bartlesville
2016-10-27,2016,10,32.0,26-35,M,W,other,Not fleeing,gun,Armed,shot,True,False,MT,Billings
2016-10-27,2016,10,33.0,26-35,M,B,other,Not fleeing,gun and knife,Armed,shot,False,False,TX,San Antonio
2016-10-27,2016,10,24.0,18-25,M,H,attack,Foot,undetermined,Unarmed/Unknown,shot,False,False,GA,Elberton
2016-10-28,2016,10,37.0,36-45,M,W,attack,Other,gun,Armed,shot,False,False,MN,Morris
2016-10-28,2016,10,38.0,36-45,M,B,attack,Not fleeing,gun,Armed,shot,True,False,CA,Sacramento
2016-10-28,2016,10,45.0,36-45,M,A,attack,Not fleeing,knife,Armed,shot,True,False,OH,North Royalton
2016-10-30,2016,10,31.0,26-35,M,B,other,Not fleeing,knife,Armed,shot,True,False,MA,Boston
2016-10-30,2016,10,34.0,26-35,M,W,other,Car,vehicle,Armed,shot,False,False,AZ,Kingman
2016-10-30,2016,10,23.0,18-25,M,H,attack,Not fleeing,gun,Armed,shot,False,False,TX,Corpus Christi
2016-10-30,2016,10,38.0,36-45,M,,attack,Car,gun,Armed,shot,False,False,OK,Leedey
2016-10-31,2016,10,39.0,36-45,F,B,attack,Car,vehicle,Armed,shot,True,False,CA,Torrance
2016-10-31,2016,10,55.0,46-55,M,H,attack,Not fleeing,knife,Armed,shot,False,False,CA,Chatsworth
2016-10-31,2016,10,31.0,26-35,F,W,attack,Other,gun,Armed,shot,False,False,OH,Brookville
2016-11-01,2016,11,76.0,66+,M,W,other,Not fleeing,gun,Armed,shot,False,False,NV,Carson City
2016-11-02,2016,11,59.0,56-65,M,W,attack,Not fleeing,gun,Armed,shot,True,True,LA,Houma
2016-11-02,2016,11,40.0,36-45,M,W,undetermined,Other,undetermined,Unarmed/Unknown,shot,False,False,UT,West Jordan
2016-11-03,2016,11,23.0,18-25,M,B,attack,Not fleeing,gun,Armed,shot,False,False,NC,Salisbury
2016-11-03,2016,11,64.0,56-65,M,,attack,Not fleeing,knife,Armed,shot,True,False,PA,Chambersburg
2016-11-03,2016,11,56.0,56-65,F,,attack,Not fleeing,gun,Armed,shot,False,False,GA,Loganville
2016-11-04,2016,11,26.0,26-35,M,H,undetermined,Not fleeing,undetermined,Unarmed/Unknown,shot,False,False,CA,Palm Springs
2016-11-04,2016,11,35.0,26-35,M,H,attack,Other,gun,Armed,shot,True,False,NY,New York
2016-11-05,2016,11,49.0,46-55,M,W,other,Not fleeing,knife,Armed,shot,True,False,FL,Lealman
2016-11-05,2016,11,36.0,36-45,M,W,other,Car,vehicle,Armed,shot,False,False,OK,Okemah
2016-11-05,2016,11,56.0,56-65,M,W,attack,Not fleeing,gun,Armed,shot,False,False,WV,Clendenin
2016-11-05,2016,11,59.0,56-65,M,,undetermined,,gun,Armed,shot,False,False,WA,Beaver
2016-11-05,2016,11,34.0,26-35,M,W,other,Other,gun,Armed,shot,False,True,TX,Gladewater
2016-11-06,2016,11,33.0,26-35,M,H,undetermined,Not fleeing,undetermined,Unarmed/Unknown,shot and Tasered,False,False,CA,Santa Ana
2016-11-06,2016,11,43.0,36-45,M,W,attack,Not fleeing,gun,Armed,shot,True,False,SC,Aiken
2016-11-06,2016,11,43.0,36-45,M,W,undetermined,Car,vehicle,Armed,shot and Tasered,False,False,KY,Bowling Green
2016-11-06,2016,11,31.0,26-35,M,W,other,Foot,metal pipe,Armed,shot,False,False,NJ,Maurice River
2016-11-06,2016,11,17.0,<18,M,W,other,Car,vehicle,Armed,shot,False,False,AL,Phenix City
2016-11-06,2016,11,32.0,26-35,M,W,other,Not fleeing,hammer,Armed,shot,True,False,WV,Hensley
2016-11-07,2016,11,31.0,26-35,M,B,attack,Other,gun,Armed,shot,False,False,PA,Philadelphia
2016-11-08,2016,11,19.0,18-25,M,W,attack,Car,unarmed,Unarmed/Unknown,shot and Tasered,False,False,KS,Hays
2016-11-08,2016,11,23.0,18-25,M,H,attack,Other,gun,Armed,shot,False,False,CO,Denver
2016-11-08,2016,11,26.0,26-35,M,W,attack,Car,vehicle,Armed,shot,False,False,OH,Ashtabula
2016-11-08,2016,11,45.0,36-45,M,H,attack,Not fleeing,gun,Armed,shot,False,False,CA,Azusa
2016-11-09,2016,11,36.0,36-45,M,W,attack,Not fleeing,gun,Armed,shot,False,False,AZ,Show Low
2016-11-10,2016,11,41.0,36-45,M,H,undetermined,,gun,Armed,shot,False,False,TX,San Angelo
2016-11-10,2016,11,53.0,46-55,M,W,attack,Not fleeing,gun,Armed,shot,False,False,FL,Lakeland
2016-11-11,2016,11,,,M,,undetermined,,,Unknown,shot and Tasered,False,False,GA,East Point
2016-11-11,2016,11,24.0,18-25,M,W,attack,Car,vehicle,Armed,shot,False,False,CO,Grand Junction
2016-11-11,2016,11,,,M,H,attack,Other,gun,Armed,shot,False,False,ID,Boise
2016-11-11,2016,11,47.0,46-55,M,,attack,Not fleeing,gun,Armed,shot,False,False,CO,Montrose County
2016-11-12,2016,11,40.0,36-45,M,W,attack,Not fleeing,gun,Armed,shot,False,False,AK,Anchorage
2016-11-12,2016,11,29.0,26-35,M,H,attack,Car,gun,Armed,shot,False,False,AZ,Tucson
2016-11-13,2016,11,38.0,36-45,M,,attack,Not fleeing,baseball bat,Armed,shot and Tasered,True,False,PA,Bloomsburg
2016-11-13,2016,11,22.0,18-25,M,H,attack,Not fleeing,gun,Armed,shot,False,True,CA,San Diego
2016-11-13,2016,11,21.0,18-25,M,H,attack,Not fleeing,gun,Armed,shot,False,False,OK,Oklahoma City
2016-11-15,2016,11,25.0,18-25,M,B,other,Car,vehicle,Armed,shot,False,False,PA,York County
2016-11-15,2016,11,37.0,36-45,M,W,attack,Not fleeing,gun,Armed,shot,False,False,TX,Webster
2016-11-15,2016,11,48.0,46-55,M,,other,Not fleeing,knife,Armed,shot,False,False,CA,Temecula
2016-11-16,2016,11,37.0,36-45,M,H,other,Not fleeing,machete,Armed,shot,False,False,CA,Whittier
2016-11-16,2016,11,56.0,56-65,M,W,other,Not fleeing,gun,Armed,shot,False,False,CA,Redding
2016-11-18,2016,11,35.0,26-35,M,W,other,Not fleeing,gun,Armed,shot and Tasered,True,False,FL,Fort Walton Beach
2016-11-18,2016,11,25.0,18-25,M,B,other,Not fleeing,machete,Armed,shot and Tasered,True,False,FL,Port St. Lucie
2016-11-18,2016,11,25.0,18-25,M,B,attack,Not fleeing,gun,Armed,shot,False,False,GA,Ludowici
2016-11-18,2016,11,48.0,46-55,M,,other,Not fleeing,machete,Armed,shot and Tasered,True,False,AZ,Casa Grande
2016-11-18,2016,11,26.0,26-35,M,B,attack,Not fleeing,gun,Armed,shot,False,False,IL,Chicago
2016-11-19,2016,11,29.0,26-35,M,H,attack,Foot,vehicle,Armed,shot,False,True,CA,Anaheim
2016-11-19,2016,11,15.0,<18,M,A,other,Foot,knife,Armed,shot and Tasered,False,True,CA,Watsonville
2016-11-19,2016,11,55.0,46-55,M,,attack,Not fleeing,gun,Armed,shot,False,False,OK,Chickasha
2016-11-19,2016,11,21.0,18-25,M,B,attack,Not fleeing,baton,Armed,shot,True,False,NY,Brooklyn
2016-11-20,2016,11,24.0,18-25,M,H,attack,Not fleeing,gun,Armed,shot,False,False,TX,San Antonio
2016-11-20,2016,11,18.0,18-25,M,W,other,Foot,gun,Armed,shot,False,False,MO,Kansas City
2016-11-21,2016,11,19.0,18-25,M,B,attack,Foot,gun,Armed,shot,False,False,MO,St. Louis
2016-11-21,2016,11,27.0,26-35,M,W,other,Foot,knife,Armed,shot,True,False,CA,Lompoc
2016-11-22,2016,11,45.0,36-45,M,H,attack,Not fleeing,gun,Armed,shot,False,False,CA,La Mirada
2016-11-22,2016,11,36.0,36-45,M,B,other,Car,gun,Armed,shot,False,False,TX,Baytown
2016-11-22,2016,11,34.0,26-35,M,B,undetermined,Not fleeing,undetermined,Unarmed/Unknown,shot,False,False,NC,Durham
2016-11-22,2016,11,23.0,18-25,M,B,attack,Not fleeing,gun,Armed,shot,False,False,NJ,Newark
2016-11-23,2016,11,43.0,36-45,M,W,other,Not fleeing,knife,Armed,shot,False,False,FL,Lealman
2016-11-23,2016,11,43.0,36-45,M,W,other,Not fleeing,knife,Armed,shot,False,False,MI,Holland Township
2016-11-23,2016,11,19.0,18-25,M,B,undetermined,Foot,undetermined,Unarmed/Unknown,shot,False,False,IL,Chicago
2016-11-24,2016,11,45.0,36-45,M,,attack,Not fleeing,knife,Armed,shot,True,False,TN,Jackson
2016-11-25,2016,11,37.0,36-45,M,B,attack,,gun,Armed,shot,False,False,IL,Chicago
2016-11-25,2016,11,23.0,18-25,M,B,attack,Other,gun,Armed,shot,False,False,MS,Hattiesburg
2016-11-25,2016,11,26.0,26-35,M,H,other,Not fleeing,unarmed,Unarmed/Unknown,shot,False,True,AZ,Tucson
2016-11-26,2016,11,20.0,18-25,M,H,attack,Car,undetermined,Unarmed/Unknown,shot,False,False,AZ,Surprise
2016-11-27,2016,11,50.0,46-55,M,W,attack,Not fleeing,blunt object,Armed,shot and Tasered,False,False,KS,Olathe
2016-11-27,2016,11,59.0,56-65,M,W,attack,Not fleeing,gun,Armed,shot,False,False,ME,Naples
2016-11-27,2016,11,33.0,26-35,M,B,attack,Foot,gun,Armed,shot,False,False,IL,Chicago
2016-11-27,2016,11,48.0,46-55,M,B,attack,Not fleeing,gun,Armed,shot,False,False,LA,Baton Rouge
2016-11-28,2016,11,18.0,18-25,M,O,attack,Not fleeing,knife,Armed,shot,False,False,OH,Columbus
2016-11-28,2016,11,23.0,18-25,M,H,undetermined,Foot,gun,Armed,shot,False,False,CA,Los Angeles
2016-11-28,2016,11,41.0,36-45,M,B,other,Car,vehicle,Armed,shot,False,False,NC,Hickory
2016-11-29,2016,11,41.0,36-45,M,W,other,Not fleeing,gun,Armed,shot,False,False,MA,Lynn
2016-11-29,2016,11,55.0,46-55,M,W,other,Car,rock,Armed,shot,False,True,TX,Friendswood
2016-11-29,2016,11,29.0,26-35,M,W,other,Not fleeing,knife,Armed,shot,True,False,IN,Avon
2016-11-29,2016,11,31.0,26-35,M,W,other,Foot,undetermined,Unarmed/Unknown,shot,False,False,SC,Iva
2016-11-30,2016,11,25.0,18-25,M,B,other,Not fleeing,gun,Armed,shot,False,False,MO,Kansas City
2016-12-01,2016,12,38.0,36-45,M,B,attack,Not fleeing,gun,Armed,shot,False,False,WA,Tacoma
2016-12-01,2016,12,,,M,H,attack,,gun,Armed,shot,False,False,AZ,Tucson
2016-12-01,2016,12,83.0,66+,M,W,attack,Not fleeing,gun,Armed,shot,False,False,AR,Dover
2016-12-02,2016,12,22.0,18-25,M,W,other,Not fleeing,crowbar,Armed,shot,False,False,KY,Simpsonsville
2016-12-02,2016,12,33.0,26-35,M,W,attack,Not fleeing,gun,Armed,shot,False,False,AL,Tuscumbia
2016-12-02,2016,12,36.0,36-45,M,W,undetermined,Not fleeing,undetermined,Unarmed/Unknown,shot,True,False,NM,Las Cruces
2016-12-03,2016,12,38.0,36-45,M,,attack,Foot,gun,Armed,shot,False,False,LA,Metairie
2016-12-04,2016,12,26.0,26-35,M,A,other,Foot,undetermined,Unarmed/Unknown,shot,False,False,OH,Hudson
2016-12-04,2016,12,29.0,26-35,M,B,attack,Car,gun,Armed,shot,False,False,IN,Elkhart
2016-12-06,2016,12,55.0,46-55,M,W,attack,Not fleeing,gun,Armed,shot,False,False,KS,Hutchinson
2016-12-06,2016,12,47.0,46-55,M,W,attack,Not fleeing,gun,Armed,shot,False,False,FL,Orange City
2016-12-06,2016,12,52.0,46-55,M,W,attack,Not fleeing,gun,Armed,shot,False,False,OR,Portland
2016-12-06,2016,12,49.0,46-55,M,W,attack,Other,oar,Armed,shot and Tasered,False,False,FL,Fruitland Park
2016-12-07,2016,12,31.0,26-35,M,B,other,Not fleeing,knife,Armed,shot and Tasered,False,True,NC,Fayetteville
2016-12-07,2016,12,37.0,36-45,M,W,undetermined,,undetermined,Unarmed/Unknown,shot,False,False,TX,Dallas
2016-12-07,2016,12,37.0,36-45,M,B,attack,Not fleeing,gun,Armed,shot,False,False,TX,Houston
2016-12-07,2016,12,36.0,36-45,M,W,other,Not fleeing,undetermined,Unarmed/Unknown,shot,False,False,IA,Sioux City
2016-12-07,2016,12,20.0,18-25,M,,attack,Not fleeing,knife,Armed,shot,True,False,PA,Avella
2016-12-08,2016,12,,,M,,attack,Not fleeing,gun,Armed,shot,False,False,TX,Allen
2016-12-09,2016,12,30.0,26-35,M,O,other,Not fleeing,vehicle,Armed,shot,False,False,HI,Keaau
2016-12-09,2016,12,,,M,W,attack,Not fleeing,gun,Armed,shot,False,False,NC,Leland
2016-12-09,2016,12,35.0,26-35,M,W,other,Not fleeing,machete and gun,Armed,shot,True,False,PA,Forks Township
2016-12-10,2016,12,35.0,26-35,M,B,attack,Foot,gun,Armed,shot,False,False,SC,Sumter
2016-12-10,2016,12,36.0,36-45,M,W,other,Not fleeing,knife,Armed,shot,False,True,IN,Greenwood
2016-12-11,2016,12,53.0,46-55,M,W,other,Not fleeing,knife,Armed,shot and Tasered,True,False,NE,York
2016-12-11,2016,12,39.0,36-45,M,W,other,Not fleeing,vehicle,Armed,shot,False,False,WV,Fairmont
2016-12-11,2016,12,30.0,26-35,M,H,attack,Not fleeing,knife,Armed,shot,False,False,TX,Laredo
2016-12-11,2016,12,44.0,36-45,F,W,attack,Not fleeing,toy weapon,Armed,shot,True,False,AZ,Bullhead City
2016-12-11,2016,12,24.0,18-25,M,W,attack,Not fleeing,gun,Armed,shot,False,False,KS,Medicine Lodge
2016-12-12,2016,12,73.0,66+,M,H,undetermined,Not fleeing,unarmed,Unarmed/Unknown,shot,False,False,CA,Bakersfield
2016-12-12,2016,12,31.0,26-35,M,W,attack,Not fleeing,gun,Armed,shot,False,False,GA,Fort Valley
2016-12-12,2016,12,28.0,26-35,M,B,attack,Not fleeing,gun,Armed,shot,False,False,PA,Philadelphia
2016-12-13,2016,12,18.0,18-25,M,B,attack,Not fleeing,gun,Armed,shot,False,False,MD,Baltimore
2016-12-13,2016,12,32.0,26-35,M,B,other,Not fleeing,gun,Armed,shot and Tasered,True,False,GA,Hampton
2016-12-15,2016,12,60.0,56-65,M,W,attack,Not fleeing,gun,Armed,shot and Tasered,False,False,CA,Hacienda Heights
2016-12-16,2016,12,36.0,36-45,M,,attack,Not fleeing,gun,Armed,shot,False,False,OR,Dallas
2016-12-17,2016,12,48.0,46-55,M,W,undetermined,Not fleeing,knife,Armed,shot,False,False,TN,Arlington
2016-12-17,2016,12,33.0,26-35,M,H,other,Not fleeing,gun,Armed,shot,False,False,CA,Los Angeles
2016-12-17,2016,12,44.0,36-45,M,N,other,Not fleeing,gun,Armed,shot,False,False,WA,Everett
2016-12-18,2016,12,20.0,18-25,M,B,undetermined,Foot,undetermined,Unarmed/Unknown,shot,False,False,CA,Los Angeles
2016-12-18,2016,12,37.0,36-45,M,W,other,Not fleeing,gun,Armed,shot,False,False,WA,Ridgefield
2016-12-18,2016,12,72.0,66+,M,W,attack,Not fleeing,gun,Armed,shot,True,False,OK,Tulsa
2016-12-19,2016,12,52.0,46-55,M,W,undetermined,Not fleeing,undetermined,Unarmed/Unknown,shot,False,False,NC,Granite Falls
2016-12-20,2016,12,31.0,26-35,M,,other,Other,gun,Armed,shot,False,False,CA,Hemet
2016-12-20,2016,12,46.0,46-55,M,H,other,Not fleeing,knife,Armed,shot,False,False,TX,Pharr
2016-12-20,2016,12,,,M,,other,Not fleeing,knife,Armed,shot,True,False,CA,Brawley
2016-12-21,2016,12,31.0,26-35,M,,other,Not fleeing,tire iron,Armed,shot,False,False,OK,Ponca City
2016-12-21,2016,12,25.0,18-25,M,W,attack,Other,gun,Armed,shot,False,False,OK,Burns Flat
2016-12-21,2016,12,46.0,46-55,M,,other,,vehicle,Armed,shot,False,False,IN,Knox
2016-12-21,2016,12,38.0,36-45,M,H,attack,Car,vehicle,Armed,shot,False,False,NV,Reno
2016-12-21,2016,12,25.0,18-25,M,,other,Not fleeing,knife,Armed,shot,True,False,AR,Fayetteville
2016-12-21,2016,12,,,M,,undetermined,Not fleeing,knife,Armed,shot,False,False,CA,Stockton
2016-12-21,2016,12,27.0,26-35,M,W,attack,Not fleeing,gun,Armed,shot,False,False,AL,Saraland
2016-12-21,2016,12,24.0,18-25,M,B,attack,Not fleeing,gun,Armed,shot,False,False,CA,Coalinga
2016-12-22,2016,12,19.0,18-25,M,B,attack,Not fleeing,gun,Armed,shot,False,False,MD,Capitol Heights
2016-12-23,2016,12,31.0,26-35,M,W,undetermined,Not fleeing,undetermined,Unarmed/Unknown,shot and Tasered,False,False,OR,Bend
2016-12-23,2016,12,55.0,46-55,M,,attack,Not fleeing,crossbow,Armed,shot,False,False,FL,Palm Harbor
2016-12-23,2016,12,,,M,,other,Car,vehicle,Armed,shot,False,False,CA,El Monte
2016-12-24,2016,12,18.0,18-25,M,B,undetermined,Not fleeing,gun,Armed,shot,False,False,NC,Charlotte
2016-12-24,2016,12,53.0,46-55,F,W,other,Not fleeing,knife,Armed,shot,False,False,FL,Lake Wales
2016-12-24,2016,12,,,M,,attack,Foot,gun,Armed,shot,False,False,AL,Gadsden
2016-12-24,2016,12,48.0,46-55,M,A,attack,Not fleeing,scissors,Armed,shot,True,False,CA,Pico Rivera
2016-12-25,2016,12,29.0,26-35,M,B,other,Not fleeing,knife,Armed,shot,False,True,DC,Washington
2016-12-25,2016,12,30.0,26-35,M,W,attack,Car,gun,Armed,shot,True,False,OR,King City
2016-12-25,2016,12,33.0,26-35,M,,attack,Not fleeing,gun,Armed,shot,False,False,AR,Desha
2016-12-25,2016,12,61.0,56-65,M,W,attack,Not fleeing,gun,Armed,shot,True,False,FL,Middleburg
2016-12-27,2016,12,35.0,26-35,M,,attack,Not fleeing,gun,Armed,shot,False,False,CA,Grass Valley
2016-12-27,2016,12,71.0,66+,F,W,attack,Not fleeing,gun,Armed,shot,False,False,TX,Pearland
2016-12-27,2016,12,41.0,36-45,M,H,attack,Not fleeing,undetermined,Unarmed/Unknown,shot,False,False,IL,North Riverside
2016-12-27,2016,12,36.0,36-45,M,W,attack,Other,gun,Armed,shot,False,False,TX,Campbellton
2016-12-28,2016,12,28.0,26-35,M,,undetermined,Not fleeing,undetermined,Unarmed/Unknown,shot,False,False,TN,Spring Hill
2016-12-29,2016,12,52.0,46-55,M,,undetermined,Not fleeing,gun,Armed,shot,False,True,MD,Chestertown
2016-12-30,2016,12,21.0,18-25,M,B,other,Car,gun,Armed,shot,False,False,FL,Miami
2016-12-30,2016,12,,,M,,attack,Not fleeing,gun,Armed,shot,False,False,FL,Pensacola
2016-12-30,2016,12,31.0,26-35,M,,other,Foot,knife,Armed,shot and Tasered,False,False,AZ,Phoenix
2016-12-31,2016,12,33.0,26-35,M,W,attack,Not fleeing,unarmed,Unarmed/Unknown,shot and Tasered,False,False,MN,Mankato
2016-12-31,2016,12,46.0,46-55,M,W,attack,Not fleeing,knife,Armed,shot,True,False,FL,Loxahatchee
2016-12-31,2016,12,32.0,26-35,M,W,attack,Other,gun,Armed,shot,False,False,PA,Huntingdon County
2017-01-01,2017,1,42.0,36-45,M,W,other,Not fleeing,gun,Armed,shot,False,False,OH,Springfield
2017-01-01,2017,1,17.0,<18,M,B,other,Not fleeing,knife,Armed,shot,True,False,IL,Villa Park
2017-01-01,2017,1,44.0,36-45,M,B,attack,Foot,gun,Armed,shot and Tasered,True,False,MO,Springfield
2017-01-01,2017,1,35.0,26-35,M,W,attack,Car,gun,Armed,shot,False,False,GA,Woodstock
2017-01-01,2017,1,23.0,18-25,M,H,attack,Foot,gun,Armed,shot,False,False,TX,Houston
2017-01-01,2017,1,21.0,18-25,M,B,attack,Car,vehicle,Armed,shot,False,False,TX,Allen
2017-01-03,2017,1,53.0,46-55,M,W,attack,Not fleeing,gun,Armed,shot,True,True,TX,Gilmer
2017-01-03,2017,1,63.0,56-65,M,B,other,Not fleeing,knife,Armed,shot and Tasered,True,False,NY,Brooklyn
2017-01-04,2017,1,18.0,18-25,M,W,attack,Foot,gun,Armed,shot,False,False,NY,Brooklyn
2017-01-04,2017,1,51.0,46-55,M,B,attack,Foot,gun,Armed,shot,False,False,CA,Pomona
2017-01-04,2017,1,64.0,56-65,M,W,attack,Not fleeing,gun,Armed,shot,False,False,KY,Lancaster
2017-01-04,2017,1,45.0,36-45,M,W,other,Car,vehicle,Armed,shot,False,False,IN,English
2017-01-05,2017,1,20.0,18-25,M,H,attack,Not fleeing,gun,Armed,shot,False,False,CA,Dinuba
2017-01-05,2017,1,41.0,36-45,M,W,attack,Not fleeing,gun,Armed,shot,True,False,TN,Monteagle
2017-01-06,2017,1,23.0,18-25,M,W,other,Not fleeing,knife,Armed,shot,True,False,PA,Sharon
2017-01-06,2017,1,32.0,26-35,M,B,attack,Other,gun,Armed,shot,False,False,IL,Deerfield
2017-01-07,2017,1,25.0,18-25,M,W,other,Car,knife,Armed,shot,False,False,WV,Princeton
2017-01-07,2017,1,42.0,36-45,M,W,attack,Other,gun,Armed,shot,False,False,OK,Fairland
2017-01-07,2017,1,41.0,36-45,M,W,attack,Not fleeing,unarmed,Unarmed/Unknown,shot,True,False,MD,Elkridge
2017-01-07,2017,1,31.0,26-35,M,H,other,Not fleeing,vehicle,Armed,shot,True,False,CO,Northglenn
2017-01-07,2017,1,50.0,46-55,M,H,attack,Not fleeing,gun,Armed,shot,True,False,MO,Independence
2017-01-07,2017,1,38.0,36-45,M,H,other,Not fleeing,,Unknown,shot,False,False,NM,Albuquerque
2017-01-08,2017,1,44.0,36-45,M,W,other,Not fleeing,knife,Armed,shot,True,False,GA,Cumming
2017-01-09,2017,1,38.0,36-45,M,B,other,Foot,unarmed,Unarmed/Unknown,shot,False,True,AZ,Phoenix
2017-01-09,2017,1,21.0,18-25,M,B,attack,Car,gun,Armed,shot,False,False,MO,St. Louis
2017-01-10,2017,1,32.0,26-35,M,W,other,Not fleeing,knife,Armed,shot,False,False,CA,Los Angeles
2017-01-10,2017,1,23.0,18-25,M,B,attack,Not fleeing,unarmed,Unarmed/Unknown,shot and Tasered,False,False,TN,Reagan
2017-01-11,2017,1,41.0,36-45,M,W,undetermined,Not fleeing,air conditioner,Armed,shot,False,False,MN,Austin
2017-01-11,2017,1,41.0,36-45,M,O,attack,Other,gun,Armed,shot,False,False,CA,Lake Elsinore
2017-01-11,2017,1,38.0,36-45,M,H,attack,Not fleeing,gun,Armed,shot,False,False,NJ,Camden
2017-01-12,2017,1,54.0,46-55,M,W,other,Not fleeing,gun,Armed,shot,True,False,FL,Ocala
2017-01-12,2017,1,20.0,18-25,M,N,attack,Not fleeing,gun,Armed,shot,False,False,MN,Vineland
2017-01-12,2017,1,26.0,26-35,M,W,attack,Not fleeing,knife,Armed,shot,True,False,VA,Pearisburg
2017-01-13,2017,1,29.0,26-35,M,O,other,Car,vehicle,Armed,shot,False,False,HI,Kahuku
2017-01-14,2017,1,47.0,46-55,M,W,attack,Foot,gun,Armed,shot,False,False,TX,Austin
2017-01-14,2017,1,28.0,26-35,M,B,attack,Not fleeing,screwdriver,Armed,shot and Tasered,False,False,NY,New York
2017-01-15,2017,1,48.0,46-55,M,W,attack,Not fleeing,gun,Armed,shot,False,False,CA,Azusa
2017-01-15,2017,1,37.0,36-45,F,A,other,Not fleeing,knife,Armed,shot and Tasered,True,False,CA,Long Beach
2017-01-15,2017,1,34.0,26-35,M,B,attack,Foot,gun,Armed,shot,False,False,IL,Chicago
2017-01-15,2017,1,33.0,26-35,M,W,other,Foot,knife,Armed,shot and Tasered,False,True,WA,Spokane
2017-01-16,2017,1,36.0,36-45,M,W,attack,Other,gun,Armed,shot,False,False,GA,Tyrone
2017-01-16,2017,1,43.0,36-45,M,W,other,Not fleeing,pole and knife,Armed,shot,False,False,KY,Fulton
2017-01-16,2017,1,32.0,26-35,M,A,attack,Not fleeing,gun and knife,Armed,shot and Tasered,False,False,VA,Herndon
2017-01-17,2017,1,29.0,26-35,M,W,attack,Car,gun,Armed,shot,True,False,TN,Soddy-Daisy
2017-01-17,2017,1,39.0,36-45,M,H,attack,Not fleeing,gun,Armed,shot,False,False,CA,Twentynine Palms
2017-01-18,2017,1,16.0,<18,M,H,other,Not fleeing,knife,Armed,shot and Tasered,False,True,CA,Salinas
2017-01-18,2017,1,40.0,36-45,M,W,attack,Not fleeing,metal pipe,Armed,shot,False,False,OK,Watts
2017-01-18,2017,1,21.0,18-25,F,W,other,Car,vehicle,Armed,shot,False,True,TX,Dallas
2017-01-18,2017,1,50.0,46-55,M,W,other,Car,hatchet,Armed,shot,False,False,CA,Los Angeles
2017-01-18,2017,1,19.0,18-25,M,B,attack,Car,gun,Armed,shot,False,False,IN,Gary
2017-01-18,2017,1,28.0,26-35,M,N,attack,Not fleeing,gun,Armed,shot,False,False,ND,Grand Forks
2017-01-19,2017,1,25.0,18-25,M,W,attack,Not fleeing,knife,Armed,shot and Tasered,True,False,MO,Florissant
2017-01-19,2017,1,49.0,46-55,M,W,other,Not fleeing,gun,Armed,shot,True,False,VA,Woodford
2017-01-19,2017,1,44.0,36-45,M,H,attack,Foot,gun,Armed,shot,False,False,TX,Fritch
2017-01-20,2017,1,39.0,36-45,M,W,attack,Not fleeing,gun,Armed,shot,True,False,FL,Gainesville
2017-01-21,2017,1,44.0,36-45,M,B,attack,Not fleeing,gun,Armed,shot,False,False,MS,Greenville
2017-01-21,2017,1,50.0,46-55,M,W,attack,Not fleeing,knife,Armed,shot and Tasered,True,False,NV,Jean
2017-01-22,2017,1,57.0,56-65,M,W,attack,Not fleeing,gun,Armed,shot,False,False,ME,Waldoboro
2017-01-22,2017,1,57.0,56-65,M,B,attack,Not fleeing,gun,Armed,shot,False,False,PA,Pittsburgh
2017-01-22,2017,1,33.0,26-35,M,H,other,Not fleeing,gun,Armed,shot,False,False,CA,Carson
2017-01-23,2017,1,21.0,18-25,M,H,attack,Not fleeing,knife,Armed,shot,False,True,CA,Vallejo
2017-01-23,2017,1,52.0,46-55,M,W,attack,Foot,gun,Armed,shot,False,False,GA,Brooklet
2017-01-23,2017,1,27.0,26-35,M,W,attack,Not fleeing,unarmed,Unarmed/Unknown,shot,True,True,IL,Springfield
2017-01-23,2017,1,60.0,56-65,M,W,other,Not fleeing,gun,Armed,shot,True,False,DE,Wilmington
2017-01-23,2017,1,25.0,18-25,M,B,other,Not fleeing,knife,Armed,shot and Tasered,True,False,LA,Kenner
2017-01-24,2017,1,34.0,26-35,M,H,other,Not fleeing,gun,Armed,shot,False,False,CA,Atascadero
2017-01-24,2017,1,22.0,18-25,M,W,other,Car,unarmed,Unarmed/Unknown,shot,False,False,MO,Sugar Creek
2017-01-24,2017,1,26.0,26-35,M,B,attack,Car,gun,Armed,shot,False,True,LA,New Orleans
2017-01-24,2017,1,27.0,26-35,M,H,attack,Other,gun,Armed,shot,False,False,CA,Bakersfield
2017-01-24,2017,1,29.0,26-35,M,H,attack,Foot,knife,Armed,shot,True,True,NM,Las Cruces
2017-01-24,2017,1,30.0,26-35,M,W,attack,Not fleeing,unarmed,Unarmed/Unknown,shot,True,False,MI,Algoma Township
2017-01-24,2017,1,18.0,18-25,M,H,attack,Not fleeing,gun,Armed,shot and Tasered,False,False,PA,Lancaster City
2017-01-24,2017,1,32.0,26-35,M,H,attack,Car,gun,Armed,shot,False,False,ID,Kuna
2017-01-25,2017,1,37.0,36-45,M,W,attack,Car,vehicle,Armed,shot,True,False,AL,Oxford
2017-01-25,2017,1,54.0,46-55,M,B,attack,Not fleeing,gun,Armed,shot,False,False,MS,Southaven
2017-01-25,2017,1,50.0,46-55,M,W,attack,Not fleeing,gun,Armed,shot,True,True,WI,Millston
2017-01-26,2017,1,28.0,26-35,M,H,other,Car,gun,Armed,shot,False,False,NC,Charlotte
2017-01-26,2017,1,59.0,56-65,M,W,attack,Not fleeing,gun,Armed,shot,True,True,MD,Overlea
2017-01-26,2017,1,24.0,18-25,M,B,other,Car,undetermined,Unarmed/Unknown,shot,False,True,GA,Atlanta
2017-01-26,2017,1,34.0,26-35,M,W,other,Not fleeing,metal pipe,Armed,shot,False,False,OH,Madison Township
2017-01-27,2017,1,25.0,18-25,M,H,attack,Not fleeing,gun,Armed,shot,True,True,CA,Alhambra
2017-01-28,2017,1,48.0,46-55,M,W,attack,Not fleeing,toy weapon,Armed,shot,True,False,WI,Eau Claire
2017-01-28,2017,1,45.0,36-45,M,W,attack,Not fleeing,gun,Armed,shot,False,False,AZ,Apache Junction
2017-01-28,2017,1,25.0,18-25,M,H,attack,Car,gun,Armed,shot,False,False,TX,Fort Stockton
2017-01-28,2017,1,17.0,<18,M,B,attack,Not fleeing,gun,Armed,shot,False,False,WA,Des Moines
2017-01-29,2017,1,53.0,46-55,M,,attack,Not fleeing,Taser,Armed,shot,True,False,CT,Oakdale
2017-01-29,2017,1,18.0,18-25,M,H,undetermined,Foot,unarmed,Unarmed/Unknown,shot,False,False,CA,Santa Ana
2017-01-30,2017,1,50.0,46-55,M,B,other,Not fleeing,gun,Armed,shot,False,False,OK,Kiowa
2017-01-30,2017,1,36.0,36-45,M,W,other,Not fleeing,knife,Armed,shot,True,False,WA,Lynnwood
2017-01-30,2017,1,45.0,36-45,M,H,attack,Not fleeing,gun and knife,Armed,shot and Tasered,True,False,CA,Fresno
2017-01-30,2017,1,42.0,36-45,M,W,other,Not fleeing,beer bottle,Armed,shot and Tasered,False,False,CA,Modesto
2017-01-31,2017,1,,,M,B,attack,Not fleeing,knife,Armed,shot and Tasered,True,False,CA,Hollywood
2017-02-01,2017,2,23.0,18-25,M,B,attack,Car,vehicle,Armed,shot,False,False,TX,Arlington
2017-02-01,2017,2,31.0,26-35,M,B,attack,Car,vehicle,Armed,shot,False,False,CA,Highland
2017-02-02,2017,2,18.0,18-25,M,H,undetermined,Not fleeing,gun,Armed,shot,False,False,TX,Wichita Falls
2017-02-02,2017,2,26.0,26-35,M,W,other,Not fleeing,toy weapon,Armed,shot,False,False,WI,Geneva
2017-02-02,2017,2,57.0,56-65,M,W,other,Not fleeing,gun,Armed,shot,False,False,FL,Orange Park
2017-02-03,2017,2,27.0,26-35,M,H,attack,Car,gun,Armed,shot,False,False,CA,Olympic Valley
2017-02-03,2017,2,41.0,36-45,M,A,attack,Not fleeing,gun,Armed,shot,False,False,TX,Panhandle
2017-02-03,2017,2,33.0,26-35,M,W,attack,Not fleeing,gun,Armed,shot,False,True,NC,Hickory
2017-02-03,2017,2,22.0,18-25,M,B,attack,Car,gun,Armed,shot,False,False,NC,Rowland
2017-02-03,2017,2,38.0,36-45,M,W,attack,Not fleeing,gun,Armed,shot,False,False,WV,Grafton
2017-02-03,2017,2,26.0,26-35,M,H,other,Car,vehicle,Armed,shot,False,False,IL,Forest Park
2017-02-03,2017,2,45.0,36-45,M,W,other,Not fleeing,gun,Armed,shot,False,False,TX,Irving
2017-02-04,2017,2,23.0,18-25,M,H,other,Not fleeing,unarmed,Unarmed/Unknown,shot,False,False,GA,Moultrie
2017-02-04,2017,2,68.0,66+,M,B,attack,Not fleeing,gun,Armed,shot,False,False,MO,Kansas City
2017-02-04,2017,2,56.0,56-65,M,W,attack,Not fleeing,gun,Armed,shot,True,False,FL,DeLand
2017-02-05,2017,2,45.0,36-45,M,B,attack,Not fleeing,unarmed,Unarmed/Unknown,shot,True,False,CA,Fremont
2017-02-05,2017,2,41.0,36-45,M,B,attack,Not fleeing,unknown weapon,Armed,shot,True,True,OH,Englewood
2017-02-05,2017,2,33.0,26-35,M,H,other,Not fleeing,vehicle,Armed,shot,False,True,CO,Pueblo
2017-02-06,2017,2,22.0,18-25,M,B,attack,Not fleeing,toy weapon,Armed,shot,False,False,FL,Jacksonville
2017-02-06,2017,2,50.0,46-55,M,B,other,Not fleeing,gun,Armed,shot,False,False,CO,Commerce City
2017-02-06,2017,2,52.0,46-55,M,H,attack,Foot,knife,Armed,shot and Tasered,True,False,CA,Santa Monica
2017-02-07,2017,2,18.0,18-25,M,W,other,Not fleeing,piece of wood,Armed,shot and Tasered,False,False,AL,Jackson County
2017-02-07,2017,2,35.0,26-35,M,W,attack,Car,unknown weapon,Armed,shot,True,False,TN,Mt. Pleasant
2017-02-07,2017,2,18.0,18-25,M,B,other,Other,gun,Armed,shot,False,True,MD,Baltimore
2017-02-07,2017,2,34.0,26-35,M,W,attack,Not fleeing,gun,Armed,shot,False,False,OH,Howland Township
2017-02-07,2017,2,51.0,46-55,M,W,other,,vehicle,Armed,shot,False,False,KY,Richmond
2017-02-08,2017,2,29.0,26-35,M,W,other,Not fleeing,gun,Armed,shot,False,False,IN,Brookville
2017-02-08,2017,2,34.0,26-35,M,N,other,,knife,Armed,shot,False,False,OK,Anadarko
2017-02-08,2017,2,25.0,18-25,M,B,other,Foot,unarmed,Unarmed/Unknown,shot,False,False,IL,Chicago
2017-02-09,2017,2,26.0,26-35,M,W,undetermined,Not fleeing,unarmed,Unarmed/Unknown,shot and Tasered,False,False,OH,Geneva Township
2017-02-09,2017,2,33.0,26-35,M,H,other,Not fleeing,knife,Armed,shot and Tasered,True,False,WA,Lake Stevens
2017-02-09,2017,2,17.0,<18,M,B,undetermined,Foot,toy weapon,Armed,shot,False,False,OR,Portland
2017-02-09,2017,2,,,M,,undetermined,,undetermined,Unarmed/Unknown,shot,False,False,NM,Crownpoint
2017-02-10,2017,2,25.0,18-25,M,W,other,Foot,knife,Armed,shot,False,False,WA,Vancouver
2017-02-10,2017,2,31.0,26-35,M,B,other,Foot,gun,Armed,shot,False,False,TN,Nashville
2017-02-10,2017,2,25.0,18-25,M,W,other,,vehicle,Armed,shot,False,False,ME,Vassalboro
2017-02-10,2017,2,18.0,18-25,F,W,other,,unarmed,Unarmed/Unknown,shot,False,False,ME,Vassalboro
2017-02-10,2017,2,55.0,46-55,F,W,attack,Not fleeing,knife,Armed,shot and Tasered,True,False,IL,Chicago
2017-02-10,2017,2,45.0,36-45,M,W,attack,Not fleeing,gun,Armed,shot,False,False,OK,Bethany
2017-02-10,2017,2,25.0,18-25,M,B,attack,Other,gun,Armed,shot,False,True,NC,Greensboro
2017-02-10,2017,2,23.0,18-25,M,B,undetermined,Foot,gun,Armed,shot,False,False,NJ,Bridgeton
2017-02-11,2017,2,37.0,36-45,M,W,other,Not fleeing,gun,Armed,shot,False,False,SC,Greenville
2017-02-11,2017,2,33.0,26-35,M,A,other,Car,vehicle,Armed,shot,False,False,HI,Aiea
2017-02-11,2017,2,27.0,26-35,M,B,attack,Not fleeing,gun,Armed,shot,False,False,MO,Kansas City
2017-02-11,2017,2,32.0,26-35,M,W,attack,Not fleeing,metal stick,Armed,shot,True,True,KY,Louisville
2017-02-12,2017,2,,,M,,other,Other,vehicle,Armed,shot,False,False,TX,Terrell
2017-02-12,2017,2,31.0,26-35,M,B,other,Other,gun,Armed,shot,False,False,NC,Durham
2017-02-12,2017,2,26.0,26-35,M,H,other,Foot,knife,Armed,shot,True,False,CA,Santa Barbara
2017-02-13,2017,2,32.0,26-35,M,W,attack,Car,vehicle,Armed,shot,False,False,TN,Knoxville
2017-02-13,2017,2,53.0,46-55,M,W,attack,Not fleeing,gun,Armed,shot,False,False,AZ,Golden Shores
2017-02-13,2017,2,19.0,18-25,M,B,attack,Other,unarmed,Unarmed/Unknown,shot,False,False,MI,Detroit
2017-02-14,2017,2,53.0,46-55,M,W,other,Not fleeing,knife,Armed,shot,True,False,OH,Columbus
2017-02-14,2017,2,35.0,26-35,M,W,other,Other,vehicle,Armed,shot,False,False,IN,Vincennes
2017-02-14,2017,2,64.0,56-65,M,W,attack,Not fleeing,gun,Armed,shot,False,False,IN,Shelbyville
2017-02-15,2017,2,24.0,18-25,M,B,attack,Foot,gun,Armed,shot,False,False,NC,Durham
2017-02-15,2017,2,33.0,26-35,M,W,other,Not fleeing,knife,Armed,shot,False,False,MO,Cape Girardeau
2017-02-15,2017,2,55.0,46-55,M,H,attack,Not fleeing,unknown weapon,Armed,shot,False,False,CA,Newman
2017-02-16,2017,2,17.0,<18,M,B,attack,Foot,gun,Armed,shot,False,False,NY,Brooklyn
2017-02-16,2017,2,48.0,46-55,M,H,attack,Not fleeing,gun,Armed,shot,False,False,TX,San Antonio
2017-02-16,2017,2,21.0,18-25,M,B,attack,Foot,gun,Armed,shot,False,False,CA,Gardena
2017-02-16,2017,2,22.0,18-25,M,,other,Not fleeing,gun,Armed,shot,False,False,CA,Douglas City
2017-02-17,2017,2,30.0,26-35,M,W,attack,Not fleeing,unarmed,Unarmed/Unknown,shot,True,True,TX,Grand Prarie
2017-02-17,2017,2,34.0,26-35,M,W,attack,Not fleeing,knife,Armed,shot,True,False,OK,Tulsa
2017-02-17,2017,2,35.0,26-35,M,B,attack,Not fleeing,gun,Armed,shot,False,False,AK,Big Lake
2017-02-17,2017,2,32.0,26-35,M,W,attack,Not fleeing,gun,Armed,shot,False,False,CA,Oakland
2017-02-18,2017,2,22.0,18-25,M,B,other,Not fleeing,toy weapon,Armed,shot,True,False,ME,Portland
2017-02-18,2017,2,46.0,46-55,M,B,attack,Not fleeing,gun,Armed,shot,False,False,NC,Efland
2017-02-19,2017,2,27.0,26-35,M,B,attack,Not fleeing,knife,Armed,shot,False,False,OH,Kent
2017-02-19,2017,2,18.0,18-25,M,H,attack,Foot,toy weapon,Armed,shot,False,False,NY,New York
2017-02-19,2017,2,33.0,26-35,M,W,attack,Not fleeing,gun,Armed,shot,False,False,AR,Bull Shoals
2017-02-19,2017,2,26.0,26-35,M,H,attack,Not fleeing,gun,Armed,shot,False,False,AZ,Tucson
2017-02-20,2017,2,27.0,26-35,M,W,attack,Not fleeing,vehicle,Armed,shot,False,False,MO,St. Joseph
2017-02-20,2017,2,26.0,26-35,M,W,attack,Not fleeing,knife,Armed,shot and Tasered,False,False,FL,Brooksville
2017-02-21,2017,2,51.0,46-55,M,W,other,Not fleeing,gun,Armed,shot,True,False,OR,Beaverton
2017-02-21,2017,2,63.0,56-65,M,B,attack,Not fleeing,gun,Armed,shot,False,False,MO,St. Louis
2017-02-21,2017,2,38.0,36-45,M,H,attack,Not fleeing,gun,Armed,shot,False,True,UT,Roy
2017-02-21,2017,2,25.0,18-25,M,H,attack,Not fleeing,gun,Armed,shot,False,True,UT,Ogden
2017-02-21,2017,2,39.0,36-45,M,H,other,Other,gun,Armed,shot,False,False,CO,Colorado Springs
2017-02-22,2017,2,41.0,36-45,M,B,attack,Not fleeing,knife,Armed,shot,False,False,TX,Conroe
2017-02-22,2017,2,26.0,26-35,M,W,other,Not fleeing,knife,Armed,shot,True,False,WV,Princeton
2017-02-22,2017,2,30.0,26-35,F,B,other,Car,knife,Armed,shot,True,False,TX,Austin
2017-02-23,2017,2,33.0,26-35,M,H,attack,Not fleeing,gun,Armed,shot,False,False,KS,Newton
2017-02-23,2017,2,54.0,46-55,M,,attack,Not fleeing,gun,Armed,shot,False,False,OK,Fairfax
2017-02-23,2017,2,38.0,36-45,M,W,attack,Not fleeing,gun,Armed,shot,False,False,OH,Columbus
2017-02-23,2017,2,24.0,18-25,M,H,other,Foot,gun,Armed,shot,False,False,NV,Reno
2017-02-23,2017,2,47.0,46-55,M,B,attack,Foot,gun,Armed,shot,False,True,DC,Washington
2017-02-24,2017,2,62.0,56-65,M,W,attack,Not fleeing,gun,Armed,shot,False,False,PA,Reading
2017-02-24,2017,2,30.0,26-35,M,W,attack,Not fleeing,gun,Armed,shot,True,False,KY,London
2017-02-24,2017,2,33.0,26-35,F,W,attack,Car,gun,Armed,shot,False,False,TX,Lake Jackson
2017-02-25,2017,2,23.0,18-25,M,B,attack,Foot,toy weapon,Armed,shot,False,False,CA,Rocklin
2017-02-25,2017,2,39.0,36-45,M,W,attack,Car,gun,Armed,shot,False,False,GA,Lumpkin
2017-02-26,2017,2,,,M,W,other,Not fleeing,knife,Armed,shot,False,False,FL,Englewood
2017-02-26,2017,2,46.0,46-55,F,W,other,Car,vehicle,Armed,shot,False,False,CA,Ripon
2017-02-26,2017,2,36.0,36-45,M,W,other,Not fleeing,gun,Armed,shot,True,False,UT,Aragonite
2017-02-26,2017,2,66.0,66+,M,W,other,Car,gun,Armed,shot,False,False,FL,Floral City
2017-02-27,2017,2,27.0,26-35,M,W,attack,Foot,gun,Armed,shot,True,False,NC,Shelby
2017-02-27,2017,2,40.0,36-45,M,W,attack,Not fleeing,gun,Armed,shot,False,False,WI,Corning
2017-02-28,2017,2,25.0,18-25,M,B,attack,Not fleeing,gun,Armed,shot,False,False,TX,Houston
2017-02-28,2017,2,20.0,18-25,M,B,attack,Foot,gun,Armed,shot,False,False,FL,Orlando
2017-02-28,2017,2,43.0,36-45,M,,undetermined,Not fleeing,,Unknown,shot,True,False,LA,Houma
2017-03-01,2017,3,40.0,36-45,M,B,attack,Not fleeing,knife,Armed,shot,False,True,TX,Lufkin
2017-03-02,2017,3,33.0,26-35,M,W,attack,Not fleeing,unknown weapon,Armed,shot,True,False,WI,Rib Mountain
2017-03-02,2017,3,34.0,26-35,M,H,other,Not fleeing,baseball bat,Armed,shot,False,False,CA,San Marcos
2017-03-02,2017,3,27.0,26-35,M,H,attack,Not fleeing,toy weapon,Armed,shot,False,False,AZ,Phoenix
2017-03-02,2017,3,25.0,18-25,M,H,undetermined,,undetermined,Unarmed/Unknown,shot,False,False,NV,Reno
2017-03-02,2017,3,37.0,36-45,M,H,other,Not fleeing,knife,Armed,shot,True,False,NJ,Paterson
2017-03-03,2017,3,32.0,26-35,M,W,other,Not fleeing,gun,Armed,shot,True,False,CO,Englewood
2017-03-03,2017,3,25.0,18-25,M,N,attack,Not fleeing,toy weapon,Armed,shot,False,False,CA,Lemoore
2017-03-04,2017,3,38.0,36-45,M,W,attack,Car,vehicle,Armed,shot,False,True,OK,Oklahoma City
2017-03-04,2017,3,50.0,46-55,M,W,attack,Not fleeing,gun,Armed,shot,True,False,SC,Fountain Inn
2017-03-04,2017,3,70.0,66+,M,H,other,Not fleeing,pipe,Armed,shot and Tasered,False,False,CA,Los Angeles
2017-03-04,2017,3,26.0,26-35,M,W,other,Foot,metal object,Armed,shot,False,False,CA,Cabazon
2017-03-07,2017,3,,,M,W,other,Car,vehicle,Armed,shot,False,False,OH,Medina
2017-03-07,2017,3,41.0,36-45,M,B,other,Not fleeing,sharp object,Armed,shot and Tasered,False,False,CA,Ladera Heights
2017-03-08,2017,3,91.0,66+,M,W,attack,Not fleeing,gun,Armed,shot,False,False,PA,Union Township
2017-03-08,2017,3,,,M,,other,Not fleeing,knife,Armed,shot,False,False,CA,Riverside
2017-03-08,2017,3,25.0,18-25,M,W,other,Not fleeing,gun,Armed,shot,True,False,NC,Charlotte
2017-03-09,2017,3,24.0,18-25,M,H,other,,knife,Armed,shot and Tasered,True,False,CA,Santa Clara
2017-03-09,2017,3,29.0,26-35,M,W,other,Not fleeing,baseball bat and bottle,Armed,shot,True,False,CA,Huntington Beach
2017-03-10,2017,3,40.0,36-45,M,W,attack,Not fleeing,gun,Armed,shot,True,False,CA,Escondido
2017-03-11,2017,3,51.0,46-55,M,W,attack,Not fleeing,gun,Armed,shot,False,False,TX,Midlothian
2017-03-11,2017,3,30.0,26-35,M,B,attack,,gun,Armed,shot,False,False,LA,East Baton Rouge
2017-03-12,2017,3,33.0,26-35,M,H,other,Not fleeing,knife,Armed,shot and Tasered,True,False,CA,Orange
2017-03-12,2017,3,28.0,26-35,M,H,attack,Foot,knife,Armed,shot,False,True,WA,Bellingham
2017-03-13,2017,3,23.0,18-25,M,B,other,,vehicle,Armed,shot,False,True,OH,Euclid
2017-03-13,2017,3,23.0,18-25,M,W,other,Not fleeing,knife,Armed,shot,True,False,CA,Napa
2017-03-13,2017,3,20.0,18-25,M,B,other,Other,vehicle,Armed,shot,False,True,MD,Woodlawn
2017-03-14,2017,3,56.0,56-65,M,W,attack,,unarmed,Unarmed/Unknown,shot,True,False,NJ,Toms River
2017-03-14,2017,3,36.0,36-45,M,W,attack,Not fleeing,vehicle,Armed,shot,False,False,WA,Fife
2017-03-14,2017,3,18.0,18-25,M,W,attack,Not fleeing,unknown weapon,Armed,shot,False,False,CO,Westminster
2017-03-14,2017,3,43.0,36-45,M,W,attack,,gun,Armed,shot,False,False,FL,Panama City Beach
2017-03-14,2017,3,16.0,<18,F,H,other,,unarmed,Unarmed/Unknown,shot,False,False,CA,Hayward
2017-03-15,2017,3,29.0,26-35,M,B,other,Not fleeing,gun,Armed,shot,False,False,MN,St. Paul
2017-03-15,2017,3,25.0,18-25,M,W,other,Car,vehicle,Armed,shot,False,False,AZ,Phoenix
2017-03-16,2017,3,34.0,26-35,M,B,attack,Not fleeing,gun,Armed,shot,False,False,MI,Warren
2017-03-16,2017,3,32.0,26-35,M,B,other,Not fleeing,gun,Armed,shot,False,False,WI,Milwaukee
2017-03-16,2017,3,32.0,26-35,M,B,attack,Not fleeing,gun,Armed,shot and Tasered,False,False,NC,Fayetteville
2017-03-16,2017,3,58.0,56-65,M,W,attack,Not fleeing,gun,Armed,shot,True,False,FL,Deltona
2017-03-16,2017,3,36.0,36-45,M,B,attack,Not fleeing,vehicle,Armed,shot,True,True,TN,Alamo
2017-03-17,2017,3,25.0,18-25,M,W,other,Not fleeing,knife,Armed,shot,False,False,ME,Presque Isle
2017-03-17,2017,3,59.0,56-65,F,W,attack,Not fleeing,toy weapon,Armed,shot,True,False,TN,Lakeland
2017-03-17,2017,3,25.0,18-25,M,B,other,Not fleeing,knife,Armed,shot and Tasered,True,False,CA,Chico
2017-03-18,2017,3,25.0,18-25,M,W,attack,Not fleeing,gun,Armed,shot,False,False,KS,Wichita
2017-03-18,2017,3,42.0,36-45,M,W,attack,Not fleeing,gun,Armed,shot,False,False,ID,Boise
2017-03-18,2017,3,36.0,36-45,M,W,other,Car,vehicle,Armed,shot,False,False,GA,Cedartown
2017-03-19,2017,3,59.0,56-65,M,W,attack,Other,gun,Armed,shot,False,False,MO,Affton
2017-03-19,2017,3,21.0,18-25,F,B,other,Not fleeing,unarmed,Unarmed/Unknown,shot,False,False,FL,Gifford
2017-03-19,2017,3,19.0,18-25,M,W,attack,Foot,gun,Armed,shot,False,False,FL,Cape Canaveral
2017-03-19,2017,3,45.0,36-45,M,H,other,Car,gun,Armed,shot,True,False,FL,DeLand
2017-03-19,2017,3,,,M,,attack,Not fleeing,knife,Armed,shot,False,False,CA,Desert Edge
2017-03-22,2017,3,42.0,36-45,M,W,other,Not fleeing,knife,Armed,shot,False,False,KY,Booneville
2017-03-22,2017,3,27.0,26-35,M,B,attack,Not fleeing,gun,Armed,shot,False,False,LA,Crowley
2017-03-22,2017,3,45.0,36-45,M,A,attack,,gun,Armed,shot,False,False,WI,Weston
2017-03-23,2017,3,,,M,B,other,Not fleeing,machete,Armed,shot,True,False,WA,Des Moines
2017-03-23,2017,3,42.0,36-45,M,B,attack,Car,knife,Armed,shot,False,False,AR,Sheridan
2017-03-23,2017,3,24.0,18-25,M,H,attack,Not fleeing,knife,Armed,shot,False,False,AZ,Phoenix
2017-03-24,2017,3,39.0,36-45,M,B,other,Not fleeing,knife,Armed,shot,True,True,MD,Baltimore
2017-03-24,2017,3,18.0,18-25,M,W,attack,Not fleeing,gun,Armed,shot,False,False,CA,Cottonwood
2017-03-24,2017,3,26.0,26-35,M,H,other,Foot,gun,Armed,shot,False,False,TX,Cisco
2017-03-25,2017,3,35.0,26-35,M,H,other,Foot,gun,Armed,shot,False,False,CA,Los Angeles
2017-03-26,2017,3,53.0,46-55,M,W,attack,Not fleeing,gun,Armed,shot,False,False,CA,Anderson
2017-03-26,2017,3,56.0,56-65,M,W,undetermined,Not fleeing,undetermined,Unarmed/Unknown,shot,True,False,FL,Delray Beach
2017-03-26,2017,3,54.0,46-55,M,W,attack,Foot,gun,Armed,shot,False,False,AR,Little Rock
2017-03-26,2017,3,36.0,36-45,M,W,attack,Other,gun,Armed,shot,False,False,AK,Wasilla
2017-03-27,2017,3,51.0,46-55,M,W,attack,Not fleeing,gun,Armed,shot,False,False,TN,Lewisburg
2017-03-27,2017,3,45.0,36-45,M,W,attack,Car,gun,Armed,shot,False,False,MS,Columbus
2017-03-27,2017,3,28.0,26-35,M,W,other,Not fleeing,knife,Armed,shot,False,True,MD,Montgomery Village
2017-03-28,2017,3,36.0,36-45,M,W,attack,Car,gun,Armed,shot,False,False,IN,Lafayette
2017-03-28,2017,3,73.0,66+,M,W,attack,Not fleeing,gun,Armed,shot,False,False,MI,Manistee
2017-03-29,2017,3,26.0,26-35,M,W,other,Not fleeing,gun,Armed,shot,False,False,TN,Chattanooga
2017-03-29,2017,3,41.0,36-45,M,W,attack,Car,gun,Armed,shot,False,False,IL,Stockton
2017-03-29,2017,3,59.0,56-65,M,W,attack,Car,gun,Armed,shot,False,False,OK,Byars
2017-03-29,2017,3,28.0,26-35,M,B,other,Car,vehicle,Armed,shot,False,False,DE,New Castle
2017-03-29,2017,3,45.0,36-45,M,W,attack,Not fleeing,gun,Armed,shot,False,False,KY,Lawrenceburg
2017-03-29,2017,3,27.0,26-35,M,W,other,Car,vehicle,Armed,shot,False,False,TX,Whitewright
2017-03-30,2017,3,46.0,46-55,M,W,other,Car,vehicle,Armed,shot,False,False,NJ,Cranbury Township
2017-04-01,2017,4,,,M,,attack,Foot,gun,Armed,shot,False,False,FL,Cantonment
2017-04-01,2017,4,30.0,26-35,M,A,other,,knife,Armed,shot,False,False,LA,New Iberia
2017-04-03,2017,4,46.0,46-55,M,H,other,Not fleeing,vehicle,Armed,shot and Tasered,False,True,SC,Pendleton
2017-04-04,2017,4,47.0,46-55,M,H,other,Foot,unarmed,Unarmed/Unknown,shot,False,False,CA,Bakersfield
2017-04-04,2017,4,32.0,26-35,M,H,attack,Car,vehicle,Armed,shot,False,False,TX,Houston
2017-04-04,2017,4,65.0,56-65,M,W,attack,Car,gun,Armed,shot,False,False,CA,Napa
2017-04-05,2017,4,19.0,18-25,M,H,attack,Car,gun,Armed,shot,False,False,IN,Goshen
2017-04-05,2017,4,22.0,18-25,M,W,other,,vehicle,Armed,shot,False,False,AR,Little Rock
2017-04-06,2017,4,39.0,36-45,M,B,attack,Not fleeing,toy weapon,Armed,shot,True,False,OH,Westerville
2017-04-06,2017,4,38.0,36-45,M,W,attack,Not fleeing,gun,Armed,shot,True,False,OH,Madison Township
2017-04-06,2017,4,68.0,66+,M,W,attack,Not fleeing,gun,Armed,shot,False,False,FL,Bradenton
2017-04-06,2017,4,49.0,46-55,M,B,attack,Not fleeing,gun,Armed,shot,False,False,FL,Largo
2017-04-06,2017,4,37.0,36-45,M,B,attack,Not fleeing,gun,Armed,shot,False,False,NJ,Newark
2017-04-07,2017,4,33.0,26-35,M,A,attack,Car,gun,Armed,shot,False,False,SD,Kyle
2017-04-08,2017,4,25.0,18-25,M,W,other,Not fleeing,knife,Armed,shot,False,False,WI,Eau Claire
2017-04-09,2017,4,36.0,36-45,M,H,attack,Not fleeing,knife,Armed,shot,False,False,CA,Santa Paula
2017-04-09,2017,4,36.0,36-45,M,,other,Not fleeing,gun,Armed,shot,False,False,CA,Ontario
2017-04-10,2017,4,30.0,26-35,M,W,other,Not fleeing,gun,Armed,shot,False,False,OH,Cleveland
2017-04-10,2017,4,39.0,36-45,M,,other,Foot,gun,Armed,shot,False,True,TX,Houston
2017-04-12,2017,4,28.0,26-35,M,B,other,Not fleeing,gun,Armed,shot,False,False,CA,Los Angeles
2017-04-13,2017,4,28.0,26-35,M,W,other,Not fleeing,vehicle,Armed,shot,False,False,AZ,Avondale
2017-04-13,2017,4,25.0,18-25,M,W,attack,Car,gun,Armed,shot,False,False,KS,Udall
2017-04-13,2017,4,57.0,56-65,M,,undetermined,,undetermined,Unarmed/Unknown,shot,False,False,CT,Suffield
2017-04-14,2017,4,35.0,26-35,M,W,other,Car,gun,Armed,shot,False,False,WA,Spanaway
2017-04-14,2017,4,24.0,18-25,M,N,other,Not fleeing,knife,Armed,shot,False,False,ND,Mandan
2017-04-14,2017,4,,,M,,attack,Not fleeing,gun,Armed,shot,True,False,NJ,Paterson
2017-04-15,2017,4,33.0,26-35,M,B,attack,,gun,Armed,shot,False,False,AR,West Memphis
2017-04-15,2017,4,56.0,56-65,M,W,other,Not fleeing,knife,Armed,shot,False,False,CA,Newport Beach
2017-04-15,2017,4,56.0,56-65,M,W,attack,Not fleeing,gun,Armed,shot,True,False,OH,Colebrook Township
2017-04-15,2017,4,16.0,<18,M,H,undetermined,Not fleeing,undetermined,Unarmed/Unknown,shot,False,True,CA,Fresno
2017-04-16,2017,4,47.0,46-55,M,W,other,Not fleeing,gun,Armed,shot,False,False,MN,Vadnais Heights
2017-04-17,2017,4,33.0,26-35,M,W,other,Car,vehicle,Armed,shot,False,False,TN,Clarksville
2017-04-18,2017,4,32.0,26-35,M,W,attack,Car,vehicle,Armed,shot,False,False,WV,Brandywine
2017-04-19,2017,4,21.0,18-25,M,B,attack,Other,gun,Armed,shot,False,True,DE,Wilmington
2017-04-20,2017,4,64.0,56-65,M,W,attack,Not fleeing,gun,Armed,shot,False,False,OK,Logan County
2017-04-20,2017,4,19.0,18-25,M,B,attack,,gun,Armed,shot,False,False,WA,Seattle
2017-04-20,2017,4,55.0,46-55,M,H,other,,knife,Armed,shot and Tasered,False,False,TX,San Antonio
2017-04-20,2017,4,,,M,H,attack,Not fleeing,gun,Armed,shot,False,False,SC,Hardeeville
2017-04-20,2017,4,25.0,18-25,M,H,other,Car,vehicle,Armed,shot,False,False,AZ,Glendale
2017-04-20,2017,4,17.0,<18,F,W,undetermined,Car,unarmed,Unarmed/Unknown,shot,False,False,AZ,Glendale
2017-04-21,2017,4,25.0,18-25,M,W,other,Not fleeing,gun,Armed,shot,True,False,OR,West Linn
2017-04-22,2017,4,43.0,36-45,M,A,attack,Foot,hatchet and gun,Armed,shot,False,False,CA,Yuba City
2017-04-22,2017,4,39.0,36-45,M,B,other,Not fleeing,vehicle,Armed,shot,True,False,IN,Portage
2017-04-22,2017,4,24.0,18-25,M,W,other,Not fleeing,knife,Armed,shot,True,False,OH,Hamilton
2017-04-23,2017,4,70.0,66+,M,W,attack,Not fleeing,gun,Armed,shot,False,False,AZ,Prescott
2017-04-24,2017,4,15.0,<18,M,,attack,Not fleeing,gun,Armed,shot,False,False,TX,Killeen
2017-04-24,2017,4,79.0,66+,M,W,attack,Not fleeing,gun,Armed,shot,True,False,PA,Stewartstown
2017-04-24,2017,4,16.0,<18,M,B,other,Foot,gun,Armed,shot,False,True,TX,Houston
2017-04-24,2017,4,35.0,26-35,M,W,attack,Not fleeing,unarmed,Unarmed/Unknown,shot,False,False,OR,Wolf Creek
2017-04-25,2017,4,24.0,18-25,M,,other,Car,gun,Armed,shot,False,False,NJ,Newark
2017-04-25,2017,4,53.0,46-55,M,H,attack,,gun,Armed,shot,True,True,TX,Fort Worth
2017-04-25,2017,4,20.0,18-25,M,H,other,Car,vehicle,Armed,shot,False,False,CA,Bellflower
2017-04-25,2017,4,27.0,26-35,M,B,other,Not fleeing,knife,Armed,shot and Tasered,False,False,GA,Lizella
2017-04-26,2017,4,57.0,56-65,M,B,other,Not fleeing,Taser,Armed,shot and Tasered,False,False,FL,Jacksonville
2017-04-26,2017,4,53.0,46-55,M,W,undetermined,,undetermined,Unarmed/Unknown,shot,False,False,PA,Lewistown
2017-04-26,2017,4,32.0,26-35,M,W,other,Car,vehicle,Armed,shot,False,False,OH,Columbus
2017-04-27,2017,4,26.0,26-35,M,B,attack,Not fleeing,gun,Armed,shot,False,False,DE,Middletown
2017-04-27,2017,4,53.0,46-55,M,W,attack,Not fleeing,gun,Armed,shot,False,False,SD,Rapid City
2017-04-28,2017,4,32.0,26-35,M,B,attack,Not fleeing,gun,Armed,shot,False,False,GA,Atlanta
2017-04-28,2017,4,25.0,18-25,M,H,attack,Not fleeing,gun,Armed,shot,False,False,CA,San Mateo
2017-04-29,2017,4,15.0,<18,M,B,undetermined,Not fleeing,unarmed,Unarmed/Unknown,shot,False,True,TX,Balch Springs
2017-04-29,2017,4,59.0,56-65,M,W,other,Not fleeing,crossbow,Armed,shot,False,False,HI,Papaaloa
2017-04-29,2017,4,35.0,26-35,M,B,attack,Not fleeing,gun,Armed,shot,False,False,VA,Newport News
2017-04-29,2017,4,33.0,26-35,M,,attack,Not fleeing,vehicle,Armed,shot,False,False,NM,Eldorado
2017-04-30,2017,4,32.0,26-35,M,W,attack,Not fleeing,gun,Armed,shot,True,False,OK,Tom
2017-04-30,2017,4,49.0,46-55,M,W,attack,Not fleeing,gun,Armed,shot,False,False,CA,University City
2017-04-30,2017,4,46.0,46-55,M,B,attack,Not fleeing,gun,Armed,shot,False,False,MI,Detroit
2017-05-01,2017,5,25.0,18-25,M,W,attack,Not fleeing,gun,Armed,shot,False,False,TX,Conroe
2017-05-02,2017,5,48.0,46-55,M,B,attack,Not fleeing,knife,Armed,shot and Tasered,False,False,TX,Irving
2017-05-02,2017,5,20.0,18-25,M,H,other,Not fleeing,gun,Armed,shot,True,False,TX,Austin
2017-05-03,2017,5,,,M,,attack,Not fleeing,knife,Armed,shot,True,False,CA,San Jose
2017-05-03,2017,5,24.0,18-25,M,W,attack,Not fleeing,gun,Armed,shot,True,False,CA,San Jose
2017-05-03,2017,5,18.0,18-25,M,B,attack,Not fleeing,gun,Armed,shot,False,True,MI,Grand Rapids
2017-05-03,2017,5,67.0,66+,M,W,attack,Not fleeing,gun,Armed,shot,True,False,GA,Peachtree City
2017-05-03,2017,5,26.0,26-35,M,W,attack,Not fleeing,knife,Armed,shot,False,True,CA,San Francisco
2017-05-04,2017,5,54.0,46-55,F,,other,Not fleeing,gun,Armed,shot,True,False,TX,Katy
2017-05-06,2017,5,15.0,<18,M,W,attack,Not fleeing,toy weapon,Armed,shot,True,True,CA,San Diego
2017-05-07,2017,5,62.0,56-65,M,W,other,Not fleeing,ax,Armed,shot,True,False,NV,Las Vegas
2017-05-07,2017,5,24.0,18-25,M,B,attack,Foot,gun,Armed,shot,False,False,TX,Austin
2017-05-07,2017,5,27.0,26-35,M,B,undetermined,Other,undetermined,Unarmed/Unknown,shot,False,False,AL,Phenix City
2017-05-07,2017,5,26.0,26-35,M,H,attack,Foot,unarmed,Unarmed/Unknown,shot,False,False,NY,Buffalo
2017-05-08,2017,5,32.0,26-35,M,B,attack,Foot,rock,Armed,shot,True,False,CA,Rancho Cordova
2017-05-08,2017,5,29.0,26-35,M,W,attack,Not fleeing,gun,Armed,shot,False,False,CA,Los Angeles
2017-05-09,2017,5,16.0,<18,M,H,undetermined,Car,vehicle,Armed,shot,False,False,CT,Bridgeport
2017-05-09,2017,5,25.0,18-25,M,B,attack,Not fleeing,gun,Armed,shot,True,False,FL,Jacksonville
2017-05-09,2017,5,,,M,,attack,Not fleeing,gun,Armed,shot,False,False,CO,Westminster
2017-05-09,2017,5,39.0,36-45,M,W,other,Foot,unarmed,Unarmed/Unknown,shot,False,False,SC,Lexington
2017-05-09,2017,5,34.0,26-35,M,W,attack,Not fleeing,gun,Armed,shot,False,False,OH,Tiffin
2017-05-09,2017,5,36.0,36-45,M,W,attack,Not fleeing,toy weapon,Armed,shot,True,False,MI,Brighton Township
2017-05-10,2017,5,24.0,18-25,M,B,other,Foot,knife,Armed,shot,True,False,OR,Portland
2017-05-10,2017,5,50.0,46-55,F,B,attack,Not fleeing,gun,Armed,shot,False,False,MO,St. Louis
2017-05-10,2017,5,50.0,46-55,M,W,other,Car,vehicle,Armed,shot and Tasered,False,False,CA,Barona Indian Reservation
2017-05-11,2017,5,,,M,H,attack,Not fleeing,gun,Armed,shot,False,False,TX,Arlington
2017-05-12,2017,5,51.0,46-55,M,B,other,Not fleeing,knife,Armed,shot and Tasered,False,False,PA,Philadelphia
2017-05-12,2017,5,30.0,26-35,M,W,attack,Not fleeing,gun,Armed,shot,True,False,MT,Billings
2017-05-12,2017,5,35.0,26-35,M,W,undetermined,,undetermined,Unarmed/Unknown,shot,False,False,AL,Baldwin County
2017-05-12,2017,5,46.0,46-55,M,W,attack,Car,gun,Armed,shot,False,False,FL,Jupiter
2017-05-13,2017,5,37.0,36-45,M,W,attack,Foot,gun,Armed,shot,False,False,WI,West Allis
2017-05-13,2017,5,41.0,36-45,M,B,attack,,gun,Armed,shot,False,False,MO,Columbia
2017-05-14,2017,5,41.0,36-45,M,H,attack,Car,gun,Armed,shot,False,False,AZ,Kingman
2017-05-14,2017,5,48.0,46-55,M,W,attack,Not fleeing,gun,Armed,shot,True,False,VA,Pulaski
2017-05-15,2017,5,27.0,26-35,F,B,other,Not fleeing,gun,Armed,shot,False,False,AZ,Phoenix
2017-05-15,2017,5,29.0,26-35,M,B,other,Not fleeing,gun,Armed,shot,False,False,VA,Richmond
2017-05-15,2017,5,47.0,46-55,M,W,attack,Other,gun,Armed,shot,True,False,TN,Johnson City
2017-05-15,2017,5,,,M,,attack,Other,undetermined,Unarmed/Unknown,shot,False,False,CA,Long Beach
2017-05-15,2017,5,34.0,26-35,M,,attack,Foot,knife,Armed,shot,False,False,CA,Del Mar
2017-05-15,2017,5,48.0,46-55,M,W,attack,Not fleeing,crossbow,Armed,shot,False,False,OK,Wewoka
2017-05-16,2017,5,41.0,36-45,F,W,attack,Not fleeing,gun,Armed,shot,False,False,DC,Washington
2017-05-16,2017,5,25.0,18-25,M,,other,,knife,Armed,shot,False,False,AZ,Tempe
2017-05-16,2017,5,24.0,18-25,M,H,attack,Not fleeing,gun,Armed,shot,True,False,CA,Tustin
2017-05-16,2017,5,38.0,36-45,M,W,attack,Car,gun,Armed,shot,False,False,MT,Three Forks
2017-05-17,2017,5,28.0,26-35,M,W,attack,Car,vehicle,Armed,shot,False,False,VA,Arlington
2017-05-20,2017,5,47.0,46-55,M,W,other,Not fleeing,fireworks,Armed,shot,True,False,PA,Lower Mount Bethel
2017-05-20,2017,5,65.0,56-65,M,W,attack,Not fleeing,gun,Armed,shot,False,False,ME,Belgrade
2017-05-20,2017,5,58.0,56-65,M,W,attack,Not fleeing,toy weapon,Armed,shot,True,True,CA,Pleasanton
2017-05-21,2017,5,33.0,26-35,M,B,attack,Not fleeing,gun,Armed,shot,False,False,WI,Appleton
2017-05-21,2017,5,43.0,36-45,M,W,attack,Car,gun,Armed,shot,False,False,PA,Allentown
2017-05-21,2017,5,24.0,18-25,M,B,other,Not fleeing,undetermined,Unarmed/Unknown,shot,False,False,LA,Converse
2017-05-21,2017,5,37.0,36-45,M,H,attack,Not fleeing,unarmed,Unarmed/Unknown,shot,False,False,FL,Orlando
2017-05-22,2017,5,,,M,W,attack,Not fleeing,knife,Armed,shot,False,False,ID,Mountain Home
2017-05-23,2017,5,21.0,18-25,M,H,attack,Other,gun,Armed,shot and Tasered,False,False,AZ,Glendale
2017-05-23,2017,5,65.0,56-65,M,W,attack,Not fleeing,gun,Armed,shot,False,False,NV,Pahrump
2017-05-23,2017,5,59.0,56-65,M,W,other,Not fleeing,gun,Armed,shot,False,False,CA,San Francisco
2017-05-23,2017,5,74.0,66+,M,W,attack,Not fleeing,gun,Armed,shot,False,False,TN,Knoxville
2017-05-24,2017,5,24.0,18-25,M,W,attack,Not fleeing,unarmed,Unarmed/Unknown,shot,True,True,OH,Canton
2017-05-24,2017,5,,,M,H,attack,Not fleeing,gun,Armed,shot,False,False,CA,Los Angeles
2017-05-25,2017,5,23.0,18-25,M,W,attack,Car,gun,Armed,shot,False,False,AK,Fairbanks
2017-05-26,2017,5,59.0,56-65,M,H,undetermined,Not fleeing,undetermined,Unarmed/Unknown,shot,False,False,NM,San Rafael
2017-05-26,2017,5,33.0,26-35,M,,attack,Not fleeing,gun,Armed,shot,True,False,MO,St. Louis
2017-05-26,2017,5,34.0,26-35,M,W,attack,Not fleeing,toy weapon,Armed,shot,True,False,AZ,Tucson
2017-05-27,2017,5,30.0,26-35,M,W,other,Car,vehicle,Armed,shot,False,False,TN,Oneida
2017-05-27,2017,5,,,M,,attack,Not fleeing,gun,Armed,shot,False,False,GA,Austell
2017-05-28,2017,5,,,M,,attack,Car,gun,Armed,shot,False,False,FL,Miami
2017-05-28,2017,5,22.0,18-25,M,B,attack,Not fleeing,gun,Armed,shot,False,False,NC,Cary
2017-05-28,2017,5,35.0,26-35,M,,other,Not fleeing,ax,Armed,shot and Tasered,True,False,CA,San Jose
2017-05-29,2017,5,37.0,36-45,M,W,other,Not fleeing,gun,Armed,shot,False,False,ME,Arundel
2017-05-29,2017,5,20.0,18-25,M,H,attack,Car,vehicle,Armed,shot,False,True,CA,Vacaville
2017-05-29,2017,5,62.0,56-65,M,,attack,Not fleeing,gun,Armed,shot,True,False,WV,Gerrardstown
2017-05-30,2017,5,18.0,18-25,M,H,attack,Car,gun,Armed,shot,False,False,UT,Salt Lake City
2017-05-31,2017,5,24.0,18-25,M,W,attack,,vehicle,Armed,shot,False,False,CA,Hesperia
2017-05-31,2017,5,17.0,<18,M,W,other,Other,gun,Armed,shot,False,False,CO,Centennial
2017-06-01,2017,6,27.0,26-35,M,H,attack,Not fleeing,gun,Armed,shot,True,False,NV,Las Vegas
2017-06-02,2017,6,51.0,46-55,M,W,attack,Car,vehicle,Armed,shot,False,False,FL,Yulee
2017-06-02,2017,6,29.0,26-35,M,B,attack,Not fleeing,gun,Armed,shot,False,False,AL,Abbeville
2017-06-02,2017,6,34.0,26-35,M,B,undetermined,Not fleeing,undetermined,Unarmed/Unknown,shot,False,False,MS,Petal
2017-06-02,2017,6,18.0,18-25,M,A,attack,Foot,gun,Armed,shot,False,False,OK,Tulsa
2017-06-02,2017,6,17.0,<18,M,B,attack,Not fleeing,gun,Armed,shot,False,False,IL,Chicago
2017-06-02,2017,6,55.0,46-55,M,H,attack,Not fleeing,gun,Armed,shot,False,False,TX,Laredo
2017-06-03,2017,6,44.0,36-45,M,W,attack,Not fleeing,gun,Armed,shot,False,False,AZ,Avondale
2017-06-04,2017,6,27.0,26-35,M,W,attack,,gun,Armed,shot,False,False,FL,Callahan
2017-06-04,2017,6,66.0,66+,M,W,attack,Not fleeing,gun,Armed,shot,True,False,CA,Campo
2017-06-05,2017,6,45.0,36-45,M,W,attack,Car,gun,Armed,shot,False,False,KY,Bardstown
2017-06-05,2017,6,47.0,46-55,M,B,other,,gun,Armed,shot,False,False,FL,Miami
2017-06-05,2017,6,34.0,26-35,M,W,attack,Other,gun,Armed,shot,False,False,FL,Lakes Wales
2017-06-05,2017,6,37.0,36-45,M,B,other,,gun,Armed,shot,False,False,TX,San Antonio
2017-06-06,2017,6,54.0,46-55,M,W,attack,Not fleeing,gun,Armed,shot,False,False,ME,Orrington
2017-06-06,2017,6,50.0,46-55,M,,attack,Car,gun,Armed,shot,False,False,WA,Vancouver
2017-06-07,2017,6,21.0,18-25,M,H,attack,,gun,Armed,shot,False,True,CA,Fresno
2017-06-07,2017,6,21.0,18-25,M,W,attack,Not fleeing,gun,Armed,shot,False,False,MO,St. Louis
2017-06-07,2017,6,35.0,26-35,M,W,attack,Not fleeing,gun,Armed,shot,False,True,MD,Dundalk
2017-06-07,2017,6,75.0,66+,M,W,undetermined,,undetermined,Unarmed/Unknown,shot,True,False,NC,Hudson
2017-06-08,2017,6,,,F,W,attack,Not fleeing,gun,Armed,shot,False,False,CA,Long Beach
2017-06-08,2017,6,45.0,36-45,M,H,attack,Not fleeing,gun,Armed,shot,False,False,CA,Bakersfield
2017-06-08,2017,6,30.0,26-35,M,B,other,Foot,gun,Armed,shot and Tasered,False,False,PA,Philadelphia
2017-06-08,2017,6,48.0,46-55,M,W,attack,,gun,Armed,shot,False,False,CO,Loveland
2017-06-08,2017,6,58.0,56-65,M,W,attack,Not fleeing,gun,Armed,shot,True,False,OK,Roland
2017-06-09,2017,6,29.0,26-35,M,B,other,Not fleeing,knife,Armed,shot and Tasered,True,False,OK,Tulsa
2017-06-09,2017,6,44.0,36-45,M,H,attack,Car,gun,Armed,shot,False,False,IL,Lyons
2017-06-09,2017,6,82.0,66+,M,W,attack,,gun,Armed,shot,True,False,FL,Miami
2017-06-10,2017,6,,,M,,undetermined,Car,undetermined,Unarmed/Unknown,shot,False,False,WA,Auburn
2017-06-10,2017,6,53.0,46-55,M,W,other,Not fleeing,gun,Armed,shot,False,False,IA,North English
2017-06-10,2017,6,60.0,56-65,M,W,other,Not fleeing,knife,Armed,shot,True,False,TX,Abilene
2017-06-11,2017,6,19.0,18-25,M,B,other,Car,undetermined,Unarmed/Unknown,shot,False,False,WI,Milwaukee
2017-06-12,2017,6,45.0,36-45,M,H,other,Not fleeing,knife,Armed,shot and Tasered,False,False,CA,Selma
2017-06-12,2017,6,63.0,56-65,M,H,attack,Not fleeing,gun,Armed,shot,False,False,TX,Plano
2017-06-12,2017,6,50.0,46-55,M,W,attack,Not fleeing,gun,Armed,shot,False,False,KY,Trosper
2017-06-12,2017,6,35.0,26-35,M,W,other,Not fleeing,gun,Armed,shot,False,False,LA,Cade
2017-06-13,2017,6,24.0,18-25,M,W,attack,Foot,gun,Armed,shot,False,False,IL,Jerseyville
2017-06-13,2017,6,36.0,36-45,M,W,other,Not fleeing,gun,Armed,shot,False,False,NH,Hampton
2017-06-13,2017,6,35.0,26-35,M,B,other,Not fleeing,gun,Armed,shot,False,False,LA,Baton Rouge
2017-06-13,2017,6,33.0,26-35,M,B,attack,Not fleeing,gun,Armed,shot,False,False,MO,St Louis
2017-06-14,2017,6,20.0,18-25,M,A,attack,Not fleeing,pen,Armed,shot and Tasered,False,False,WA,Burien
2017-06-14,2017,6,66.0,66+,M,W,attack,Not fleeing,gun,Armed,shot,False,False,VA,Alexandria
2017-06-14,2017,6,54.0,46-55,M,W,other,Not fleeing,knife,Armed,shot,True,False,TN,Somerville
2017-06-15,2017,6,40.0,36-45,M,W,undetermined,Car,gun,Armed,shot,False,False,NH,Newton
2017-06-16,2017,6,41.0,36-45,M,W,attack,Car,gun,Armed,shot,False,False,MS,Water Valley
2017-06-16,2017,6,30.0,26-35,M,,other,Not fleeing,gun,Armed,shot,False,True,CA,Rialto
2017-06-16,2017,6,32.0,26-35,M,H,other,Not fleeing,machete,Armed,shot,True,False,CA,Madera
2017-06-16,2017,6,24.0,18-25,F,,undetermined,Car,undetermined,Unarmed/Unknown,shot,False,False,MS,Water Valley
2017-06-16,2017,6,37.0,36-45,M,W,other,Foot,gun,Armed,shot,False,False,CA,Antioch
2017-06-17,2017,6,28.0,26-35,F,,other,Not fleeing,vehicle,Armed,shot,False,False,CA,Montebello
2017-06-17,2017,6,48.0,46-55,M,,attack,Not fleeing,gun,Armed,shot,False,False,SD,Rapid City
2017-06-18,2017,6,30.0,26-35,F,B,other,Not fleeing,knife,Armed,shot,True,False,WA,Seattle
2017-06-18,2017,6,64.0,56-65,M,W,other,Not fleeing,gun,Armed,shot,True,False,WI,Waukesha
2017-06-19,2017,6,21.0,18-25,M,N,attack,Foot,gun,Armed,shot,True,False,AK,Fairbanks
2017-06-19,2017,6,28.0,26-35,M,W,other,Not fleeing,gun,Armed,shot,False,False,TX,Dallas
2017-06-20,2017,6,,,M,,other,Not fleeing,knife,Armed,shot and Tasered,False,False,NV,Las Vegas
2017-06-20,2017,6,,,M,,attack,Other,toy weapon,Armed,shot,False,False,CA,South Gate
2017-06-20,2017,6,40.0,36-45,M,W,attack,Car,gun,Armed,shot,False,False,TN,Franklin
2017-06-20,2017,6,32.0,26-35,M,W,attack,Other,gun,Armed,shot,True,False,OH,St. Clair Township
2017-06-20,2017,6,50.0,46-55,M,W,other,Not fleeing,gun,Armed,shot,True,False,KS,Lehigh
2017-06-21,2017,6,33.0,26-35,M,W,undetermined,Car,vehicle,Armed,shot,False,False,MO,Nevada
2017-06-21,2017,6,37.0,36-45,M,,other,Not fleeing,knife,Armed,shot,False,False,OK,Millerton
2017-06-22,2017,6,17.0,<18,M,H,other,Not fleeing,unarmed,Unarmed/Unknown,shot,False,False,CA,Palmdale
2017-06-23,2017,6,20.0,18-25,M,,attack,Not fleeing,gun,Armed,shot,False,False,CA,Hollywood Hills
2017-06-23,2017,6,34.0,26-35,M,H,attack,Car,vehicle,Armed,shot,False,False,AZ,Phoenix
2017-06-24,2017,6,37.0,36-45,M,W,attack,Car,gun,Armed,shot,True,False,OR,Florence
2017-06-24,2017,6,,,M,,undetermined,Not fleeing,undetermined,Unarmed/Unknown,shot,False,False,AL,Deer Park
2017-06-24,2017,6,47.0,46-55,M,W,attack,Foot,gun,Armed,shot,False,False,OK,Tulsa
2017-06-24,2017,6,20.0,18-25,M,B,other,Car,vehicle,Armed,shot,False,False,WA,Kent
2017-06-25,2017,6,56.0,56-65,M,B,undetermined,Foot,gun,Armed,shot,False,False,SC,North Charleston
2017-06-25,2017,6,24.0,18-25,M,B,attack,Not fleeing,gun,Armed,shot,False,True,OK,Oklahoma City
2017-06-25,2017,6,47.0,46-55,M,W,attack,Not fleeing,gun,Armed,shot,False,False,AZ,Phoenix
2017-06-25,2017,6,,,M,,attack,Not fleeing,gun,Armed,shot,False,False,NV,Las Vegas
2017-06-26,2017,6,36.0,36-45,M,,attack,Not fleeing,gun,Armed,shot,True,False,NM,Rowe
2017-06-27,2017,6,35.0,26-35,M,,attack,Foot,gun,Armed,shot and Tasered,False,False,TX,Amarillo
2017-06-28,2017,6,,,M,,attack,Not fleeing,gun,Armed,shot,True,True,CA,Los Angeles
2017-06-28,2017,6,37.0,36-45,M,B,attack,Not fleeing,screwdriver,Armed,shot,False,False,TN,Nashville
2017-06-29,2017,6,45.0,36-45,M,B,other,Car,unarmed,Unarmed/Unknown,shot,False,False,IN,Indianapolis
2017-06-29,2017,6,,,M,,undetermined,Not fleeing,undetermined,Unarmed/Unknown,shot,False,False,CA,Burbank
2017-06-29,2017,6,23.0,18-25,M,,other,Not fleeing,vehicle,Armed,shot,False,False,GA,Marietta
2017-06-29,2017,6,37.0,36-45,M,,other,Not fleeing,Taser,Armed,shot,False,False,FL,Deltona
2017-06-30,2017,6,,,F,,attack,Car,gun,Armed,shot,False,False,CO,Denver
2017-06-30,2017,6,23.0,18-25,M,,attack,Foot,undetermined,Unarmed/Unknown,shot,False,False,CO,Loveland
2017-06-30,2017,6,33.0,26-35,M,H,other,Foot,gun,Armed,shot,False,False,CO,Westminster
2017-07-01,2017,7,23.0,18-25,M,H,other,Not fleeing,gun,Armed,shot,False,True,AZ,Glendale
2017-07-01,2017,7,37.0,36-45,M,B,other,Not fleeing,gun,Armed,shot,False,True,IL,Lawndale
2017-07-01,2017,7,19.0,18-25,M,,undetermined,,unknown weapon,Armed,shot,False,True,CO,Fort Collins
2017-07-02,2017,7,,,M,,attack,Not fleeing,gun,Armed,shot,False,False,VA,Norfolk
2017-07-03,2017,7,53.0,46-55,M,,other,Not fleeing,gun,Armed,shot,False,True,WA,Spokane
2017-07-03,2017,7,,,M,,attack,Not fleeing,gun,Armed,shot,True,False,IN,Fishers
2017-07-03,2017,7,,,M,,attack,Foot,gun,Armed,shot,False,False,OR,Portland
2017-07-03,2017,7,45.0,36-45,M,,undetermined,Not fleeing,gun,Armed,shot,False,False,GA,Bonaire
2017-07-04,2017,7,,,M,,undetermined,Not fleeing,gun,Armed,shot,False,False,CO,Federal Heights
2017-07-04,2017,7,28.0,26-35,M,,undetermined,Other,gun,Armed,shot,False,False,NM,Albuquerque
2017-07-04,2017,7,36.0,36-45,M,B,attack,Not fleeing,knife,Armed,shot,False,False,OH,Vandalia
2017-07-04,2017,7,32.0,26-35,M,,undetermined,Car,vehicle,Armed,shot,True,False,UT,Centerville
2017-07-04,2017,7,39.0,36-45,M,,attack,Not fleeing,gun,Armed,shot,True,False,IL,Belleville
2017-07-04,2017,7,46.0,46-55,M,,other,Not fleeing,gun,Armed,shot,False,False,WA,Richland
2017-07-05,2017,7,34.0,26-35,M,B,attack,Foot,gun,Armed,shot,False,False,NY,New York
2017-07-05,2017,7,29.0,26-35,F,W,attack,Foot,gun,Armed,shot,False,True,IA,Des Moines
2017-07-05,2017,7,53.0,46-55,M,,undetermined,Not fleeing,undetermined,Unarmed/Unknown,shot,False,False,IL,Maeystown
2017-07-05,2017,7,45.0,36-45,M,W,attack,Not fleeing,gun,Armed,shot,False,False,OK,Sallisaw
2017-07-05,2017,7,24.0,18-25,M,H,undetermined,Foot,undetermined,Unarmed/Unknown,shot,False,False,CA,Vista
2017-07-05,2017,7,51.0,46-55,M,W,attack,,gun,Armed,shot,False,False,ME,Madison
2017-07-06,2017,7,35.0,26-35,M,,other,Car,vehicle,Armed,shot,False,False,FL,Plant City
2017-07-06,2017,7,27.0,26-35,M,,undetermined,,undetermined,Unarmed/Unknown,shot,False,False,LA,Mamou
2017-07-07,2017,7,33.0,26-35,M,B,undetermined,Not fleeing,,Unknown,shot,True,False,GA,Marietta
2017-07-07,2017,7,,,M,,attack,Car,gun,Armed,shot,False,False,AL,Huntsville
2017-07-07,2017,7,30.0,26-35,M,,undetermined,Not fleeing,gun,Armed,shot,False,True,OH,Columbus
2017-07-08,2017,7,22.0,18-25,M,,other,Not fleeing,knife,Armed,shot,True,False,WA,Lacey
2017-07-08,2017,7,,,M,,other,Not fleeing,knife,Armed,shot,True,False,FL,Crescent City
2017-07-08,2017,7,50.0,46-55,F,W,attack,Not fleeing,gun,Armed,shot,False,False,NC,Newton Grove
2017-07-09,2017,7,28.0,26-35,M,,attack,Not fleeing,gun,Armed,shot,False,False,OH,Uniontown
2017-07-09,2017,7,34.0,26-35,M,,attack,Not fleeing,gun,Armed,shot,False,False,WA,Bainbridge Island
2017-07-09,2017,7,24.0,18-25,M,,attack,Foot,gun,Armed,shot,False,False,IL,Chicago
2017-07-09,2017,7,54.0,46-55,M,,attack,Not fleeing,gun,Armed,shot,False,False,OH,Akron
2017-07-10,2017,7,26.0,26-35,M,,attack,Not fleeing,vehicle,Armed,shot,False,False,MD,Mt Airy
2017-07-10,2017,7,39.0,36-45,M,,attack,Car,gun,Armed,shot,False,False,MN,North Branch
2017-07-11,2017,7,34.0,26-35,M,W,other,Car,gun,Armed,shot,True,False,WI,Milwaukee
2017-07-11,2017,7,27.0,26-35,M,,undetermined,,knife,Armed,shot,True,True,NV,Las Vegas
2017-07-11,2017,7,48.0,46-55,M,,other,Not fleeing,gun,Armed,shot,False,False,MO,Poplar Bluff
2017-07-11,2017,7,47.0,46-55,M,B,undetermined,Not fleeing,undetermined,Unarmed/Unknown,shot,False,False,KS,Leavenworth
2017-07-11,2017,7,,,M,,attack,Foot,gun,Armed,shot,False,False,AZ,Golden Valley
2017-07-12,2017,7,33.0,26-35,M,,attack,Not fleeing,gun,Armed,shot,False,False,OK,Oklahoma City
2017-07-12,2017,7,40.0,36-45,M,,undetermined,,,Unknown,shot,False,False,SC,Lake View
2017-07-12,2017,7,,,M,,other,Not fleeing,blunt object,Armed,shot,False,False,CA,Grover Beach
2017-07-13,2017,7,55.0,46-55,M,W,undetermined,,gun,Armed,shot,False,False,AZ,Pima
2017-07-13,2017,7,56.0,56-65,M,,other,Not fleeing,knife,Armed,shot,True,False,FL,Crystal Springs
2017-07-13,2017,7,42.0,36-45,M,,attack,Not fleeing,knife,Armed,shot,False,False,AZ,Goodyear
2017-07-14,2017,7,34.0,26-35,M,,attack,Not fleeing,gun,Armed,shot,False,True,SC,Greenville
2017-07-15,2017,7,29.0,26-35,M,,undetermined,Foot,undetermined,Unarmed/Unknown,shot,False,False,CA,Los Angeles
2017-07-15,2017,7,40.0,36-45,F,W,undetermined,Not fleeing,unarmed,Unarmed/Unknown,shot,False,False,MN,Minneapolis
2017-07-15,2017,7,23.0,18-25,M,,other,Not fleeing,gun,Armed,shot,True,False,CA,Moreno Valley
2017-07-15,2017,7,,,M,,attack,Foot,gun,Armed,shot,False,False,TX,Arlington
2017-07-17,2017,7,25.0,18-25,F,,attack,Not fleeing,gun,Armed,shot,False,False,VA,Norfolk
2017-07-17,2017,7,52.0,46-55,M,,attack,Not fleeing,gun,Armed,shot,False,False,NM,Las Cruces
2017-07-17,2017,7,43.0,36-45,M,,attack,Car,gun,Armed,shot,False,False,VA,Culpeper
2017-07-17,2017,7,37.0,36-45,M,H,attack,Not fleeing,gun,Armed,shot,False,False,TX,San Antonio
2017-07-18,2017,7,32.0,26-35,M,W,attack,Not fleeing,gun,Armed,shot,False,False,AL,Clay
2017-07-18,2017,7,70.0,66+,M,,other,Not fleeing,gun,Armed,shot,True,False,OR,Springfield
2017-07-18,2017,7,36.0,36-45,M,,other,Not fleeing,gun,Armed,shot,False,False,AZ,Eagar
2017-07-19,2017,7,24.0,18-25,M,,attack,Not fleeing,gun,Armed,shot,False,False,CA,Fair Oaks
2017-07-19,2017,7,24.0,18-25,M,,other,Not fleeing,knife,Armed,shot,False,False,NM,Santa Fe
2017-07-19,2017,7,38.0,36-45,M,,attack,Not fleeing,unarmed,Unarmed/Unknown,shot,False,False,MI,Saginaw
2017-07-20,2017,7,52.0,46-55,M,W,attack,Not fleeing,gun,Armed,shot,False,False,MO,Neosho
2017-07-20,2017,7,27.0,26-35,M,B,attack,Car,gun,Armed,shot,False,False,MO,St. Louis
2017-07-21,2017,7,22.0,18-25,M,,other,Not fleeing,knife,Armed,shot,False,False,CA,Santa Ana
2017-07-21,2017,7,42.0,36-45,M,,attack,Foot,gun,Armed,shot,False,False,TX,Mission
2017-07-23,2017,7,49.0,46-55,M,W,attack,Car,toy weapon,Armed,shot,False,False,MA,Spencer
2017-07-23,2017,7,59.0,56-65,M,W,attack,Not fleeing,gun,Armed,shot,True,False,WI,Eau Claire
2017-07-23,2017,7,41.0,36-45,M,H,attack,Not fleeing,gun,Armed,shot,False,False,MS,Southaven
2017-07-23,2017,7,34.0,26-35,M,W,attack,Not fleeing,knife,Armed,shot,False,True,CA,Chico
2017-07-24,2017,7,31.0,26-35,M,W,attack,Car,gun,Armed,shot,True,False,MO,St. Louis
2017-07-25,2017,7,23.0,18-25,M,W,other,Foot,ax,Armed,shot,True,False,VA,Richmond
2017-07-25,2017,7,28.0,26-35,M,W,attack,Car,gun,Armed,shot,False,False,FL,Jacksonville
2017-07-25,2017,7,33.0,26-35,M,,attack,Not fleeing,gun,Armed,shot,True,False,AZ,Avondale
2017-07-25,2017,7,16.0,<18,M,B,undetermined,Not fleeing,undetermined,Unarmed/Unknown,shot,False,False,AR,Marion
2017-07-26,2017,7,35.0,26-35,M,,attack,Other,gun,Armed,shot,False,False,AZ,Phoenix
2017-07-26,2017,7,,,M,,attack,Not fleeing,gun,Armed,shot,False,False,TX,San Antonio
2017-07-26,2017,7,62.0,56-65,F,,attack,Not fleeing,knife,Armed,shot,True,False,FL,Vero Beach
2017-07-26,2017,7,25.0,18-25,M,B,attack,Car,vehicle,Armed,shot,False,False,OH,Dayton
2017-07-27,2017,7,46.0,46-55,M,,other,Not fleeing,gun,Armed,shot,False,False,CA,Los Angeles
2017-07-27,2017,7,39.0,36-45,M,B,attack,Car,gun,Armed,shot,False,False,LA,Homer
2017-07-27,2017,7,25.0,18-25,M,,attack,Not fleeing,blunt object,Armed,shot,False,False,CA,Avenal
2017-07-27,2017,7,31.0,26-35,M,,other,Not fleeing,knife,Armed,shot,False,False,WA,Wenatchee
2017-07-27,2017,7,,,M,H,attack,Not fleeing,knife,Armed,shot,False,False,CA,Chowchilla
2017-07-28,2017,7,32.0,26-35,M,,other,Not fleeing,knife,Armed,shot,True,False,NY,Glenville
2017-07-28,2017,7,31.0,26-35,M,,attack,Not fleeing,gun,Armed,shot,False,False,MO,Kansas City
2017-07-28,2017,7,,,M,,attack,Car,vehicle,Armed,shot,False,False,NM,Albuquerque
2017-07-29,2017,7,48.0,46-55,M,,attack,Car,gun,Armed,shot,False,False,ID,Melba
2017-07-31,2017,7,28.0,26-35,M,B,attack,Car,vehicle,Armed,shot,False,True,WI,Oshkosh
2017-07-31,2017,7,32.0,26-35,M,B,attack,Not fleeing,knife,Armed,shot,True,False,NY,Brooklyn
